Date,display_phone_number,phone_number_id,waba_id,contact_wa_id,new_status,message_timestamp,error_code,error_message,contact_name,message_from,message_type,message_body
2025-06-04 16:00:23,919990493933,604345419439317,wamid.HBgMOTE3MDUzMjM0ODk4FQIAERgSQUNFNDNFRDAyREZGNkQwMzhCAA==,917053234898,failed,1749033021,131026,Message undeliverable,,,,
2025-06-04 16:00:31,919990493933,604345419439317,wamid.HBgMOTE3Mjg5MDY0MTkyFQIAERgSM0VDMDIwNDA4QjZCRTExM0JFAA==,917289064192,failed,1749033020,131048,Spam Rate limit hit,,,,
2025-06-04 16:00:20,919990493933,604345419439317,wamid.HBgMOTE3NTMxODM3NTU4FQIAERgSNUU0NDExRDg0QUQ3NkRFQTg5AA==,917531837558,failed,1749033019,131026,Message undeliverable,,,,
2025-06-04 16:00:22,919990493933,604345419439317,wamid.HBgMOTE3NTMyMDE4MjA4FQIAERgSQUUyM0U1NUMzODE5RUJFNUI2AA==,917532018208,failed,1749033019,131026,Message undeliverable,,,,
2025-06-04 16:00:21,919990493933,604345419439317,wamid.HBgMOTE3NjgzMDcwMDU5FQIAERgSN0Y5OTExODVCNzJFODdCOEE2AA==,917683070059,failed,1749033019,131026,Message undeliverable,,,,
2025-06-04 16:00:20,919990493933,604345419439317,wamid.HBgMOTE3NzAxODgwMDY3FQIAERgSQUYxQUMxQTI4NTUwN0I5MDhFAA==,917701880067,failed,1749033019,131026,Message undeliverable,,,,
2025-06-04 16:00:21,919990493933,604345419439317,wamid.HBgMOTE3NzAxOTA4Mzk0FQIAERgSOUI0REIyMDMyRjFGMTQ2RUEyAA==,917701908394,failed,1749033019,131026,Message undeliverable,,,,
2025-06-04 16:00:37,919990493933,604345419439317,wamid.HBgMOTE3ODM4MDM5Nzk4FQIAERgSNDgzNzk3NTFCQjQwNkU2NkE3AA==,917838039798,failed,1749033020,131048,Spam Rate limit hit,,,,
2025-06-04 16:00:20,919990493933,604345419439317,wamid.HBgMOTE3ODM4NTcwOTk0FQIAERgSN0U5QzI0MzI4QzMxRjBCQ0IwAA==,917838570994,failed,1749033019,131026,Message undeliverable,,,,
2025-06-04 16:00:40,919990493933,604345419439317,wamid.HBgMOTE3ODQwOTQyODUwFQIAERgSM0RFNzY1NEM2OEU5QTUyRUZEAA==,917840942850,failed,1749033020,131048,Spam Rate limit hit,,,,
2025-06-04 16:00:21,919990493933,604345419439317,wamid.HBgMOTE4MDU3ODA4MDMxFQIAERgSNENFMTYzRUNFQjNCMTg3RkVCAA==,918057808031,failed,1749033019,131049,This message was not delivered to maintain healthy ecosystem engagement.,,,,
2025-06-04 16:00:21,919990493933,604345419439317,wamid.HBgMOTE4MTMwOTk3NjMyFQIAERgSMTZERjExMkJGQkY1MzFBNjc3AA==,918130997632,failed,1749033019,131026,Message undeliverable,,,,
2025-06-04 16:00:33,919990493933,604345419439317,wamid.HBgMOTE4Mjg1MDc3MjYyFQIAERgSMTk2ODUyMUE5QzRFNUU0QjNBAA==,918285077262,failed,1749033020,131049,This message was not delivered to maintain healthy ecosystem engagement.,,,,
2025-06-04 16:00:25,919990493933,604345419439317,wamid.HBgMOTE4Mjg1MTg3MjAwFQIAERgSNEU2NEFGMDg1RkFGM0E3MDdGAA==,918285187200,failed,1749033020,131048,Spam Rate limit hit,,,,
2025-06-04 16:00:24,919990493933,604345419439317,wamid.HBgMOTE4NDU5NDk0ODczFQIAERgSNkNCOEZFMzkwMDEzN0E0MDZEAA==,918459494873,failed,1749033020,130472,User's number is part of an experiment,,,,
2025-06-04 16:00:21,919990493933,604345419439317,wamid.HBgMOTE4NDU5NzU4MjYxFQIAERgSQTdFNDZENEIwRDY3NDQyNTU3AA==,918459758261,failed,1749033019,131026,Message undeliverable,,,,
2025-06-04 16:00:26,919990493933,604345419439317,wamid.HBgMOTE4NDcwODE5NDY0FQIAERgSMEZCNjk3RDZDMjQ3MjY5MkY3AA==,918470819464,failed,1749033021,131048,Spam Rate limit hit,,,,
2025-06-04 16:00:22,919990493933,604345419439317,wamid.HBgMOTE4NTA1OTI1Mjk4FQIAERgSNENBMEQ4MEM5NENCOTdDQjU1AA==,918505925298,failed,1749033020,131048,Spam Rate limit hit,,,,
2025-06-04 16:00:25,919990493933,604345419439317,wamid.HBgMOTE4NTA1OTMzNjczFQIAERgSRDAzMzY5RDhBOERGNTY5MTQxAA==,918505933673,failed,1749033021,131048,Spam Rate limit hit,,,,
2025-06-04 16:00:36,919990493933,604345419439317,wamid.HBgMOTE4NTA2ODk0MzQ1FQIAERgSNjExMDk5MzI1NDc4MTM1OUYzAA==,918506894345,failed,1749033020,131048,Spam Rate limit hit,,,,
2025-06-04 16:00:23,919990493933,604345419439317,wamid.HBgMOTE4NTEwODgxMTM4FQIAERgSMUUwQUIwRkM3QkQyRDBEMjZGAA==,918510881138,failed,1749033021,131048,Spam Rate limit hit,,,,
2025-06-04 16:00:24,919990493933,604345419439317,wamid.HBgMOTE4NTI3ODI5NDMyFQIAERgSOUJEQkRCQjEwQjBENzkwNDE0AA==,918527829432,failed,1749033021,131049,This message was not delivered to maintain healthy ecosystem engagement.,,,,
2025-06-04 16:00:24,919990493933,604345419439317,wamid.HBgMOTE4NTg3MDA1ODgxFQIAERgSNjgxOUJBNUMzRTUwRjdCNTQ4AA==,918587005881,failed,1749033021,131049,This message was not delivered to maintain healthy ecosystem engagement.,,,,
2025-06-04 16:00:42,919990493933,604345419439317,wamid.HBgMOTE4NTg4OTQ2NTQ0FQIAERgSNzE3OThGMTIxN0M2NkYyRDBDAA==,918588946544,failed,1749033020,131048,Spam Rate limit hit,,,,
2025-06-04 16:00:27,919990493933,604345419439317,wamid.HBgMOTE4NzQzMDYyNjYyFQIAERgSQjI4NkRGQTVGNDdFMkM5Qjc4AA==,918743062662,failed,1749033020,131048,Spam Rate limit hit,,,,
2025-06-04 16:00:28,919990493933,604345419439317,wamid.HBgMOTE4NzQ0OTkwNDc1FQIAERgSQkQ4QUUwODIyNEU0QTkxRjkzAA==,918744990475,failed,1749033020,131048,Spam Rate limit hit,,,,
2025-06-04 16:00:43,919990493933,604345419439317,wamid.HBgMOTE4NzUwMDkxNDA4FQIAERgSOEI5MEEzRDg1Rjg1NkVDQzJDAA==,918750091408,failed,1749033020,131048,Spam Rate limit hit,,,,
2025-06-04 16:00:22,919990493933,604345419439317,wamid.HBgMOTE4NzUwNDI5NzMwFQIAERgSMEY1OEIzQUY3NkY4NzUyRTU3AA==,918750429730,failed,1749033021,131026,Message undeliverable,,,,
2025-06-04 16:00:24,919990493933,604345419439317,wamid.HBgMOTE4NzUwNzMxMDgzFQIAERgSMTZBOTlFRDA2Qjg2QkNDMjBDAA==,918750731083,failed,1749033022,131048,Spam Rate limit hit,,,,
2025-06-04 16:00:21,919990493933,604345419439317,wamid.HBgMOTE4ODAwMTEyOTc5FQIAERgSRjc4QUFCOEY5NkQ3QjQwRjI0AA==,918800112979,failed,1749033020,131048,Spam Rate limit hit,,,,
2025-06-04 16:00:22,919990493933,604345419439317,wamid.HBgMOTE4ODAwMTM0MDM0FQIAERgSRUZFODBDNDkzMERCREFBMTY3AA==,918800134034,failed,1749033019,131048,Spam Rate limit hit,,,,
2025-06-04 16:00:31,919990493933,604345419439317,wamid.HBgMOTE4ODAyMTE5Mjk3FQIAERgSQkM1MDI0ODY2Q0VFM0VFM0ZCAA==,918802119297,failed,1749033020,131048,Spam Rate limit hit,,,,
2025-06-04 16:00:27,919990493933,604345419439317,wamid.HBgMOTE4ODAyODYwMjkxFQIAERgSN0EwQjYyMTNEMzgwNDA2RUU5AA==,918802860291,failed,1749033021,131048,Spam Rate limit hit,,,,
2025-06-04 16:00:34,919990493933,604345419439317,wamid.HBgMOTE4ODI2MTY4NzU1FQIAERgSMTgxQzJCMkMzOTdEMjRCOUZFAA==,918826168755,failed,1749033020,131048,Spam Rate limit hit,,,,
2025-06-04 16:00:32,919990493933,604345419439317,wamid.HBgMOTE4ODI2MzkyNjY3FQIAERgSNTc1NkE1NzdENTBCQ0E5RkZCAA==,918826392667,failed,1749033020,131048,Spam Rate limit hit,,,,
2025-06-04 16:00:40,919990493933,604345419439317,wamid.HBgMOTE4ODYwNjIyNDM4FQIAERgSRDg5RUE0REUyRTY4NTc1ODMzAA==,918860622438,failed,1749033020,131048,Spam Rate limit hit,,,,
2025-06-04 16:00:28,919990493933,604345419439317,wamid.HBgMOTE4ODYwNzA2MDAwFQIAERgSOUFFM0JEMUIwNUM2QkNCMjY4AA==,918860706000,failed,1749033022,131048,Spam Rate limit hit,,,,
2025-06-04 16:00:23,919990493933,604345419439317,wamid.HBgMOTE4OTI5NTY1NzI1FQIAERgSRjI4RkE0QzEwQTVBOTczQUJBAA==,918929565725,failed,1749033019,131048,Spam Rate limit hit,,,,
2025-06-04 16:00:24,919990493933,604345419439317,wamid.HBgMOTE5MDkzMTYwMzg3FQIAERgSQkJEMjU3QjY3NkQ3QUEzNDFFAA==,919093160387,failed,1749033019,131049,This message was not delivered to maintain healthy ecosystem engagement.,,,,
2025-06-04 16:00:23,919990493933,604345419439317,wamid.HBgMOTE5MjA1NDc0MTY2FQIAERgSMzNGNzhFQ0IwNkNBNDhFRDhDAA==,919205474166,failed,1749033021,131048,Spam Rate limit hit,,,,
2025-06-04 16:00:44,919990493933,604345419439317,wamid.HBgMOTE5MjA1NTE2MjgxFQIAERgSRUE0NzMwNTFEODYyOEIzQjYxAA==,919205516281,failed,1749033020,131048,Spam Rate limit hit,,,,
2025-06-04 16:00:26,919990493933,604345419439317,wamid.HBgMOTE5MjEyMTk4MDk2FQIAERgSMzQ1NTFGRjlDRTE3NzI0MkMxAA==,919212198096,failed,1749033020,131049,This message was not delivered to maintain healthy ecosystem engagement.,,,,
2025-06-04 16:00:23,919990493933,604345419439317,wamid.HBgMOTE5MjEzNDY5NTg1FQIAERgSMUYwMzUwODA3NkRGRTg5NUExAA==,919213469585,failed,1749033020,131048,Spam Rate limit hit,,,,
2025-06-04 16:00:41,919990493933,604345419439317,wamid.HBgMOTE5MjUwOTA5MDcxFQIAERgSM0Q4QTQyNzgzQ0UyMEQxM0Y3AA==,919250909071,failed,1749033020,131048,Spam Rate limit hit,,,,
2025-06-04 16:00:23,919990493933,604345419439317,wamid.HBgMOTE5MjUwOTQwODk4FQIAERgSN0YxNkI2QTkzNEQzRkUxMThEAA==,919250940898,failed,1749033019,131049,This message was not delivered to maintain healthy ecosystem engagement.,,,,
2025-06-04 16:00:35,919990493933,604345419439317,wamid.HBgMOTE5Mjc4NzY4OTEzFQIAERgSMjkwMTRFRkRDREU4QkZGNzU1AA==,919278768913,failed,1749033020,131048,Spam Rate limit hit,,,,
2025-06-04 16:00:24,919990493933,604345419439317,wamid.HBgMOTE5MzExMzk5NzcyFQIAERgSNDRDRUVCRDhCNzZGNjk2NEMyAA==,919311399772,failed,1749033021,131048,Spam Rate limit hit,,,,
2025-06-04 16:00:27,919990493933,604345419439317,wamid.HBgMOTE5MzEyMjQyMzIxFQIAERgSMDk5MzM0Njg2M0FCODZFQzM2AA==,919312242321,failed,1749033021,131048,Spam Rate limit hit,,,,
2025-06-04 16:00:27,919990493933,604345419439317,wamid.HBgMOTE5MzEyOTMwOTk1FQIAERgSOTgwOUNBODUwNDExRTQ1NkE1AA==,919312930995,failed,1749033020,131048,Spam Rate limit hit,,,,
2025-06-04 16:00:44,919990493933,604345419439317,wamid.HBgMOTE5MzUwNTc5NTEwFQIAERgSRDU0MTA1RjRERTc2QkE4NUNCAA==,919350579510,failed,1749033020,131048,Spam Rate limit hit,,,,
2025-06-04 16:00:23,919990493933,604345419439317,wamid.HBgMOTE5NTQwNDA0NDg4FQIAERgSOTk4QTE0RTYxRkNFNEVEREMxAA==,919540404488,failed,1749033021,131048,Spam Rate limit hit,,,,
2025-06-04 16:00:20,919990493933,604345419439317,wamid.HBgMOTE5NTYwNjY1NjEyFQIAERgSNEJEQkYzM0JDQjI4OERGODNGAA==,919560665612,failed,1749033019,131026,Message undeliverable,,,,
2025-06-04 16:00:26,919990493933,604345419439317,wamid.HBgMOTE5NTgyMDQwMzE4FQIAERgSQkY1MUI0RjBFMDk1QjNGOUY1AA==,919582040318,failed,1749033021,131048,Spam Rate limit hit,,,,
2025-06-04 16:00:22,919990493933,604345419439317,wamid.HBgMOTE5NTgyMTE1MDg3FQIAERgSNzQyOURGRkE0Nzg3QTc4OUFDAA==,919582115087,failed,1749033021,131026,Message undeliverable,,,,
2025-06-04 16:00:21,919990493933,604345419439317,wamid.HBgMOTE5NTgyNTkxMTUyFQIAERgSRDEzMjZDOTk5MjIzQkYyMTg1AA==,919582591152,failed,1749033019,131026,Message undeliverable,,,,
2025-06-04 16:00:31,919990493933,604345419439317,wamid.HBgMOTE5NjUwNTM3MzQ1FQIAERgSRDFDRTQ3OTY3MjQyNDNEMjNEAA==,919650537345,failed,1749033020,131048,Spam Rate limit hit,,,,
2025-06-04 16:00:42,919990493933,604345419439317,wamid.HBgMOTE5NjU0OTE5NDc1FQIAERgSRUU5RjMxODYwMDE2QzQ0MTdBAA==,919654919475,failed,1749033020,131048,Spam Rate limit hit,,,,
2025-06-04 16:00:44,919990493933,604345419439317,wamid.HBgMOTE5NzA4NDIyNTkyFQIAERgSMjNDNDJBRTJEQTJBMDM5ODU3AA==,919708422592,failed,1749033020,131048,Spam Rate limit hit,,,,
2025-06-04 16:00:23,919990493933,604345419439317,wamid.HBgMOTE5NzExNDg5NDk5FQIAERgSNUIzMUMzNjJFRUVCRDBDRjUwAA==,919711489499,failed,1749033019,131049,This message was not delivered to maintain healthy ecosystem engagement.,,,,
2025-06-04 16:00:39,919990493933,604345419439317,wamid.HBgMOTE5NzE2NDU5NjQ2FQIAERgSMTY3NjQ4M0IzNzIzRkJBOTMyAA==,919716459646,failed,1749033020,131048,Spam Rate limit hit,,,,
2025-06-05 19:44:40,919990493933,604345419439317,wamid.HBgMOTE5NzE2NjQwOTk3FQIAERgSNzE5NjI1OTUwNjQ5QTFBQTFFAA==,919716640997,failed,1749033020,131048,Spam Rate limit hit,,,,
2025-06-04 16:00:20,919990493933,604345419439317,wamid.HBgMOTE5NzE3OTQ5OTI4FQIAERgSNkU5MTM1RDY3QUQ1QTNDMkIyAA==,919717949928,failed,1749033019,131026,Message undeliverable,,,,
2025-06-04 16:00:25,919990493933,604345419439317,wamid.HBgMOTE5NzE4MjE4NzM5FQIAERgSRkIyMzMwMTUwRDhDQzBCN0Y4AA==,919718218739,failed,1749033021,131048,Spam Rate limit hit,,,,
2025-06-04 16:00:22,919990493933,604345419439317,wamid.HBgMOTE5ODEwMzAzNTEzFQIAERgSRTg3MzIzODkwODY0RkRDQjhCAA==,919810303513,failed,1749033020,131048,Spam Rate limit hit,,,,
2025-06-04 16:00:20,919990493933,604345419439317,wamid.HBgMOTE5ODE4MDMzMzI4FQIAERgSQzg1N0NGODFGODBCNThCMDM0AA==,919818033328,failed,1749033019,131026,Message undeliverable,,,,
2025-06-04 16:00:29,919990493933,604345419439317,wamid.HBgMOTE5ODE4OTE3NDA2FQIAERgSQjlGQ0UyOTAyQzU5NjU0NjY2AA==,919818917406,failed,1749033022,131048,Spam Rate limit hit,,,,
2025-06-04 16:00:20,919990493933,604345419439317,wamid.HBgMOTE5ODcxMDI2MDQ3FQIAERgSN0YwRENDRTY5RDZCREI4MUI3AA==,919871026047,failed,1749033019,131026,Message undeliverable,,,,
2025-06-04 16:00:39,919990493933,604345419439317,wamid.HBgMOTE5ODcxMDMzMTY0FQIAERgSRURBN0QxNDcxMjg4ODNFQkMyAA==,919871033164,failed,1749033020,131048,Spam Rate limit hit,,,,
2025-06-04 16:00:28,919990493933,604345419439317,wamid.HBgMOTE5ODcxNjY0OTMzFQIAERgSMUI4REVENUE3OUQxQjk0QkQ1AA==,919871664933,failed,1749033020,131049,This message was not delivered to maintain healthy ecosystem engagement.,,,,
2025-06-04 16:00:36,919990493933,604345419439317,wamid.HBgMOTE5ODczMDM1OTU2FQIAERgSMzQ0Q0Y0Q0MwNDZFQzQzQzMwAA==,919873035956,failed,1749033020,131048,Spam Rate limit hit,,,,
2025-06-04 16:00:26,919990493933,604345419439317,wamid.HBgMOTE5ODczMzk1ODAxFQIAERgSM0RBRTMyN0YwQTQ3RDJFMzJFAA==,919873395801,failed,1749033021,131049,This message was not delivered to maintain healthy ecosystem engagement.,,,,
2025-06-05 18:33:56,919990493933,604345419439317,wamid.HBgMOTE5ODczNDYyODA2FQIAERgSQ0Y0REZBQkFBQkM5QzlGOEQwAA==,919873462806,delivered,1749033968,,,,,,
2025-06-04 20:44:58,919990493933,604345419439317,wamid.HBgMOTE5ODczNDYyODA2FQIAERgSQ0Q5MUJERTgwQUY0NkVCMTU3AA==,919873462806,delivered,1749033968,,,,,,
2025-06-04 16:00:22,919990493933,604345419439317,wamid.HBgMOTE5ODczNzExMjI2FQIAERgSNTZEMzQ4NTlEM0ZDNUY2MzA3AA==,919873711226,failed,1749033020,131048,Spam Rate limit hit,,,,
2025-06-04 16:00:35,919990493933,604345419439317,wamid.HBgMOTE5ODkxMDU3MTY2FQIAERgSOTQzQTA0ODgyQzcxOEZCNUFCAA==,919891057166,failed,1749033020,131049,This message was not delivered to maintain healthy ecosystem engagement.,,,,
2025-06-04 19:54:50,919990493933,604345419439317,wamid.HBgMOTE5ODkxMzg0MzIzFQIAERgSREI4RjE0N0RENTU4QkMwN0FEAA==,919891384323,failed,1749033020,131049,This message was not delivered to maintain healthy ecosystem engagement.,,,,
2025-06-04 16:00:21,919990493933,604345419439317,wamid.HBgMOTE5ODkxMzg5Njg4FQIAERgSNTA4NjAxRjhFQzkwNTlCNjY4AA==,919891389688,failed,1749033020,131048,Spam Rate limit hit,,,,
2025-06-04 16:00:41,919990493933,604345419439317,wamid.HBgMOTE5ODkxNTg2NDQxFQIAERgSMEVFMzRCMkExODgzNkNDQzEwAA==,919891586441,failed,1749033020,131049,This message was not delivered to maintain healthy ecosystem engagement.,,,,
2025-06-04 16:00:37,919990493933,604345419439317,wamid.HBgMOTE5ODkxODQ0NzkxFQIAERgSNUYwMjRDRTkyRDhENEQyQ0M1AA==,919891844791,failed,1749033020,131048,Spam Rate limit hit,,,,
2025-06-04 16:00:23,919990493933,604345419439317,wamid.HBgMOTE5ODk5MzQ4Njk4FQIAERgSQUExMjVCOEM2MTMyQkRERkQ4AA==,919899348698,failed,1749033021,131048,Spam Rate limit hit,,,,
2025-06-04 16:00:32,919990493933,604345419439317,wamid.HBgMOTE5OTExMDI2MzgwFQIAERgSRDlGODQ0MDhGN0FGMkI1MUQzAA==,919911026380,failed,1749033020,131049,This message was not delivered to maintain healthy ecosystem engagement.,,,,
2025-06-04 16:00:23,919990493933,604345419439317,wamid.HBgMOTE5OTExMTAxOTczFQIAERgSRTlBODc3QUQ2MjBBMDVCRDVEAA==,919911101973,failed,1749033021,131048,Spam Rate limit hit,,,,
2025-06-04 16:00:34,919990493933,604345419439317,wamid.HBgMOTE5OTExNDQ4NTIwFQIAERgSQTI0NkRCMjk4QjBEOTJCNEUxAA==,919911448520,failed,1749033020,131049,This message was not delivered to maintain healthy ecosystem engagement.,,,,
2025-06-04 16:00:28,919990493933,604345419439317,wamid.HBgMOTE5OTUzNDEyODE5FQIAERgSMjUxMkU0MzBBQ0YxNjUyRENGAA==,919953412819,failed,1749033022,131048,Spam Rate limit hit,,,,
2025-06-04 16:00:45,919990493933,604345419439317,wamid.HBgMOTE5OTUzNTM0Mzg0FQIAERgSNTZGQzJBRUQzRUZDQ0Q1MjZFAA==,919953534384,failed,1749033020,131048,Spam Rate limit hit,,,,
2025-06-04 16:00:25,919990493933,604345419439317,wamid.HBgMOTE5OTUzNTM3MjIzFQIAERgSMUY4RkQxRkM2OTE0OTk0QzE4AA==,919953537223,failed,1749033020,131048,Spam Rate limit hit,,,,
2025-06-04 16:00:22,919990493933,604345419439317,wamid.HBgMOTE5OTUzODUwNTI3FQIAERgSOTNFMEFCNTlDRjE0Rjk2MTQ1AA==,919953850527,failed,1749033019,131049,This message was not delivered to maintain healthy ecosystem engagement.,,,,
2025-06-04 16:00:22,919990493933,604345419439317,wamid.HBgMOTE5OTY4MDA4MDcyFQIAERgSMzU0NTY4MjlBNzM1QjU1M0I0AA==,919968008072,failed,1749033020,131048,Spam Rate limit hit,,,,
2025-06-04 16:00:21,919990493933,604345419439317,wamid.HBgMOTE5OTcxMTYzMzM4FQIAERgSQURFQjc3NzQ2QTk2OTA0NzE0AA==,919971163338,failed,1749033019,131026,Message undeliverable,,,,
2025-06-04 16:00:23,919990493933,604345419439317,wamid.HBgMOTE5OTcxMjQ3MzUzFQIAERgSODJDNzQ4ODRBRjY3NTBCQzhCAA==,919971247353,failed,1749033020,131048,Spam Rate limit hit,,,,
2025-06-04 16:00:25,919990493933,604345419439317,wamid.HBgMOTE5OTcxNzY1ODcxFQIAERgSMzU3RjdFMUM0MzJGRkFCQkJBAA==,919971765871,failed,1749033020,131048,Spam Rate limit hit,,,,
2025-06-04 20:13:51,919990493933,604345419439317,wamid.HBgMOTE5OTkwMzA5NjY1FQIAERgSOTJGOEQ3Rjg4MjkyQ0U2NjlGAA==,919990309665,failed,1749033020,131048,Spam Rate limit hit,,,,
2025-06-04 16:00:21,919990493933,604345419439317,wamid.HBgMOTE5OTk5MTU5OTA3FQIAERgSQUYzRTk1MDAyRjA5MjMxOTRFAA==,919999159907,failed,1749033020,131049,This message was not delivered to maintain healthy ecosystem engagement.,,,,
2025-06-04 16:00:29,919990493933,604345419439317,wamid.HBgMOTE5OTk5Mzg1MzMyFQIAERgSNUYwODlFOEQxRTg0MkEyMjRBAA==,919999385332,failed,1749033021,131048,Spam Rate limit hit,,,,
2025-06-04 16:00:24,919990493933,604345419439317,wamid.HBgMOTE5OTk5NzIwNDA4FQIAERgSNjY4RURGQ0MzOTdBNTNCRDcwAA==,919999720408,failed,1749033020,131048,Spam Rate limit hit,,,,
2025-06-04 16:00:43,919990493933,604345419439317,wamid.HBgMOTE5OTk5NzY1MzI4FQIAERgSRUY0N0Y2REY1MzkzMzE0QUQ1AA==,919999765328,failed,1749033020,131048,Spam Rate limit hit,,,,
2025-06-04 16:03:59,918929532648,724637984055655,wamid.HBgMOTE4MTMwNTEyMzM1FQIAERgSMkJEQzIyRkY2RjE2MUU3MkVDAA==,919555988678,delivered,2025-06-04 16:03:59,,,,,,
