Date,display_phone_number,phone_number_id,waba_id,contact_wa_id,new_status,message_timestamp,error_code,error_message,contact_name,message_from,message_type,message_body
2025-06-03 20:38:31,919990493933,604345419439317,wamid.HBgMOTE4MDU3ODA4MDMxFQIAERgSQUY3RDQ0N0ZEM0I2RkVCQTI0AA==,918057808031,failed,1748954660,131049,This message was not delivered to maintain healthy ecosystem engagement.,,,,
2025-06-03 22:42:43,919990493933,604345419439317,wamid.HBgMOTE4ODAwMTM0MDM0FQIAERgSQ0ZBQUNDQjhCNDBBODkyN0EzAA==,918800134034,failed,1748954660,131048,Spam Rate limit hit,,,,
2025-06-03 19:06:43,919990493933,604345419439317,wamid.HBgMOTE5MDkzMTYwMzg3FQIAERgSN0IwMzM1QjdGMTJDRkFDMkJCAA==,919093160387,failed,1748954660,131049,This message was not delivered to maintain healthy ecosystem engagement.,,,,
2025-06-03 18:14:22,919990493933,604345419439317,wamid.HBgMOTE5NzExNDg5NDk5FQIAERgSMEZCNzg3RDY2NDBCRDI5MjdEAA==,919711489499,failed,1748954660,131049,This message was not delivered to maintain healthy ecosystem engagement.,,,,
2025-06-03 18:14:21,919990493933,604345419439317,wamid.HBgMOTE5ODcxNjY0OTMzFQIAERgSNzFEOEJGQjhGQ0FEMjI4MEE3AA==,919871664933,failed,1748954660,131048,Spam Rate limit hit,,,,
2025-06-03 19:10:54,919990493933,604345419439317,wamid.HBgMOTE5ODczNDYyODA2FQIAERgSOTQ2NkUyRjEwNzZGODA3ODZBAA==,919873462806,failed,1748954660,131049,This message was not delivered to maintain healthy ecosystem engagement.,,,,
2025-06-03 18:14:21,919990493933,604345419439317,wamid.HBgMOTE5OTUzODUwNTI3FQIAERgSMzI4MTg0OTUyMjMyMEZBREI2AA==,919953850527,failed,1748954660,131049,This message was not delivered to maintain healthy ecosystem engagement.,,,,
