Date,display_phone_number,phone_number_id,waba_id,contact_wa_id,new_status,message_timestamp,error_code,error_message,contact_name,message_from,message_type,message_body
2025-05-28 16:56:42,919990493933,604345419439317,wamid.HBgMOTE4MDU3ODA4MDMxFQIAERgSMEYzNzQ1NjQyMzg4MzFBNkJEAA==,918057808031,failed,1748431601,131049,This message was not delivered to maintain healthy ecosystem engagement.,,,,
2025-05-28 16:56:42,919990493933,604345419439317,wamid.HBgMOTE4ODAwMTM0MDM0FQIAERgSN0NCNDVFRjIzRDIwMTA5MUEyAA==,918800134034,failed,1748431601,131049,This message was not delivered to maintain healthy ecosystem engagement.,,,,
2025-05-28 16:56:42,919990493933,604345419439317,wamid.HBgMOTE5MDkzMTYwMzg3FQIAERgSNDZDNTA2MDE1M0VEQjlBQzg5AA==,919093160387,failed,1748431601,131049,This message was not delivered to maintain healthy ecosystem engagement.,,,,
2025-05-28 16:56:42,919990493933,604345419439317,wamid.HBgMOTE5MTA4NDYwNDk0FQIAERgSRThCM0EzN0U4QTc4QTI3OTVCAA==,919108460494,failed,1748431601,131049,This message was not delivered to maintain healthy ecosystem engagement.,,,,
2025-05-28 16:56:42,919990493933,604345419439317,wamid.HBgMOTE5NzExNDg5NDk5FQIAERgSMDNFRDE0QTFBQzNDQjlGN0YxAA==,919711489499,failed,1748431601,131049,This message was not delivered to maintain healthy ecosystem engagement.,,,,
2025-05-28 16:56:42,919990493933,604345419439317,wamid.HBgMOTE5ODcxNjY0OTMzFQIAERgSRDMwRjlFNTY5Q0NGQzIwNEQwAA==,919871664933,failed,1748431601,131049,This message was not delivered to maintain healthy ecosystem engagement.,,,,
2025-05-28 16:56:42,919990493933,604345419439317,wamid.HBgMOTE5ODczNDYyODA2FQIAERgSMjhGNjk0M0UxRUNFNEQ0MkNDAA==,919873462806,failed,1748431601,131049,This message was not delivered to maintain healthy ecosystem engagement.,,,,
2025-05-28 17:03:20,919990493933,604345419439317,wamid.HBgMOTE5ODkxOTE5ODM0FQIAERgSODZCOEMyNzMyMTdERERGNjA0AA==,919891919834,delivered,1748431999,,,,,,
2025-05-28 16:56:42,919990493933,604345419439317,wamid.HBgMOTE5OTUzODUwNTI3FQIAERgSRDA1MEM4RDkxMUU1MDc0RUVFAA==,919953850527,failed,1748431601,131049,This message was not delivered to maintain healthy ecosystem engagement.,,,,
