Date,display_phone_number,phone_number_id,waba_id,contact_wa_id,new_status,message_timestamp,error_code,error_message,contact_name,message_from,message_type,message_body
2025-05-27 17:12:12,918929532648,724637984055655,wamid.HBgMOTE4Mjk5ODAwNDI4FQIAERgSQjkzRjYwRUJDRjdEMkRDNUI1AA==,919093160387,delivered,2025-05-27 17:12:12,,,,,,
2025-05-27 17:15:45,918929546200,725569473962618,wamid.HBgMOTE5NzgxNDMwOTk5FQIAERgSRjQ1QTlBNjEwNDQ4NjY5NjExAA==,919108460494,delivered,2025-05-27 17:15:45,,,,,,
2025-05-27 17:11:53,919205888736,650615708140466,wamid.HBgMOTE4MzY4OTgxNTQxFQIAERgSQkM5RUVBRTlCNDY1RkJBMDIwAA==,919891919834,delivered,2025-05-27 17:11:53,,,,,,
2025-05-27 17:13:07,919205888736,650615708140466,wamid.HBgMOTE5ODEwNzA3OTgzFQIAERgSNDI4NTNCQjcyQjlGQUZFRkIzAA==,919871664933,delivered,2025-05-27 17:13:07,,,,,,
2025-05-27 17:16:01,918929627512,679864135212915,wamid.HBgMOTE5NzExMzQwNTA1FQIAERgSQUQ1MkQzMzZERkQ5M0MzNEYwAA==,919953850527,delivered,2025-05-27 17:16:01,,,,,,
2025-05-27 17:13:07,918929546200,725569473962618,wamid.HBgMOTE4MjE4NzQ1NTI1FQIAERgSODYyNzZFMEU4REI3MjQwMERBAA==,917667240109,delivered,2025-05-27 17:13:07,,,,,,
2025-05-27 17:15:11,918929546200,725569473962618,wamid.HBgMOTE5OTc0OTY2MDg4FQIAERgSQTBENDAyNzcyOUM2QThGRTAxAA==,918800134034,delivered,2025-05-27 17:15:11,,,,,,
2025-05-27 17:14:08,918929532648,724637984055655,wamid.HBgMOTE5ODE1NzE2OTg5FQIAERgSQkU5OUQ0MkM3ODg3QzQxRTY0AA==,919711489499,delivered,2025-05-27 17:14:08,,,,,,
2025-05-27 17:15:36,918929546200,725569473962618,wamid.HBgMOTE5NDEwNjA1MjU2FQIAERgSMzczRDY0MUQ0QjFBNkM0RUU2AA==,919873462806,delivered,2025-05-27 17:15:36,,,,,,
2025-05-27 17:15:08,918929532648,724637984055655,wamid.HBgMOTE5OTUzMDM5OTM5FQIAERgSNzRGMjQ5RjA3NEY2MUM1NThGAA==,918057808031,delivered,2025-05-27 17:15:08,,,,,,
