Date,display_phone_number,phone_number_id,waba_id,new_status,message_timestamp,error_code,error_message,contact_name,message_from,message_type,message_body
2025-07-09 17:03:37,919205888736,650615708140466,wamid.HBgMOTE5NjQ5MTM2ODM1FQIAERgSNzhDQTNERUYyREQ2RjNGMkRFAA==,delivered,2025-07-09 17:03:37,,,,,,
2025-07-09 17:05:02,918929546200,725569473962618,wamid.HBgMOTE5MTM2Mzc5NzYzFQIAERgSRTRGNTREMDExNjIzMTFBMTA0AA==,delivered,2025-07-09 17:05:02,,,,,,
2025-07-09 17:02:33,919205888736,650615708140466,wamid.HBgMOTE3NDI4ODk5MDQzFQIAERgSNUYyRDlDNkRGQzgzOURGQkU3AA==,delivered,2025-07-09 17:02:33,,,,,,
2025-07-09 17:04:07,919205888736,650615708140466,wamid.HBgMOTE4OTIwMDUwMTExFQIAERgSOUE5QjFBM0Q3RDhBOENFNDE1AA==,delivered,2025-07-09 17:04:07,,,,,,
2025-07-09 17:02:34,919205888736,650615708140466,wamid.HBgMOTE3MDE4MTQ4OTA2FQIAERgSRjcyOTQwNUQ4MkRDNTBFQTAyAA==,delivered,2025-07-09 17:02:34,,,,,,
2025-07-09 17:02:32,918929546200,725569473962618,wamid.HBgMOTE5NDU0NjM2MDk1FQIAERgSNTg2RkNGNTVEMTg5OTI2NjYwAA==,delivered,2025-07-09 17:02:32,,,,,,
2025-07-09 17:04:46,918929532648,724637984055655,wamid.HBgMOTE5NTM3MDMzMjk2FQIAERgSQjU0QzI2QTdGRjdCRDdDQjdBAA==,delivered,2025-07-09 17:04:46,,,,,,
2025-07-09 17:04:53,919205888736,650615708140466,wamid.HBgMOTE4Mjg1NTU5MzE4FQIAERgSQkMyRjYwRkQxMjNCMTlCNzI5AA==,delivered,2025-07-09 17:04:53,,,,,,
2025-07-09 17:06:53,919205888736,650615708140466,wamid.HBgMOTE4NjUwMDAyMjAyFQIAERgSQkM5NzdCNTMwNjJENjBCNjkwAA==,delivered,2025-07-09 17:06:53,,,,,,
2025-07-09 17:05:20,918929546200,725569473962618,wamid.HBgMOTE4MTc4MDkzNjc1FQIAERgSNENEMEEzRkU2MzY2NjAwN0IyAA==,delivered,2025-07-09 17:05:20,,,,,,
2025-07-09 17:04:26,918929546200,725569473962618,wamid.HBgMOTE4Nzc5OTAyODI5FQIAERgSQzUzRkZBNzM2OEY1MTFBRUFCAA==,delivered,2025-07-09 17:04:26,,,,,,
2025-07-09 17:04:05,918929546200,725569473962618,wamid.HBgMOTE4NzAwMjkyNjY0FQIAERgSNkE2NUI2QkJEMkVBMzk1N0FFAA==,delivered,2025-07-09 17:04:05,,,,,,
2025-07-09 17:05:00,918929532648,724637984055655,wamid.HBgMOTE5NzUzNjY4NDU2FQIAERgSNUEyOUYzQzIzRTZBQjVCNzM2AA==,delivered,2025-07-09 17:05:00,,,,,,
2025-07-09 17:05:30,919205888736,650615708140466,wamid.HBgMOTE5ODcxNDUxNjc5FQIAERgSMkFGOTRGQjEwREEzRTM4RjVDAA==,delivered,2025-07-09 17:05:30,,,,,,
2025-07-09 17:06:19,919205888736,650615708140466,wamid.HBgMOTE5Mjg5Njc4NzA0FQIAERgSODI1QzI2Q0ZCRjkwMjA4MTNGAA==,delivered,2025-07-09 17:06:19,,,,,,
2025-07-09 17:06:57,919205888736,650615708140466,wamid.HBgMOTE5ODEwOTk5NzU0FQIAERgSQjZFMEEyNzZDODM3RDUyNDdCAA==,delivered,2025-07-09 17:06:57,,,,,,
2025-07-09 17:04:14,918929546200,725569473962618,wamid.HBgMOTE5OTcxMTE5Nzc4FQIAERgSMzUyNjQyQzIzRDg4RjUyQjA4AA==,delivered,2025-07-09 17:04:14,,,,,,
2025-07-09 17:02:46,919873744492,657469204124096,wamid.HBgMOTE5NzExMzQwNTA1FQIAERgSOEQ1NjNFRjUxMkNBNzAyMDE3AA==,delivered,2025-07-09 17:02:46,,,,,,
2025-07-09 17:04:30,918929546200,725569473962618,wamid.HBgMOTE5NzE3MDA0MTc1FQIAERgSODIwQjE3Mzk1RkVDNjI0MDI4AA==,delivered,2025-07-09 17:04:30,,,,,,
2025-07-09 17:04:30,918929546200,725569473962618,wamid.HBgMOTE5NjU0NTQ2Mjc0FQIAERgSQzE2Mjg3QUM3QjgyRUNFNEM2AA==,delivered,2025-07-09 17:04:30,,,,,,
2025-07-09 17:07:00,918929546200,725569473962618,wamid.HBgMOTE5ODE4NjExNzg5FQIAERgSQjdBNzM5NzcyODFCQjYzMTRBAA==,delivered,2025-07-09 17:07:00,,,,,,
2025-07-09 17:04:20,918929546200,725569473962618,wamid.HBgMOTE5OTk5MjE5MDU5FQIAERgSQzJGRkRFQUMxRDY4ODY1M0NEAA==,delivered,2025-07-09 17:04:20,,,,,,
2025-07-09 17:02:16,918929546200,725569473962618,wamid.HBgMOTE5ODA5MzczODM5FQIAERgSMkUzREI2RTI4NkRENzk3MTY4AA==,delivered,2025-07-09 17:02:16,,,,,,
2025-07-09 17:06:28,918929532648,724637984055655,wamid.HBgMOTE4MTMwNTEyMzM1FQIAERgSMkJEQzIyRkY2RjE2MUU3MkVDAA==,delivered,2025-07-09 17:06:28,,,,,,
2025-07-09 17:02:56,919205888736,650615708140466,wamid.HBgMOTE3NTAwMDg5OTkxFQIAERgSRkJGQzg0ODIzOEI3MUM3RUU4AA==,delivered,2025-07-09 17:02:56,,,,,,
2025-07-09 17:05:20,918929532648,724637984055655,wamid.HBgMOTE5OTk5ODE2NjY4FQIAERgSMDNERkI1QUExOEM2MUY4N0U5AA==,delivered,2025-07-09 17:05:20,,,,,,
2025-07-09 17:02:32,918929546200,725569473962618,wamid.HBgMOTE5OTk5MDA3OTU4FQIAERgSQkJGMzkxRkQ4Q0VCRjNFRDM4AA==,delivered,2025-07-09 17:02:32,,,,,,
2025-07-09 17:05:05,918929532648,724637984055655,wamid.HBgMOTE5NTE1NzMzNDIyFQIAERgSRDI3Rjg0RkRFQjNEMzc2RjI3AA==,delivered,2025-07-09 17:05:05,,,,,,
2025-07-09 17:05:54,918929546200,725569473962618,wamid.HBgMOTE4NzAwMjkyNjY0FQIAERgSMzk5NzVENDMxNDAwNzFDNTNEAA==,delivered,2025-07-09 17:05:54,,,,,,
2025-07-09 17:02:42,919205888736,650615708140466,wamid.HBgMOTE4ODAwOTgwMDkwFQIAERgSMDZGNEZFMDVFODIxNDM0NDhFAA==,delivered,2025-07-09 17:02:42,,,,,,
2025-07-09 17:05:38,918929546200,725569473962618,wamid.HBgMOTE4ODYwODU5Nzg0FQIAERgSNEE5QURFNTAwM0MxODBCREYwAA==,delivered,2025-07-09 17:05:38,,,,,,
2025-07-09 17:06:53,919873744492,657469204124096,wamid.HBgMOTE5NzExMzQwNTA1FQIAERgSNENCRDg5MzIxQkY0NzNCNDBCAA==,delivered,2025-07-09 17:06:53,,,,,,
2025-07-09 17:04:38,918929546200,725569473962618,wamid.HBgMOTE5NTYwMjIyNzk3FQIAERgSNDc2OTA2RkVCNkY2Njg1RTlDAA==,delivered,2025-07-09 17:04:38,,,,,,
2025-07-09 17:03:06,918929532648,724637984055655,wamid.HBgMOTE5NjQzMDcwODA3FQIAERgSQTg2NEM4REUzRjBDMUExMkQ2AA==,delivered,2025-07-09 17:03:06,,,,,,
2025-07-09 17:06:34,919205888736,650615708140466,wamid.HBgMOTE2MjA1MTU2Mzg3FQIAERgSQzZCMTJGNURBQUZGOTM5REEyAA==,delivered,2025-07-09 17:06:34,,,,,,
2025-07-09 17:05:02,918929532648,724637984055655,wamid.HBgMOTE5MDQxNTQwMjc3FQIAERgSODJCOTU2MEQyRERCQUI0RUFDAA==,delivered,2025-07-09 17:05:02,,,,,,
2025-07-09 17:05:21,919205888736,650615708140466,wamid.HBgMOTE3NTA1NzMzMzI5FQIAERgSQTU0Qjc0OEU4RDNFNzU3NDc3AA==,delivered,2025-07-09 17:05:21,,,,,,
2025-07-09 17:02:47,918929546200,725569473962618,wamid.HBgMOTE5OTY3Mzk2NjY2FQIAERgSNkU4OUJENjI1MERCRUVDMEQwAA==,delivered,2025-07-09 17:02:47,,,,,,
2025-07-09 17:06:06,918929546200,725569473962618,wamid.HBgMOTE5ODk5ODg3NTkzFQIAERgSQzU0OTRFOTNGREYyQzhBODk4AA==,delivered,2025-07-09 17:06:06,,,,,,
2025-07-09 17:04:35,918929546200,725569473962618,wamid.HBgMOTE5NjU0NTQ2Mjc0FQIAERgSNDQ0QzMyOTg0RjBFREM4Q0FGAA==,delivered,2025-07-09 17:04:35,,,,,,
2025-07-09 17:02:24,918929532648,724637984055655,wamid.HBgMOTE5NzUzNjY4NDU2FQIAERgSN0E5N0IzM0RCNkU5Q0RBRDFGAA==,delivered,2025-07-09 17:02:24,,,,,,
2025-07-09 17:06:27,918929546200,725569473962618,wamid.HBgMOTE5OTAyODU1NDc3FQIAERgSOTNGQTRBM0YwNkNGNzYyNDcxAA==,delivered,2025-07-09 17:06:27,,,,,,
2025-07-09 17:04:33,918929546200,725569473962618,wamid.HBgMOTE5MjIwMTQ0NTY2FQIAERgSODEyODlENUZDMDQ5NDUyMkY5AA==,delivered,2025-07-09 17:04:33,,,,,,
2025-07-09 17:07:01,918929546200,725569473962618,wamid.HBgMOTE5ODczNDMxODAxFQIAERgSN0U4MkRDMjAzMzEzOEI4QzgyAA==,delivered,2025-07-09 17:07:01,,,,,,
2025-07-09 17:06:18,918929546200,725569473962618,wamid.HBgMOTE5OTk5OTU4Mzg5FQIAERgSMjQ1ODMwMjFENjI1Q0U5QjFFAA==,delivered,2025-07-09 17:06:18,,,,,,
2025-07-09 17:06:26,919205888736,650615708140466,wamid.HBgMOTE5ODkxNDE2ODU5FQIAERgSQ0VFMjUyM0JCODdFQTgzMjVCAA==,delivered,2025-07-09 17:06:26,,,,,,
2025-07-09 17:04:55,918929532648,724637984055655,wamid.HBgMOTE5OTExMjc2Mzk4FQIAERgSMzcwRUI2OTZEQUNEMDhDNTE5AA==,delivered,2025-07-09 17:04:55,,,,,,
2025-07-09 17:06:36,918929532648,724637984055655,wamid.HBgMOTE5NjUwMjM5NTE3FQIAERgSQkYxM0FGNjcwMzA5ODc2RTBBAA==,delivered,2025-07-09 17:06:36,,,,,,
2025-07-09 17:04:39,918929546200,725569473962618,wamid.HBgMOTE5OTcxMTE5NTYyFQIAERgSNDJBNUQwQ0EwMjQzNTJDRjkwAA==,delivered,2025-07-09 17:04:39,,,,,,
2025-07-09 17:04:27,918929532648,724637984055655,wamid.HBgMOTE5OTUzODkyMjAyFQIAERgSODIzRkY1MzgzQUY2QTk1NzU1AA==,delivered,2025-07-09 17:04:27,,,,,,
2025-07-09 17:04:04,918929532648,724637984055655,wamid.HBgMOTE5OTg1NDk1NjgwFQIAERgSNkUxNjRBMjhFNEU2MDMzNkU0AA==,delivered,2025-07-09 17:04:04,,,,,,
2025-07-09 17:06:21,918929532648,724637984055655,wamid.HBgMOTE2MzgxODcwNzg5FQIAERgSNTFDMzlGOEQ3QTUzMjZFMEVFAA==,delivered,2025-07-09 17:06:21,,,,,,
2025-07-09 17:05:08,919205888736,650615708140466,wamid.HBgMOTE4NzQzODEyODAwFQIAERgSQ0E4MTg3REJFNDE2NTVFRkQ3AA==,delivered,2025-07-09 17:05:08,,,,,,
2025-07-09 17:03:31,918929546200,725569473962618,wamid.HBgMOTE5ODEwOTk5NzU0FQIAERgSNEUzNjUwOTgyM0Y2MEY2MTBDAA==,delivered,2025-07-09 17:03:31,,,,,,
2025-07-09 17:03:11,918929546200,725569473962618,wamid.HBgMOTE5ODk5ODg3NTkzFQIAERgSQkE0RDgxMTk1MjVFOTQxRUYxAA==,delivered,2025-07-09 17:03:11,,,,,,
2025-07-09 17:02:18,919205888736,650615708140466,wamid.HBgMOTE4ODAwOTMxMjA0FQIAERgSMUM4NzcxQ0FGQURBNEE3MEJCAA==,delivered,2025-07-09 17:02:18,,,,,,
2025-07-09 17:05:56,918929546200,725569473962618,wamid.HBgMOTE5NjQ2NzcyMzYxFQIAERgSRjVBMkY3OEI2NDY1ODFEREZCAA==,delivered,2025-07-09 17:05:56,,,,,,
2025-07-09 17:03:32,918929546200,725569473962618,wamid.HBgMOTE5ODExODAwNDQxFQIAERgSMUIwOEFCMEQwMDhGM0QxQjE5AA==,delivered,2025-07-09 17:03:32,,,,,,
2025-07-09 17:05:58,918929546200,725569473962618,wamid.HBgMOTE5OTU4MDM2NjM2FQIAERgSREIzN0I2MjZGNDBEOTM5REZFAA==,delivered,2025-07-09 17:05:58,,,,,,
2025-07-09 17:03:34,919873744492,657469204124096,wamid.HBgMOTE5NzExMzQwNTA1FQIAERgSMDlGNzBEQkNEQkRCOTcxQkE2AA==,delivered,2025-07-09 17:03:34,,,,,,
2025-07-09 17:05:51,918929546200,725569473962618,wamid.HBgMOTE5ODEwMzM3OTM0FQIAERgSNDRCNUIxN0JFQjdFRENCMkVGAA==,delivered,2025-07-09 17:05:51,,,,,,
2025-07-09 17:05:30,919205888736,650615708140466,wamid.HBgMOTE3OTczNzg3Nzc0FQIAERgSRkRBMERCNTFBN0QwODZGODVCAA==,delivered,2025-07-09 17:05:30,,,,,,
2025-07-09 17:05:17,919205888736,650615708140466,wamid.HBgMOTE4NTg2OTYyNDMyFQIAERgSNDMyMzMxRTMzMjQxQUJFNEEyAA==,delivered,2025-07-09 17:05:17,,,,,,
2025-07-09 17:04:35,918929532648,724637984055655,wamid.HBgMOTE4NTEwODQ5MDE4FQIAERgSQUQ0RjNDRkZDMTBFOTIyNEMxAA==,delivered,2025-07-09 17:04:35,,,,,,
2025-07-09 17:03:14,918929546200,725569473962618,wamid.HBgMOTE5ODEwNzMwNDA0FQIAERgSMzk3OTFBMUNFRUU0MDkzMjQ1AA==,delivered,2025-07-09 17:03:14,,,,,,
2025-07-09 17:06:42,918929546200,725569473962618,wamid.HBgMOTE5OTI4NTU1NzExFQIAERgSOTU1NEI1MUE5MUE2Q0ExQ0MwAA==,delivered,2025-07-09 17:06:42,,,,,,
2025-07-09 17:02:45,918929546200,725569473962618,wamid.HBgMOTE5NDEwNjA1MjU2FQIAERgSMzczRDY0MUQ0QjFBNkM0RUU2AA==,delivered,2025-07-09 17:02:45,,,,,,
2025-07-09 17:05:55,918929532648,724637984055655,wamid.HBgMOTE5OTk5NzU1NTYyFQIAERgSRkQwN0E1MTk5MDFCRTI5NzVEAA==,delivered,2025-07-09 17:05:55,,,,,,
2025-07-09 17:04:59,919205888736,650615708140466,wamid.HBgMOTE3NTAzNTY4ODEwFQIAERgSMDY1NkM1MTFFQTQwQjkyQURFAA==,delivered,2025-07-09 17:04:59,,,,,,
2025-07-09 17:04:52,918929546200,725569473962618,wamid.HBgMOTE3MDExMjUwMTUyFQIAERgSOEFDMjIzQTc0ODRGQ0M4OTMzAA==,delivered,2025-07-09 17:04:52,,,,,,
2025-07-09 17:05:20,919205888736,650615708140466,wamid.HBgMOTE5NjMwNTQ4OTYzFQIAERgSMzg3NENGN0Y1MUI1NTg0QjI4AA==,delivered,2025-07-09 17:05:20,,,,,,
2025-07-09 17:05:10,918929532648,724637984055655,wamid.HBgMOTE5ODEwMzQ3OTIxFQIAERgSNUY0QUY5MkIzRTE5NkRDNjM3AA==,delivered,2025-07-09 17:05:10,,,,,,
2025-07-09 17:03:21,919205888736,650615708140466,wamid.HBgMOTE5ODA3MDQwODQwFQIAERgSRjhEMEM2RDc4NUYyM0U3MTkyAA==,delivered,2025-07-09 17:03:21,,,,,,
2025-07-09 17:05:03,918929532648,724637984055655,wamid.HBgMOTE3NzQwOTYyMDY0FQIAERgSMDM3NkNDMTkzRjQxMERDMDI0AA==,delivered,2025-07-09 17:05:03,,,,,,
2025-07-09 17:07:05,918929532648,724637984055655,wamid.HBgMOTE3ODM4OTk5NDg0FQIAERgSREUzMzcxM0VFRjczMzg1NzI1AA==,delivered,2025-07-09 17:07:05,,,,,,
2025-07-09 17:05:51,918929546200,725569473962618,wamid.HBgMOTE5ODA5MzczODM5FQIAERgSMDVEQjdBNkUwNDEyODIyMDg3AA==,delivered,2025-07-09 17:05:51,,,,,,
2025-07-09 17:03:33,919205888736,650615708140466,wamid.HBgMOTE4MzgzODYxNzMwFQIAERgSMjE1MjBCQkYyRTEzMUMyMTA0AA==,delivered,2025-07-09 17:03:33,,,,,,
2025-07-09 17:02:46,918929546200,725569473962618,wamid.HBgMOTE5ODE4NzE4NTE5FQIAERgSQjhBRTU0RjQ4MjE2RDA0QUY5AA==,delivered,2025-07-09 17:02:46,,,,,,
2025-07-09 17:03:53,919205888736,650615708140466,wamid.HBgMOTE5NjY3Nzc4MzA5FQIAERgSRTU0MjBGMUEwMkMwMTUxNzFCAA==,delivered,2025-07-09 17:03:53,,,,,,
2025-07-09 17:06:42,918929546200,725569473962618,wamid.HBgMOTE5NzE3OTYzNzQ1FQIAERgSQzExQ0RBMjBBMTAzRTU5N0UwAA==,delivered,2025-07-09 17:06:42,,,,,,
2025-07-09 17:06:04,918929546200,725569473962618,wamid.HBgMOTE5NTYwNzIyNTc2FQIAERgSOEFBMzFDMUJEOTVCRkFEQkFGAA==,delivered,2025-07-09 17:06:04,,,,,,
2025-07-09 17:03:15,918929532648,724637984055655,wamid.HBgMOTE4MjgzODEzMTIwFQIAERgSM0UzMjdENjk4QzBCMUI1NzIyAA==,delivered,2025-07-09 17:03:15,,,,,,
2025-07-09 17:02:51,918929546200,725569473962618,wamid.HBgMOTE5NjU0NTQyNDkwFQIAERgSQjBFMDM5RTkxRTdFRkM5NUVDAA==,delivered,2025-07-09 17:02:51,,,,,,
2025-07-09 17:03:40,918929532648,724637984055655,wamid.HBgMOTE5OTg1NDk1NjgwFQIAERgSNDM2MkVBNjBGMDI0MDIzMjdCAA==,delivered,2025-07-09 17:03:40,,,,,,
2025-07-09 17:06:30,919205888736,650615708140466,wamid.HBgMOTE5NjQzMDMzNjk1FQIAERgSN0RFNkQ5MTY2ODlGMTQ5RkJBAA==,delivered,2025-07-09 17:06:30,,,,,,
2025-07-09 17:02:59,918929546200,725569473962618,wamid.HBgMOTE5OTk5Njk3NTE1FQIAERgSRjM2NDk5MkI0NzU3NTEzQzdBAA==,delivered,2025-07-09 17:02:59,,,,,,
2025-07-09 17:04:38,918929532648,724637984055655,wamid.HBgMOTE4MDEwMTAyMjcwFQIAERgSMTZFNzJCRkVFQUFFNjZCQUI4AA==,delivered,2025-07-09 17:04:38,,,,,,
2025-07-09 17:05:26,918929532648,724637984055655,wamid.HBgMOTE4Njk5MDczNDc2FQIAERgSRTM0QjgxQ0Y0OTFEMTJENEEzAA==,delivered,2025-07-09 17:05:26,,,,,,
2025-07-09 17:04:59,918929532648,724637984055655,wamid.HBgMOTE5NjI1Mjc3MzA1FQIAERgSMzkwODEwMkI4QjRDQTBCNDc5AA==,delivered,2025-07-09 17:04:59,,,,,,
2025-07-09 17:02:46,918929546200,725569473962618,wamid.HBgMOTE5MTIzODUyMTYzFQIAERgSM0ZDM0IxRTdCMTg2RTIxMEI2AA==,delivered,2025-07-09 17:02:46,,,,,,
2025-07-09 17:03:18,919205888736,650615708140466,wamid.HBgMOTE5NTY4NDIyODUzFQIAERgSMTNCQUJGMUExNjYxMTdBMzVFAA==,delivered,2025-07-09 17:03:18,,,,,,
2025-07-09 17:04:04,918929546200,725569473962618,wamid.HBgMOTE5ODE4ODQ0MDE5FQIAERgSRjA5QkU1RTUyODdCNzczNTgzAA==,delivered,2025-07-09 17:04:04,,,,,,
2025-07-09 17:03:50,918929546200,725569473962618,wamid.HBgMOTE5ODExNjY3Mjc0FQIAERgSMkQ4OTg5RDMxRDA1OEYyOTg3AA==,delivered,2025-07-09 17:03:50,,,,,,
2025-07-09 17:02:08,918929546200,725569473962618,wamid.HBgMOTE5NzE3MTEwNTM1FQIAERgSRjc2MThGNUJDMUE2MDQ1RkZBAA==,delivered,2025-07-09 17:02:08,,,,,,
2025-07-09 17:06:02,918929532648,724637984055655,wamid.HBgMOTE4MDc2NTc5MjU2FQIAERgSQjk1RDgzM0Y0MTU0MjYzQTU2AA==,delivered,2025-07-09 17:06:02,,,,,,
2025-07-09 17:06:56,918929546200,725569473962618,wamid.HBgMOTE3Njc4NDE1NTY5FQIAERgSQjZFOEMyRUU2MjY0MjNBRDM2AA==,delivered,2025-07-09 17:06:56,,,,,,
2025-07-09 17:03:44,918929546200,725569473962618,wamid.HBgMOTE5OTk5MjE5MDU5FQIAERgSRTg2MDZBMDdFNEI4OTMwNjUwAA==,delivered,2025-07-09 17:03:44,,,,,,
2025-07-09 17:02:48,918929532648,724637984055655,wamid.HBgMOTE5NzE3NTMzNTQyFQIAERgSRUEyM0ZFRDYwNTRFN0Q1MThCAA==,delivered,2025-07-09 17:02:48,,,,,,
2025-07-09 17:03:33,918929532648,724637984055655,wamid.HBgMOTE5ODIxNTAzMDk4FQIAERgSMjhBRjcwRkM5QzlGNTE1MjZGAA==,delivered,2025-07-09 17:03:33,,,,,,
2025-07-09 17:04:22,918929532648,724637984055655,wamid.HBgMOTE4ODk5Njk2MzIyFQIAERgSMDFFRDk1NEJGOTZDMDY0NEI3AA==,delivered,2025-07-09 17:04:22,,,,,,
2025-07-09 17:05:21,918929532648,724637984055655,wamid.HBgMOTE3MDQyODE2MzYwFQIAERgSQjk4RTYxQTFBRDMzRDBDNUI3AA==,delivered,2025-07-09 17:05:21,,,,,,
2025-07-09 17:03:18,919205888736,650615708140466,wamid.HBgMOTE3OTg1NzEyNDc4FQIAERgSMDE3QUMzQjQ4OThCRTc3MTI3AA==,delivered,2025-07-09 17:03:18,,,,,,
2025-07-09 17:04:15,919205888736,650615708140466,wamid.HBgMOTE3MDE1OTc0Njg0FQIAERgSRUU0OTNBNzlENzI2RTI2REI2AA==,delivered,2025-07-09 17:04:15,,,,,,
2025-07-09 17:04:45,919205888736,650615708140466,wamid.HBgMOTE4ODQwMjcwMDY2FQIAERgSM0QxOTJFQzk1MzgyMjA0NzBFAA==,delivered,2025-07-09 17:04:45,,,,,,
2025-07-09 17:02:14,919205888736,650615708140466,wamid.HBgMOTE5NzczNTIzNzU1FQIAERgSRkMxRjk2NkVFMUQwOTI1QTg3AA==,delivered,2025-07-09 17:02:14,,,,,,
2025-07-09 17:05:16,919205888736,650615708140466,wamid.HBgMOTE2MzYxMTYxODM2FQIAERgSRjZGM0VCQjlEMkY1Qzc3RjA2AA==,delivered,2025-07-09 17:05:16,,,,,,
2025-07-09 17:06:10,918929546200,725569473962618,wamid.HBgMOTE5NzE3MTEwNTM1FQIAERgSQTI5REZBM0JFMzVDNEFEOTZDAA==,delivered,2025-07-09 17:06:10,,,,,,
2025-07-09 17:02:49,918929546200,725569473962618,wamid.HBgMOTE5NjgyNjEwNTIyFQIAERgSODM2RjhCRkQ3RUJBM0FGQTIxAA==,delivered,2025-07-09 17:02:49,,,,,,
2025-07-09 17:04:41,918929627512,679864135212915,wamid.HBgMOTE5NzExMzQwNTA1FQIAERgSNzM1MUYwQUQ4N0Q4QkE3NThFAA==,delivered,2025-07-09 17:04:41,,,,,,
2025-07-09 17:04:29,918929546200,725569473962618,wamid.HBgMOTE5NjU0NjMxMzU1FQIAERgSQTg1M0MxQUM4MEQzRDU4QUU5AA==,delivered,2025-07-09 17:04:29,,,,,,
2025-07-09 17:03:44,919873744492,657469204124096,wamid.HBgMOTE5NzExMzQwNTA1FQIAERgSMzk4MjVGMUY0NTY4NDQyQzEyAA==,delivered,2025-07-09 17:03:44,,,,,,
2025-07-09 17:04:31,919205888736,650615708140466,wamid.HBgMOTE4ODAyMDgxNjg4FQIAERgSMzk4RTRENUZDQkU4RkY2NUY1AA==,delivered,2025-07-09 17:04:31,,,,,,
2025-07-09 17:04:36,919205888736,650615708140466,wamid.HBgMOTE3OTA1ODA3MDIxFQIAERgSN0EwN0Q0QjE1N0ZCNjQ1NEZEAA==,delivered,2025-07-09 17:04:36,,,,,,
2025-07-09 17:06:24,918929627512,679864135212915,wamid.HBgMOTE5NzExMzQwNTA1FQIAERgSQUQ1MkQzMzZERkQ5M0MzNEYwAA==,delivered,2025-07-09 17:06:24,,,,,,
2025-07-09 17:06:37,918929532648,724637984055655,wamid.HBgMOTE5ODEwNjk5NjY1FQIAERgSNDhFODIyODQ3QTQ1RENDMkI5AA==,delivered,2025-07-09 17:06:37,,,,,,
2025-07-09 17:02:38,919205888736,650615708140466,wamid.HBgMOTE5OTk5OTk3NjE4FQIAERgSRjM1NjBFRDRGMkIxN0JENUM1AA==,delivered,2025-07-09 17:02:38,,,,,,
2025-07-09 17:03:23,918929546200,725569473962618,wamid.HBgMOTE5ODE5NDM3NDg5FQIAERgSMjAwODNENTI5MjczMzJCMTlDAA==,delivered,2025-07-09 17:03:23,,,,,,
2025-07-09 17:05:32,918929546200,725569473962618,wamid.HBgMOTE5OTI3MDEzMDAwFQIAERgSOEI4Q0Y0Nzc4MEY2NjFEMjdDAA==,delivered,2025-07-09 17:05:32,,,,,,
2025-07-09 17:06:18,919205888736,650615708140466,wamid.HBgMOTE5OTk5NTcxNjE2FQIAERgSRjM4RDFCNUIyRTE1Mzg5NDk1AA==,delivered,2025-07-09 17:06:18,,,,,,
2025-07-09 17:03:34,919205888736,650615708140466,wamid.HBgMOTE4NzAwMjcyMzY3FQIAERgSRTg0Qzc5MkQxMzUyM0Y2QkZEAA==,delivered,2025-07-09 17:03:34,,,,,,
2025-07-09 17:06:02,918929532648,724637984055655,wamid.HBgMOTE5ODg4NzY3OTA4FQIAERgSQjhFNDc4QkMyM0RENUM4REE1AA==,delivered,2025-07-09 17:06:02,,,,,,
2025-07-09 17:04:40,919205888736,650615708140466,wamid.HBgMOTE4ODY1MDM0NzExFQIAERgSOERGQ0YxNUFGRDBENjYwNDBEAA==,delivered,2025-07-09 17:04:40,,,,,,
2025-07-09 17:06:05,919205888736,650615708140466,wamid.HBgMOTE5NTg0MjY4OTI0FQIAERgSQjdENjMxQUU0RjA3MEQ2OENDAA==,delivered,2025-07-09 17:06:05,,,,,,
2025-07-09 17:02:55,918929532648,724637984055655,wamid.HBgMOTE4Mjg3ODI3MzQ0FQIAERgSNzM3MTYyN0IxRTVEQjU3MTFGAA==,delivered,2025-07-09 17:02:55,,,,,,
2025-07-09 17:04:13,919205888736,650615708140466,wamid.HBgMOTE5ODk2MTgyNDg3FQIAERgSOUM4MDhENTNBNDUyQzVGNjY2AA==,delivered,2025-07-09 17:04:13,,,,,,
2025-07-09 17:02:27,918929546200,725569473962618,wamid.HBgMOTE5ODczNTM3OTcwFQIAERgSOTQzNjI4NDNCNUNFQjUzMzA0AA==,delivered,2025-07-09 17:02:27,,,,,,
2025-07-09 17:05:25,918929532648,724637984055655,wamid.HBgMOTE4NTI3NDAxNjYwFQIAERgSODZBRTdGMjkwQTlFOTI1RjY2AA==,delivered,2025-07-09 17:05:25,,,,,,
2025-07-09 17:02:14,918929546200,725569473962618,wamid.HBgMOTE5ODczNDQyNDY0FQIAERgSNEU1NTZERDYxRjNDNjAxMjk4AA==,delivered,2025-07-09 17:02:14,,,,,,
2025-07-09 17:06:23,919205888736,650615708140466,wamid.HBgMOTE5NzE3NzU2NDk5FQIAERgSMkNCRDJBQjNGMjc2MjQwNjNDAA==,delivered,2025-07-09 17:06:23,,,,,,
2025-07-09 17:03:31,918929532648,724637984055655,wamid.HBgMOTE5ODEwMzQ3OTIxFQIAERgSRTA3MDg3QjU2MTEyMEJDM0MyAA==,delivered,2025-07-09 17:03:31,,,,,,
2025-07-09 17:04:04,918929546200,725569473962618,wamid.HBgMOTE5NTYwMzkzOTY2FQIAERgSMEM2MDZBMDNFQTEyMDk1M0QwAA==,delivered,2025-07-09 17:04:04,,,,,,
2025-07-09 17:04:40,919205888736,650615708140466,wamid.HBgMOTE5NzE3OTgzMzU4FQIAERgSMjZGMjI4NTc0REE1RkYxQTJBAA==,delivered,2025-07-09 17:04:40,,,,,,
2025-07-09 17:05:18,919205888736,650615708140466,wamid.HBgMOTE5ODIxNDI4ODk2FQIAERgSMzZGOURENDQzOEJGNUQ3NzkyAA==,delivered,2025-07-09 17:05:18,,,,,,
2025-07-09 17:05:33,919205888736,650615708140466,wamid.HBgMOTE5NzExNjE4MDgwFQIAERgSMURGQzFGQzAwOTYyNUQ1NTI2AA==,delivered,2025-07-09 17:05:33,,,,,,
2025-07-09 17:03:40,918929532648,724637984055655,wamid.HBgMOTE5ODk5ODU4OTU0FQIAERgSNUIyN0U3ODM1MzU4OUI3NzhGAA==,delivered,2025-07-09 17:03:40,,,,,,
2025-07-09 17:05:21,919205888736,650615708140466,wamid.HBgMOTE4NzQzODEyODAwFQIAERgSRjAzNjZGNzk3NDJFRTIyNDgzAA==,delivered,2025-07-09 17:05:21,,,,,,
2025-07-09 17:04:14,919205888736,650615708140466,wamid.HBgMOTE4ODgyMDgyNDg5FQIAERgSRDMzMTI4OEM0QkJBRENDRkYzAA==,delivered,2025-07-09 17:04:14,,,,,,
2025-07-09 17:03:12,919205888736,650615708140466,wamid.HBgMOTE5ODExNDk4NzU2FQIAERgSOEIzRTQ3REY1MEExQkRFRDBCAA==,delivered,2025-07-09 17:03:12,,,,,,
2025-07-09 17:03:08,919205888736,650615708140466,wamid.HBgMOTE5OTk5ODA3MTgwFQIAERgSQzkwMUE2N0I1NThEMjk4NDYyAA==,delivered,2025-07-09 17:03:08,,,,,,
2025-07-09 17:06:43,919205888736,650615708140466,wamid.HBgMOTE4MjA3MDIzOTQ5FQIAERgSMTRCRTI1QUYwNjcyQzA3Nzk5AA==,delivered,2025-07-09 17:06:43,,,,,,
2025-07-09 17:04:24,918929532648,724637984055655,wamid.HBgMOTE5NzE3NzI5MDA1FQIAERgSRThFMkUyQkQ3RjYzMTc0MDg2AA==,delivered,2025-07-09 17:04:24,,,,,,
2025-07-09 17:05:29,918929546200,725569473962618,wamid.HBgMOTE5OTc0OTY2MDg4FQIAERgSRDYzMkU1RUFFMzZFOEU1NjhCAA==,delivered,2025-07-09 17:05:29,,,,,,
2025-07-09 17:05:46,919205888736,650615708140466,wamid.HBgMOTE4ODgyMDgyNDg5FQIAERgSODc0MEZCMkVENjk4Nzc3QkVGAA==,delivered,2025-07-09 17:05:46,,,,,,
2025-07-09 17:02:33,918929546200,725569473962618,wamid.HBgMOTE5OTU4MjA0MDE4FQIAERgSREQ3OEZGRjU3N0Y0NzFBM0JBAA==,delivered,2025-07-09 17:02:33,,,,,,
2025-07-09 17:03:32,918929546200,725569473962618,wamid.HBgMOTE4OTI4MjE3ODk0FQIAERgSRUVDNERDMjczMDM5MzM5MDIzAA==,delivered,2025-07-09 17:03:32,,,,,,
2025-07-09 17:02:21,918929546200,725569473962618,wamid.HBgMOTE5ODIxOTkzOTY5FQIAERgSOTQyNUUyRDczMDZCQUJBODQ5AA==,delivered,2025-07-09 17:02:21,,,,,,
2025-07-09 17:04:40,919205888736,650615708140466,wamid.HBgMOTE5NTgyODI3MzY4FQIAERgSOENDMTVDMkU3M0Y1MjI1OEU2AA==,delivered,2025-07-09 17:04:40,,,,,,
2025-07-09 17:05:02,918929532648,724637984055655,wamid.HBgMOTE4NTg1OTEyNTQ2FQIAERgSMzZFREM4OTJGQTc5RDhENEM0AA==,delivered,2025-07-09 17:05:02,,,,,,
2025-07-09 17:02:58,918929532648,724637984055655,wamid.HBgMOTE5OTg1NDk1NjgwFQIAERgSNDRGM0Q5QzhEREFBNDFFRDhDAA==,delivered,2025-07-09 17:02:58,,,,,,
2025-07-09 17:03:33,918929546200,725569473962618,wamid.HBgMOTE5ODczNDQyNDY0FQIAERgSMEJCMTFGRDgwRjQ2NTU2QjU5AA==,delivered,2025-07-09 17:03:33,,,,,,
2025-07-09 17:04:55,919205888736,650615708140466,wamid.HBgMOTE3MjE3ODg5MzkxFQIAERgSNzM2NkM2OUEwQTNBNTI2RTBEAA==,delivered,2025-07-09 17:04:55,,,,,,
2025-07-09 17:04:59,919873744492,657469204124096,wamid.HBgMOTE5NzExMzQwNTA1FQIAERgSMzk4MjVGMUY0NTY4NDQyQzEyAA==,delivered,2025-07-09 17:04:59,,,,,,
2025-07-09 17:03:39,918929546200,725569473962618,wamid.HBgMOTE5NjU0NDM3ODQ5FQIAERgSRDcxRjc2NDU5RjU5M0MxNjc2AA==,delivered,2025-07-09 17:03:39,,,,,,
2025-07-09 17:02:15,919873744492,657469204124096,wamid.HBgMOTE5NzExMzQwNTA1FQIAERgSMDlGNzBEQkNEQkRCOTcxQkE2AA==,delivered,2025-07-09 17:02:15,,,,,,
2025-07-09 17:06:26,919205888736,650615708140466,wamid.HBgMOTE5ODgzNjczMTQzFQIAERgSQzBDODU5RjI4ODExNTQ1QkY4AA==,delivered,2025-07-09 17:06:26,,,,,,
2025-07-09 17:06:52,918929546200,725569473962618,wamid.HBgMOTE4NTk1NzkxOTE4FQIAERgSODAxMTEzQzNGRDNEMzQ4Rjg3AA==,delivered,2025-07-09 17:06:52,,,,,,
2025-07-09 17:05:37,919205888736,650615708140466,wamid.HBgMOTE5MTQ5MDc5MjUwFQIAERgSNDc4NUIyMzVCNTMxMDkzNUU3AA==,delivered,2025-07-09 17:05:37,,,,,,
2025-07-09 17:04:25,918929546200,725569473962618,wamid.HBgMOTE4MDc2NzQzNzEyFQIAERgSQTY5M0U0RDU3NUVBNkM5RjgxAA==,delivered,2025-07-09 17:04:25,,,,,,
2025-07-09 17:05:41,918929546200,725569473962618,wamid.HBgMOTE3Njc4NDE1NTY5FQIAERgSMjA3RjY1MTAxODY5NEJDOEVDAA==,delivered,2025-07-09 17:05:41,,,,,,
2025-07-09 17:03:27,918929546200,725569473962618,wamid.HBgMOTE5NTYwODYxMjY5FQIAERgSOTQ4RkE3NDlBRDhDQUZDMUJFAA==,delivered,2025-07-09 17:03:27,,,,,,
2025-07-09 17:03:14,918929532648,724637984055655,wamid.HBgMOTE5NzE3NzU5OTgwFQIAERgSQzQ5MTNEMThBMTRGREMxMEUyAA==,delivered,2025-07-09 17:03:14,,,,,,
2025-07-09 17:02:10,919205888736,650615708140466,wamid.HBgMOTE5NzExMzQwNTA1FQIAERgSMTFFN0E4RjNDQTFEODIzQjA3AA==,delivered,2025-07-09 17:02:10,,,,,,
2025-07-09 17:03:24,919205888736,650615708140466,wamid.HBgMOTE4ODM5MTEwNDk5FQIAERgSNzY3MkMyRTE0REJGMzM5MTU0AA==,delivered,2025-07-09 17:03:24,,,,,,
2025-07-09 17:04:22,919205888736,650615708140466,wamid.HBgMOTE4OTIwNjEzMTAwFQIAERgSRDZFMUZBQ0Q2MzYwNUUyRjNEAA==,delivered,2025-07-09 17:04:22,,,,,,
2025-07-09 17:05:31,918929546200,725569473962618,wamid.HBgMOTE5MTIyODU5MzY3FQIAERgSQ0UwRTJEM0E0MkMyREZDQ0Y4AA==,delivered,2025-07-09 17:05:31,,,,,,
2025-07-09 17:04:35,919205888736,650615708140466,wamid.HBgMOTE5NDc5NjM3MjQ0FQIAERgSQTBFNjU1MEVFM0IwQUUxOEMyAA==,delivered,2025-07-09 17:04:35,,,,,,
2025-07-09 17:07:06,919205888736,650615708140466,wamid.HBgMOTE4MzA3ODQxODk4FQIAERgSNEY3NjAwREMzREYxM0YyMDQyAA==,delivered,2025-07-09 17:07:06,,,,,,
2025-07-09 17:02:24,918929546200,725569473962618,wamid.HBgMOTE4MTc4Njc0OTMxFQIAERgSNThCNUFFRjI1MzNEQzFDMDZCAA==,delivered,2025-07-09 17:02:24,,,,,,
2025-07-09 17:06:46,918929546200,725569473962618,wamid.HBgMOTE5ODcxOTY4MzA1FQIAERgSRUY0Mjc0OUJFMEQ2N0Q0NDI5AA==,delivered,2025-07-09 17:06:46,,,,,,
2025-07-09 17:02:59,918929532648,724637984055655,wamid.HBgMOTE5MzExNjU2Nzg0FQIAERgSQ0MxMUI4RkU4NkVDQTI0MDNGAA==,delivered,2025-07-09 17:02:59,,,,,,
2025-07-09 17:05:36,918929532648,724637984055655,wamid.HBgMOTE4ODYwMjAyMDAwFQIAERgSQUQ1NDIyQkZBOUZDMDY2Q0FGAA==,delivered,2025-07-09 17:05:36,,,,,,
2025-07-09 17:02:40,918929546200,725569473962618,wamid.HBgMOTE3ODM4MjQ1NDk0FQIAERgSQzMxOTlCRjNEQTRGMkI3NEQzAA==,delivered,2025-07-09 17:02:40,,,,,,
2025-07-09 17:04:44,919205888736,650615708140466,wamid.HBgMOTE4ODAwOTMxMjA0FQIAERgSMUM4NzcxQ0FGQURBNEE3MEJCAA==,delivered,2025-07-09 17:04:44,,,,,,
2025-07-09 17:07:01,918929532648,724637984055655,wamid.HBgMOTE5OTcxODc0NTk4FQIAERgSRTBBQ0YzQ0I3NkY2MDU3RDhDAA==,delivered,2025-07-09 17:07:01,,,,,,
2025-07-09 17:02:58,918929546200,725569473962618,wamid.HBgMOTE4MjkwNDk4OTc5FQIAERgSMUMxRUY0ODE2NTg2M0MzMUU0AA==,delivered,2025-07-09 17:02:58,,,,,,
2025-07-09 17:04:50,918929546200,725569473962618,wamid.HBgMOTE3Njc4NDE1NTY5FQIAERgSMDc0MTA2N0IwNjkzQkI5NDkwAA==,delivered,2025-07-09 17:04:50,,,,,,
2025-07-09 17:04:16,918929546200,725569473962618,wamid.HBgMOTE5OTk5Njk3NTE1FQIAERgSMzMzNEZGODVBNDE5NEZGOTMwAA==,delivered,2025-07-09 17:04:16,,,,,,
2025-07-09 17:06:48,918929532648,724637984055655,wamid.HBgMOTE5NDU0NjM2MDk1FQIAERgSQzI5NjBCMkZGMjUzRjlFMzgzAA==,delivered,2025-07-09 17:06:48,,,,,,
2025-07-09 17:04:23,918929546200,725569473962618,wamid.HBgMOTE5ODk5ODg3NTkzFQIAERgSNjcyQ0I2REI1MTcyNUY2NThFAA==,delivered,2025-07-09 17:04:23,,,,,,
2025-07-09 17:05:39,918929546200,725569473962618,wamid.HBgMOTE5NjY3NDUzMDkxFQIAERgSODAxNDk3Njc3NTE5REExRENEAA==,delivered,2025-07-09 17:05:39,,,,,,
2025-07-09 17:02:14,918929532648,724637984055655,wamid.HBgMOTE5NjY3NjE5MTgwFQIAERgSM0ZFMzFFNDZFNDZBQjE3NjNFAA==,delivered,2025-07-09 17:02:14,,,,,,
2025-07-09 17:05:26,918929532648,724637984055655,wamid.HBgMOTE5NzE3NzU5OTgwFQIAERgSOTAwMzFGMjcyNEQ2NTMyNTNCAA==,delivered,2025-07-09 17:05:26,,,,,,
2025-07-09 17:03:35,918929532648,724637984055655,wamid.HBgMOTE3OTgyODUxMDE0FQIAERgSNzkxMzMyNkVCOTExRTg2MEJFAA==,delivered,2025-07-09 17:03:35,,,,,,
2025-07-09 17:06:07,918929546200,725569473962618,wamid.HBgMOTE4NTI3NzIwMDA2FQIAERgSNEExNUQ5MzA3NzQ1MENBNTNEAA==,delivered,2025-07-09 17:06:07,,,,,,
2025-07-09 17:05:03,918929532648,724637984055655,wamid.HBgMOTE5ODEwMjM3OTQzFQIAERgSMTRGNTJGNzA0NUY2NURBMEU5AA==,delivered,2025-07-09 17:05:03,,,,,,
2025-07-09 17:06:00,918929546200,725569473962618,wamid.HBgMOTE4NTI3Mzg2MTc5FQIAERgSRjYyOEREMDNGQTcyNDQyQjk1AA==,delivered,2025-07-09 17:06:00,,,,,,
2025-07-09 17:02:45,919205888736,650615708140466,wamid.HBgMOTE5OTcxODc5NjQxFQIAERgSRDdENEUyQjJFMDQxMDRENUM5AA==,delivered,2025-07-09 17:02:45,,,,,,
2025-07-09 17:06:04,918929532648,724637984055655,wamid.HBgMOTE5NjQzMDcwODA3FQIAERgSMTAzRUQ0MEM1QTk0Q0UwQkMwAA==,delivered,2025-07-09 17:06:04,,,,,,
2025-07-09 17:02:46,918929532648,724637984055655,wamid.HBgMOTE5NzExNjYyMjA0FQIAERgSREU0Rjg5MDNGQzI4QzI2OUVCAA==,delivered,2025-07-09 17:02:46,,,,,,
2025-07-09 17:07:07,919205888736,650615708140466,wamid.HBgMOTE4Mjg3Mjc1MTgxFQIAERgSQjA4QUFDQTAwQzk0MDE1RkQ3AA==,delivered,2025-07-09 17:07:07,,,,,,
2025-07-09 17:04:56,918929546200,725569473962618,wamid.HBgMOTE4Njg1ODA5MjIxFQIAERgSODM1RjZDNjk5OTgyODUxNzg4AA==,delivered,2025-07-09 17:04:56,,,,,,
2025-07-09 17:06:25,918929546200,725569473962618,wamid.HBgMOTE5NjUwNDE1MjcyFQIAERgSRDU1MjRFNUVGQjAwOUEwMzNDAA==,delivered,2025-07-09 17:06:25,,,,,,
2025-07-09 17:03:14,919205888736,650615708140466,wamid.HBgMOTE4ODAwOTMxMjA0FQIAERgSNjMzNkYyREVBOUMxNTc4QjQwAA==,delivered,2025-07-09 17:03:14,,,,,,
2025-07-09 17:05:45,918929532648,724637984055655,wamid.HBgMOTE5NjY3NjE5MTgwFQIAERgSN0Y2MDQ3N0VFQ0RCNTA2MkQ4AA==,delivered,2025-07-09 17:05:45,,,,,,
2025-07-09 17:06:12,919205888736,650615708140466,wamid.HBgMOTE4ODAwOTMxMjA0FQIAERgSNjI5MEZEQzE4REExRjY4NzdDAA==,delivered,2025-07-09 17:06:12,,,,,,
2025-07-09 17:05:39,918929546200,725569473962618,wamid.HBgMOTE5MjIwMTQ0NTY2FQIAERgSMzVDODkwRUY2RDEyNjg5Qjg4AA==,delivered,2025-07-09 17:05:39,,,,,,
2025-07-09 17:02:50,918929627512,679864135212915,wamid.HBgMOTE5NzExMzQwNTA1FQIAERgSQUQ1MkQzMzZERkQ5M0MzNEYwAA==,delivered,2025-07-09 17:02:50,,,,,,
2025-07-09 17:04:44,918929532648,724637984055655,wamid.HBgMOTE5NTQwNTk3NzcwFQIAERgSMTE4QzE3RTQyNTI2NkVCNkI5AA==,delivered,2025-07-09 17:04:44,,,,,,
2025-07-09 17:04:17,918929532648,724637984055655,wamid.HBgMOTE3MDA0MTAzMTc0FQIAERgSQjE1NTAwMEUxOTNEMTlFNzlEAA==,delivered,2025-07-09 17:04:17,,,,,,
2025-07-09 17:02:36,918929546200,725569473962618,wamid.HBgMOTE4NjAwMTQxODU4FQIAERgSN0ZGMjYyMUEyRDdDRTM1MkEyAA==,delivered,2025-07-09 17:02:36,,,,,,
2025-07-09 17:06:57,918929532648,724637984055655,wamid.HBgMOTE5NzE3NTMzNTQyFQIAERgSOTdGQjg5MUQyMjc2MzY1QTYwAA==,delivered,2025-07-09 17:06:57,,,,,,
2025-07-09 17:05:32,918929546200,725569473962618,wamid.HBgMOTE5NTYwNzIyNTc2FQIAERgSNjRFMEQzNjJDQTUxN0I3Q0JFAA==,delivered,2025-07-09 17:05:32,,,,,,
2025-07-09 17:06:32,918929546200,725569473962618,wamid.HBgMOTE3Mzg4NzM3MTExFQIAERgSMDhFM0NDQTdFRTE0OTFGRDM3AA==,delivered,2025-07-09 17:06:32,,,,,,
2025-07-09 17:05:46,918929532648,724637984055655,wamid.HBgMOTE5ODE4NDAwNzEyFQIAERgSNkI2QzZCQTdCMUVGODZFRUExAA==,delivered,2025-07-09 17:05:46,,,,,,
2025-07-09 17:05:14,919205888736,650615708140466,wamid.HBgMOTE5NzExMzQwNTA1FQIAERgSRThDQzNBNzgyN0I0NUJFMzNDAA==,delivered,2025-07-09 17:05:14,,,,,,
2025-07-09 17:02:12,918929532648,724637984055655,wamid.HBgMOTE5OTk5MzUxNDE3FQIAERgSOTU5QzE3NzQ4N0VFNTVFMUVEAA==,delivered,2025-07-09 17:02:12,,,,,,
2025-07-09 17:05:41,918929546200,725569473962618,wamid.HBgMOTE4MDc2NzQzNzEyFQIAERgSMjIyNEFERjRCMDE5OERCMTY2AA==,delivered,2025-07-09 17:05:41,,,,,,
2025-07-09 17:06:48,918929532648,724637984055655,wamid.HBgMOTE5ODcxMTI1MTE1FQIAERgSRUMyM0MwQ0VGMThFMjc4RjFCAA==,delivered,2025-07-09 17:06:48,,,,,,
2025-07-09 17:05:17,918929546200,725569473962618,wamid.HBgMOTE4ODgyMjI2MDY4FQIAERgSNzE1QTRBQTlCOEJGMkI5MTk5AA==,delivered,2025-07-09 17:05:17,,,,,,
2025-07-09 17:06:39,919205888736,650615708140466,wamid.HBgMOTE4MzczOTMxMDYyFQIAERgSNUY0ODUyNjAyQjk1REYxREQwAA==,delivered,2025-07-09 17:06:39,,,,,,
2025-07-09 17:04:46,918929546200,725569473962618,wamid.HBgMOTE5OTUzNjU1MDk1FQIAERgSNEM1MDFFNDQ4OTM2NUI5MTFDAA==,delivered,2025-07-09 17:04:46,,,,,,
2025-07-09 17:04:56,918929546200,725569473962618,wamid.HBgMOTE5ODE4NDAwNzEyFQIAERgSNkM2OTRFMEY4QUQ2MDQyRjYwAA==,delivered,2025-07-09 17:04:56,,,,,,
2025-07-09 17:06:25,918929532648,724637984055655,wamid.HBgMOTE4ODI0OTMyNDU4FQIAERgSNkY4QUVGOEVBNEE0MzY1QkE2AA==,delivered,2025-07-09 17:06:25,,,,,,
2025-07-09 17:05:52,918929546200,725569473962618,wamid.HBgMOTE5NjU0NjMxMzU1FQIAERgSQkJBODM3MTlCMEI5RjRGRkE1AA==,delivered,2025-07-09 17:05:52,,,,,,
2025-07-09 17:03:31,918929546200,725569473962618,wamid.HBgMOTE5OTcxMzA3NzYyFQIAERgSMDA3NTk3NzIxQzIyRThGNTU4AA==,delivered,2025-07-09 17:03:31,,,,,,
2025-07-09 17:06:50,918929532648,724637984055655,wamid.HBgMOTE5NjI1MDE4OTQ4FQIAERgSRUNGREIyMzcwRjhCNjMxMEUwAA==,delivered,2025-07-09 17:06:50,,,,,,
2025-07-09 17:03:34,918929546200,725569473962618,wamid.HBgMOTE3Njc4NDE1NTY5FQIAERgSQTQxMzBBNzEzQzk1RTU3QzM5AA==,delivered,2025-07-09 17:03:34,,,,,,
2025-07-09 17:05:58,918929532648,724637984055655,wamid.HBgMOTE4NjUwMDAyMjAyFQIAERgSQzc0Qjg4NEEwQzk2NDhERjFFAA==,delivered,2025-07-09 17:05:58,,,,,,
2025-07-09 17:07:06,918929546200,725569473962618,wamid.HBgMOTE5MTQ5OTQxMjc4FQIAERgSMUQwNjZGMTYyNDY3MjRBOEM4AA==,delivered,2025-07-09 17:07:06,,,,,,
2025-07-09 17:02:24,918929546200,725569473962618,wamid.HBgMOTE5ODExNjQyNTYyFQIAERgSQ0MzMEI5OEM1ODc3Nzc4Mzc3AA==,delivered,2025-07-09 17:02:24,,,,,,
2025-07-09 17:04:37,918929546200,725569473962618,wamid.HBgMOTE5OTg1NDk1NjgwFQIAERgSNjE4MTg1NEY1REMzQTVGODZFAA==,delivered,2025-07-09 17:04:37,,,,,,
2025-07-09 17:03:51,918929532648,724637984055655,wamid.HBgMOTE4NDQ1MTcyMzk3FQIAERgSMEM1NkY1MjdCMzEwRkNFMTJDAA==,delivered,2025-07-09 17:03:51,,,,,,
2025-07-09 17:05:04,918929546200,725569473962618,wamid.HBgMOTE5ODQ5OTMyOTg3FQIAERgSODc2MEMxOUU0N0NDNjVBQTREAA==,delivered,2025-07-09 17:05:04,,,,,,
2025-07-09 17:03:29,919205888736,650615708140466,wamid.HBgMOTE5ODk2MTgyNDg3FQIAERgSQTlBOTJGNjgyQTA4MEREN0M3AA==,delivered,2025-07-09 17:03:29,,,,,,
2025-07-09 17:05:01,918929546200,725569473962618,wamid.HBgMOTE4ODc5ODAwNDA0FQIAERgSNjBFMEQyMjMzNjc2RDM1QzYzAA==,delivered,2025-07-09 17:05:01,,,,,,
2025-07-09 17:05:37,918929546200,725569473962618,wamid.HBgMOTE5OTEwODgzOTAwFQIAERgSQzA2Mzg5QjUwOUM2MzhEQkQ2AA==,delivered,2025-07-09 17:05:37,,,,,,
2025-07-09 17:05:29,918929546200,725569473962618,wamid.HBgMOTE3NzE4ODI4NTIwFQIAERgSN0JFNjdCM0FBODUxRkZFODUzAA==,delivered,2025-07-09 17:05:29,,,,,,
2025-07-09 17:04:33,918929532648,724637984055655,wamid.HBgMOTE3MDgyMDAwNDgwFQIAERgSMzQxRTBDQUU0QjczQzk0MTJCAA==,delivered,2025-07-09 17:04:33,,,,,,
2025-07-09 17:05:57,918929546200,725569473962618,wamid.HBgMOTE5NjgyMzI1MzQ0FQIAERgSQTVCODY4NTYxMjlDNzUzMUZGAA==,delivered,2025-07-09 17:05:57,,,,,,
2025-07-09 17:06:38,918929532648,724637984055655,wamid.HBgMOTE2MjY0ODU1ODI3FQIAERgSQTg0RjY5Q0Q3QkI5MDdENUJGAA==,delivered,2025-07-09 17:06:38,,,,,,
2025-07-09 17:05:05,918929546200,725569473962618,wamid.HBgMOTE5OTg1NDk1NjgwFQIAERgSQzMzOEI1RkFFOUIxMzJBRjYwAA==,delivered,2025-07-09 17:05:05,,,,,,
2025-07-09 17:04:48,919205888736,650615708140466,wamid.HBgMOTE4OTU2MTAwMDA1FQIAERgSQkM2MzNDRkMyMTI0QzE5RTFDAA==,delivered,2025-07-09 17:04:48,,,,,,
2025-07-09 17:03:33,918929546200,725569473962618,wamid.HBgMOTE5NTYwNzQwMDMzFQIAERgSNkEzMTQyOTdFMTI5Mzk3MkQxAA==,delivered,2025-07-09 17:03:33,,,,,,
2025-07-09 17:02:21,919205888736,650615708140466,wamid.HBgMOTE4NzAwMzQzMzczFQIAERgSQjNENEI2QzYwQTBDQTZDRDQzAA==,delivered,2025-07-09 17:02:21,,,,,,
2025-07-09 17:05:39,919205888736,650615708140466,wamid.HBgMOTE5NjI1NTI1Nzk0FQIAERgSNzE5NUFERjA0NTdDMzdFRjg0AA==,delivered,2025-07-09 17:05:39,,,,,,
2025-07-09 17:03:42,919205888736,650615708140466,wamid.HBgMOTE5OTcxOTkyMTg5FQIAERgSNDVCODIwRTc4RUFGMkNGNUU1AA==,delivered,2025-07-09 17:03:42,,,,,,
2025-07-09 17:06:40,919205888736,650615708140466,wamid.HBgMOTE3MDg0MjM3MzkxFQIAERgSOTc1NEM1MDJDRTgxOEJEQkREAA==,delivered,2025-07-09 17:06:40,,,,,,
2025-07-09 17:05:32,918929532648,724637984055655,wamid.HBgMOTE5OTk5MjE5MDU5FQIAERgSRTA1QkE5NUE2M0EyMDFENzM4AA==,delivered,2025-07-09 17:05:32,,,,,,
2025-07-09 17:04:17,919205888736,650615708140466,wamid.HBgMOTE4MTQ2MzY2MjA4FQIAERgSRTI5MTk3N0FFOUU3MEZFMkNFAA==,delivered,2025-07-09 17:04:17,,,,,,
2025-07-09 17:04:57,918929532648,724637984055655,wamid.HBgMOTE4MzkwNzczMjMzFQIAERgSQjM5MTY4MjJGQ0E2MjQ4QzFBAA==,delivered,2025-07-09 17:04:57,,,,,,
2025-07-09 17:03:18,918929532648,724637984055655,wamid.HBgMOTE4MDc3Mjk5MTQ0FQIAERgSQjQ3NzY4ODIxRUM3QzA3OTgyAA==,delivered,2025-07-09 17:03:18,,,,,,
2025-07-09 17:04:34,918929532648,724637984055655,wamid.HBgMOTE5MzA2MDI4MDExFQIAERgSMzE3OTdCQjVFREJBRjY1OUQwAA==,delivered,2025-07-09 17:04:34,,,,,,
2025-07-09 17:03:22,918929546200,725569473962618,wamid.HBgMOTE4OTQ5MTkyMjYxFQIAERgSMDQ3ODQ4MkRGMzVEREYzMkM2AA==,delivered,2025-07-09 17:03:22,,,,,,
2025-07-09 17:06:46,918929532648,724637984055655,wamid.HBgMOTE5ODk5OTY0MDc3FQIAERgSMkI2OEIwOUI4RENENjI5Q0RGAA==,delivered,2025-07-09 17:06:46,,,,,,
2025-07-09 17:03:19,918929546200,725569473962618,wamid.HBgMOTE5ODk5ODg3NTkzFQIAERgSMjBFQzhBMUZEOUZGMEEyNzM4AA==,delivered,2025-07-09 17:03:19,,,,,,
2025-07-09 17:03:10,918929546200,725569473962618,wamid.HBgMOTE5NjUwNDE1MjcyFQIAERgSNDU4MDQ5RUU3RjcwRDBFN0IyAA==,delivered,2025-07-09 17:03:10,,,,,,
2025-07-09 17:03:13,918929532648,724637984055655,wamid.HBgMOTE5NzExNjA3OTM5FQIAERgSRTk3QUNEQ0MyMjUxMjAwRkNGAA==,delivered,2025-07-09 17:03:13,,,,,,
2025-07-09 17:05:28,918929546200,725569473962618,wamid.HBgMOTE5ODEwMTEwNTA1FQIAERgSQkJGQTU3RDlEQ0ZFMkJFOTdGAA==,delivered,2025-07-09 17:05:28,,,,,,
2025-07-09 17:04:14,918929546200,725569473962618,wamid.HBgMOTE5NjUwMjYyNDY4FQIAERgSOTFBNkQ2MkE5NzA5NTk5RUEwAA==,delivered,2025-07-09 17:04:14,,,,,,
2025-07-09 17:04:24,918929532648,724637984055655,wamid.HBgMOTE5ODEwMTY5MzY3FQIAERgSOEJCMDBGQjg2QTZGQ0E3REM2AA==,delivered,2025-07-09 17:04:24,,,,,,
2025-07-09 17:03:11,918929546200,725569473962618,wamid.HBgMOTE5NzYxNTcxMjM0FQIAERgSRkExNzY0MTE5QzlCNjU0N0I1AA==,delivered,2025-07-09 17:03:11,,,,,,
2025-07-09 17:02:32,918929546200,725569473962618,wamid.HBgMOTE5NzExMzY4NjQwFQIAERgSNEMxRjZDMEIxQ0Y2N0YyOUEwAA==,delivered,2025-07-09 17:02:32,,,,,,
2025-07-09 17:02:18,918929546200,725569473962618,wamid.HBgMOTE5NjU0NTQyNDkwFQIAERgSMDQxRDRERTNDNUE5RDNBRjZGAA==,delivered,2025-07-09 17:02:18,,,,,,
2025-07-09 17:04:33,918929546200,725569473962618,wamid.HBgMOTE5OTU4NTgwODc3FQIAERgSQkM2MDg3QjNCM0Q0N0ZEODBFAA==,delivered,2025-07-09 17:04:33,,,,,,
2025-07-09 17:04:31,918929546200,725569473962618,wamid.HBgMOTE5NTgyODI0MzMxFQIAERgSMDBCNzFENTkzREQ3MDdBNzk5AA==,delivered,2025-07-09 17:04:31,,,,,,
2025-07-09 17:05:49,918929532648,724637984055655,wamid.HBgMOTE5MTQ5OTQxMjc4FQIAERgSRTVBOThDMjNDNERGMDA5ODhBAA==,delivered,2025-07-09 17:05:49,,,,,,
2025-07-09 17:02:08,919205888736,650615708140466,wamid.HBgMOTE4MzY4OTgxNTQxFQIAERgSQkM5RUVBRTlCNDY1RkJBMDIwAA==,delivered,2025-07-09 17:02:08,,,,,,
2025-07-09 17:03:53,918929546200,725569473962618,wamid.HBgMOTE5OTk5MzkyOTg2FQIAERgSRDQwNzFGMUI3MEIzQUVCQTRFAA==,delivered,2025-07-09 17:03:53,,,,,,
2025-07-09 17:04:14,918929546200,725569473962618,wamid.HBgMOTE5NzExNDUwNDY1FQIAERgSRTc3MTEwRUZENDk2MENFMkYzAA==,delivered,2025-07-09 17:04:14,,,,,,
2025-07-09 17:05:31,918929532648,724637984055655,wamid.HBgMOTE4MDc3Mjk5MTQ0FQIAERgSNDdEMzVFNEVCMzY0NkQzRTE0AA==,delivered,2025-07-09 17:05:31,,,,,,
2025-07-09 17:03:21,919205888736,650615708140466,wamid.HBgMOTE4MjA5MTc1OTUwFQIAERgSMUU0OUY1OUY4RUEwNTJCQkU0AA==,delivered,2025-07-09 17:03:21,,,,,,
2025-07-09 17:02:38,918929546200,725569473962618,wamid.HBgMOTE5ODcxMTI1MTE1FQIAERgSRkE5Q0I1QzQyRkZBQjA1MjdGAA==,delivered,2025-07-09 17:02:38,,,,,,
2025-07-09 17:04:26,919205888736,650615708140466,wamid.HBgMOTE5OTUzNzc3NzcxFQIAERgSQjFGMjM3NkJENjgzRUM3QUUzAA==,delivered,2025-07-09 17:04:26,,,,,,
2025-07-09 17:05:10,919205888736,650615708140466,wamid.HBgMOTE4MzczOTMxMDYyFQIAERgSNEYyQzYxQzk2RDdBMEQ2N0MxAA==,delivered,2025-07-09 17:05:10,,,,,,
2025-07-09 17:04:15,918929546200,725569473962618,wamid.HBgMOTE5NTk5MDM4NzQwFQIAERgSNjkyQzk4MzVGNEUxQTU1OUZFAA==,delivered,2025-07-09 17:04:15,,,,,,
2025-07-09 17:05:06,918929546200,725569473962618,wamid.HBgMOTE4Mjg1NTgyOTQ2FQIAERgSRTM0NTFGQ0M5QzFBRkUwMDFEAA==,delivered,2025-07-09 17:05:06,,,,,,
2025-07-09 17:06:30,918929532648,724637984055655,wamid.HBgMOTE4OTI5NzQ2ODIxFQIAERgSNjcwNTg0RkNCOEY1OTVGMDMxAA==,delivered,2025-07-09 17:06:30,,,,,,
2025-07-09 17:02:46,918929532648,724637984055655,wamid.HBgMOTE3MDExMTE4NjAwFQIAERgSNTFCQzU3NERCRDc3REQxNjY4AA==,delivered,2025-07-09 17:02:46,,,,,,
2025-07-09 17:06:54,918929532648,724637984055655,wamid.HBgMOTE5OTUzMDM5OTM5FQIAERgSNzRGMjQ5RjA3NEY2MUM1NThGAA==,delivered,2025-07-09 17:06:54,,,,,,
2025-07-09 17:06:43,918929546200,725569473962618,wamid.HBgMOTE5ODczMDA4MjIyFQIAERgSQjRGNzZENTZFRjlBMEVBMjkwAA==,delivered,2025-07-09 17:06:43,,,,,,
2025-07-09 17:05:26,918929546200,725569473962618,wamid.HBgMOTE4MjE4NzQ1NTI1FQIAERgSODYyNzZFMEU4REI3MjQwMERBAA==,delivered,2025-07-09 17:05:26,,,,,,
2025-07-09 17:05:56,919205888736,650615708140466,wamid.HBgMOTE5OTUzNjg0NzMzFQIAERgSQzJFMDcxOTc2MkNDMTQ3MkNEAA==,delivered,2025-07-09 17:05:56,,,,,,
2025-07-09 17:02:56,918929546200,725569473962618,wamid.HBgMOTE4NTcyMDI3NzI2FQIAERgSMzc5MjVBMzVGRThGNEE4Rjk3AA==,delivered,2025-07-09 17:02:56,,,,,,
2025-07-09 17:04:05,918929532648,724637984055655,wamid.HBgMOTE5MzExNjU2Nzg0FQIAERgSNUU1RUMzMTYyMkI1NTcwNEQzAA==,delivered,2025-07-09 17:04:05,,,,,,
2025-07-09 17:02:59,918929546200,725569473962618,wamid.HBgMOTE5ODExNzY1MDI4FQIAERgSMjhDMUUzOTk2MUVFRTk3NUI4AA==,delivered,2025-07-09 17:02:59,,,,,,
2025-07-09 17:03:27,918929546200,725569473962618,wamid.HBgMOTE5ODczNDQyNDY0FQIAERgSNkQ2MTM2REM1OTc2MTk0NUFBAA==,delivered,2025-07-09 17:03:27,,,,,,
2025-07-09 17:03:32,918929532648,724637984055655,wamid.HBgMOTE4MDkzMzc3NDYzFQIAERgSRUZGNzNGMjg1M0NCMDhDRjc0AA==,delivered,2025-07-09 17:03:32,,,,,,
2025-07-09 17:03:56,918929546200,725569473962618,wamid.HBgMOTE4Mjg3MzY0NjQzFQIAERgSQkQyMkQ4QzRDRTZDNjU3NDAzAA==,delivered,2025-07-09 17:03:56,,,,,,
2025-07-09 17:06:07,918929532648,724637984055655,wamid.HBgMOTE5ODkxMjI2OTE1FQIAERgSNzY3RTFCMUZCMjczQ0M4RDM5AA==,delivered,2025-07-09 17:06:07,,,,,,
2025-07-09 17:03:43,918929532648,724637984055655,wamid.HBgMOTE3MDQyODE2MzYwFQIAERgSRjgwNEZDNTc4RkUyMzQyOUFDAA==,delivered,2025-07-09 17:03:43,,,,,,
2025-07-09 17:03:33,918929532648,724637984055655,wamid.HBgMOTE4MDkwMDk0MTU5FQIAERgSNDkwQjBBQjE4QTk3RkNBRjI3AA==,delivered,2025-07-09 17:03:33,,,,,,
2025-07-09 17:06:11,919205888736,650615708140466,wamid.HBgMOTE5OTU4MzkzNzY5FQIAERgSRTYyN0VBNTk1QzE3Q0RFMjU1AA==,delivered,2025-07-09 17:06:11,,,,,,
2025-07-09 17:03:36,918929532648,724637984055655,wamid.HBgMOTE5OTAwMDkwMjY5FQIAERgSQjhGRThFNDQ5Nzk4NUVDNjlEAA==,delivered,2025-07-09 17:03:36,,,,,,
2025-07-09 17:06:04,918929546200,725569473962618,wamid.HBgMOTE4MDEwMTAyMjcwFQIAERgSQTU2MENEODUzMENDMzJFRkJFAA==,delivered,2025-07-09 17:06:04,,,,,,
2025-07-09 17:05:41,918929532648,724637984055655,wamid.HBgMOTE5NDM3MjEyMDY3FQIAERgSNjQ3Qjk0REE2NjNBNTA3RjdEAA==,delivered,2025-07-09 17:05:41,,,,,,
2025-07-09 17:02:09,918929546200,725569473962618,wamid.HBgMOTE5OTk5NjEyMTYyFQIAERgSQkNEODM1RkFCRDdEMkQ4RTg1AA==,delivered,2025-07-09 17:02:09,,,,,,
2025-07-09 17:02:21,918929546200,725569473962618,wamid.HBgMOTE5OTk5ODcwNTY0FQIAERgSODAzQTQ2ODE2Njk4REYxMDk5AA==,delivered,2025-07-09 17:02:21,,,,,,
2025-07-09 17:02:36,918929546200,725569473962618,wamid.HBgMOTE5OTEwMDAwMzI0FQIAERgSRTdCMTY0MzNCN0YwM0VFMjNGAA==,delivered,2025-07-09 17:02:36,,,,,,
2025-07-09 17:04:29,918929546200,725569473962618,wamid.HBgMOTE5NzgxNDMwOTk5FQIAERgSRjQ1QTlBNjEwNDQ4NjY5NjExAA==,delivered,2025-07-09 17:04:29,,,,,,
2025-07-09 17:04:21,918929546200,725569473962618,wamid.HBgMOTE4MDc2NzQzNzEyFQIAERgSREU2MjEwMTMxNjFBMThERTc3AA==,delivered,2025-07-09 17:04:21,,,,,,
2025-07-09 17:05:32,918929546200,725569473962618,wamid.HBgMOTE4NTI3NzIwMDA2FQIAERgSNUIzMjc2NDNGQzhFMzJCMDdCAA==,delivered,2025-07-09 17:05:32,,,,,,
2025-07-09 17:03:15,918929532648,724637984055655,wamid.HBgMOTE4Mjk5ODAwNDI4FQIAERgSQjkzRjYwRUJDRjdEMkRDNUI1AA==,delivered,2025-07-09 17:03:15,,,,,,
2025-07-09 17:03:45,919205888736,650615708140466,wamid.HBgMOTE4OTE4NzU4MTYyFQIAERgSMzFFRkQ3MzA5QjY2NTlBNzQ0AA==,delivered,2025-07-09 17:03:45,,,,,,
2025-07-09 17:06:57,918929532648,724637984055655,wamid.HBgMOTE5ODMzMTA4NzcwFQIAERgSNEJENzE2RjhGNUVBOUQxRTlDAA==,delivered,2025-07-09 17:06:57,,,,,,
2025-07-09 17:05:18,918929546200,725569473962618,wamid.HBgMOTE4MDU5NTg5MjYwFQIAERgSNUJENjk4QkIwQjNENzlEMkQzAA==,delivered,2025-07-09 17:05:18,,,,,,
2025-07-09 17:06:37,918929532648,724637984055655,wamid.HBgMOTE5OTUzMDM5OTM5FQIAERgSOTc2RUVGNUUyNzdCNTFCMjUxAA==,delivered,2025-07-09 17:06:37,,,,,,
2025-07-09 17:04:22,918929546200,725569473962618,wamid.HBgMOTE3NzE4ODI4NTIwFQIAERgSRDUzMzE4Qzg1RDJERjQ4RUQ2AA==,delivered,2025-07-09 17:04:22,,,,,,
2025-07-09 17:06:49,919205888736,650615708140466,wamid.HBgMOTE4Mzc2OTk4ODA4FQIAERgSQ0RCMzE5OEJENkMyN0ExOEM2AA==,delivered,2025-07-09 17:06:49,,,,,,
2025-07-09 17:05:07,918929546200,725569473962618,wamid.HBgMOTE5NzExMzY4NjQwFQIAERgSNjlCRTYyNDI2NDQ0OEU0QzIzAA==,delivered,2025-07-09 17:05:07,,,,,,
2025-07-09 17:02:39,919205888736,650615708140466,wamid.HBgMOTE4NzIzOTMwMTMxFQIAERgSMEU3NkIzNTVFQTM4QjdCRUQxAA==,delivered,2025-07-09 17:02:39,,,,,,
2025-07-09 17:03:18,918929546200,725569473962618,wamid.HBgMOTE3NjY4MzA4MzEwFQIAERgSNDI0QUZDRjMyQTdEMkIwQjk4AA==,delivered,2025-07-09 17:03:18,,,,,,
2025-07-09 17:04:16,918929532648,724637984055655,wamid.HBgMOTE4ODI0OTMyNDU4FQIAERgSMjcyMTkwNUZGQkE4ODJGNkQxAA==,delivered,2025-07-09 17:04:16,,,,,,
2025-07-09 17:05:57,919205888736,650615708140466,wamid.HBgMOTE5OTU4Mzk5OTIwFQIAERgSNUNFMzc5RDI2N0QyOTM1MkY0AA==,delivered,2025-07-09 17:05:57,,,,,,
2025-07-09 17:04:12,918929546200,725569473962618,wamid.HBgMOTE3Mzc3Nzg4ODg4FQIAERgSNzdDMTZGOTM5OENCNTM0NDA3AA==,delivered,2025-07-09 17:04:12,,,,,,
2025-07-09 17:03:02,919205888736,650615708140466,wamid.HBgMOTE5ODk5NjM2MzcwFQIAERgSQjVCREY2NDlGOTg2OTdEMkM1AA==,delivered,2025-07-09 17:03:02,,,,,,
2025-07-09 17:04:18,918929532648,724637984055655,wamid.HBgMOTE5ODE1NzE2OTg5FQIAERgSQkU5OUQ0MkM3ODg3QzQxRTY0AA==,delivered,2025-07-09 17:04:18,,,,,,
2025-07-09 17:03:03,918929546200,725569473962618,wamid.HBgMOTE5NzExNDA0Njk2FQIAERgSOUUwRkIzQjQ1MjBERUQ0QzREAA==,delivered,2025-07-09 17:03:03,,,,,,
2025-07-09 17:04:00,919205888736,650615708140466,wamid.HBgMOTE4ODAwNzIyNjg4FQIAERgSNjc1NDc4Q0M2MDhGQjE5RUJFAA==,delivered,2025-07-09 17:04:00,,,,,,
2025-07-09 17:03:23,918929546200,725569473962618,wamid.HBgMOTE3MDUxNTgxMjg2FQIAERgSQTNEQjQ5RTUxMjU5M0ZGRkI5AA==,delivered,2025-07-09 17:03:23,,,,,,
2025-07-09 17:03:26,918929532648,724637984055655,wamid.HBgMOTE5ODE1NDQxMzk5FQIAERgSREUwMzg1MjM1MTBERUJFRUMwAA==,delivered,2025-07-09 17:03:26,,,,,,
2025-07-09 17:06:28,919873744492,657469204124096,wamid.HBgMOTE5NzExMzQwNTA1FQIAERgSNENCRDg5MzIxQkY0NzNCNDBCAA==,delivered,2025-07-09 17:06:28,,,,,,
2025-07-09 17:06:30,918929532648,724637984055655,wamid.HBgMOTE5OTk5MjE5MDU5FQIAERgSOTUyRjA0RDcyMjNCMjI5QTBFAA==,delivered,2025-07-09 17:06:30,,,,,,
2025-07-09 17:05:17,918929546200,725569473962618,wamid.HBgMOTE4MTMwNDQxOTc1FQIAERgSQjdCMDU4QzA4OEZBOEEzODczAA==,delivered,2025-07-09 17:05:17,,,,,,
2025-07-09 17:03:20,918929546200,725569473962618,wamid.HBgMOTE5ODEwMzQ3OTIxFQIAERgSRDREODY1NTlDNkYxMzczNjQzAA==,delivered,2025-07-09 17:03:20,,,,,,
2025-07-09 17:02:29,918929546200,725569473962618,wamid.HBgMOTE3MDExMjUwMTUyFQIAERgSMDRDODJGNDAyNDAzQjBDNTkzAA==,delivered,2025-07-09 17:02:29,,,,,,
2025-07-09 17:03:22,918929546200,725569473962618,wamid.HBgMOTE4NzAwMjkyNjY0FQIAERgSQ0I5NUY2NEJCRUE4RjU5RkU0AA==,delivered,2025-07-09 17:03:22,,,,,,
2025-07-09 17:05:59,919205888736,650615708140466,wamid.HBgMOTE4MzQwMzIyNDU1FQIAERgSODU2RDlDM0FBRDNCMjBDQ0U0AA==,delivered,2025-07-09 17:05:59,,,,,,
2025-07-09 17:02:31,919205888736,650615708140466,wamid.HBgMOTE5NjcwNzU5OTA4FQIAERgSQ0M2NEE5QTEzNTBCMUIzM0Q0AA==,delivered,2025-07-09 17:02:31,,,,,,
2025-07-09 17:04:34,918929546200,725569473962618,wamid.HBgMOTE4MTc4MDkzNjc1FQIAERgSNzcxMjQzRTRCMjlBRTFGQzc4AA==,delivered,2025-07-09 17:04:34,,,,,,
2025-07-09 17:05:11,918929532648,724637984055655,wamid.HBgMOTE4ODYwMjIxNDk3FQIAERgSNjg2QTk4REU4MzI3QjFFMjEzAA==,delivered,2025-07-09 17:05:11,,,,,,
2025-07-09 17:04:20,918929532648,724637984055655,wamid.HBgMOTE5ODk5MDU4MTEwFQIAERgSRDk5NjIxNERCMDBBOTY4MzA1AA==,delivered,2025-07-09 17:04:20,,,,,,
2025-07-09 17:04:03,919205888736,650615708140466,wamid.HBgMOTE4ODEwNjQ3MzM3FQIAERgSQUVFRUM0NTZGODdCRjEwQzI5AA==,delivered,2025-07-09 17:04:03,,,,,,
2025-07-09 17:04:26,918929546200,725569473962618,wamid.HBgMOTE5NjUwNjcxNjUzFQIAERgSMzE4QzZGQTVFQkMyRjBBRUI2AA==,delivered,2025-07-09 17:04:26,,,,,,
2025-07-09 17:02:59,918929532648,724637984055655,wamid.HBgMOTE3NjY4NzIwNTEzFQIAERgSRERBMTQ0QzI3RkMzNUE3RTFEAA==,delivered,2025-07-09 17:02:59,,,,,,
2025-07-09 17:02:15,918929532648,724637984055655,wamid.HBgMOTE4NjkwODc3MTk5FQIAERgSQ0I1M0RBMEFFRkMxMUVERDVDAA==,delivered,2025-07-09 17:02:15,,,,,,
2025-07-09 17:06:45,919205888736,650615708140466,wamid.HBgMOTE5NTgyNjQ2OTQzFQIAERgSNjkzRTMzMTM5NUNBRjExODBDAA==,delivered,2025-07-09 17:06:45,,,,,,
2025-07-09 17:03:56,918929532648,724637984055655,wamid.HBgMOTE5ODMzMTA4NzcwFQIAERgSQjUyOUNFRERFMDQ2OTRCOTkyAA==,delivered,2025-07-09 17:03:56,,,,,,
2025-07-09 17:03:26,918929546200,725569473962618,wamid.HBgMOTE3ODkzNjY2MzE1FQIAERgSMERCQjEzNjk0OTM3RTNCREIwAA==,delivered,2025-07-09 17:03:26,,,,,,
2025-07-09 17:03:29,919205888736,650615708140466,wamid.HBgMOTE5ODYzNjMzMTc4FQIAERgSOTdGMUJFREUzMTU2QTFBRjdDAA==,delivered,2025-07-09 17:03:29,,,,,,
2025-07-09 17:02:55,918929546200,725569473962618,wamid.HBgMOTE5ODEwMzQ3OTIxFQIAERgSODI3NTQzQzczNzg0MjAzMTM4AA==,delivered,2025-07-09 17:02:55,,,,,,
2025-07-09 17:03:15,918929532648,724637984055655,wamid.HBgMOTE5ODk5OTA4ODk4FQIAERgSMjdBNzMwQzUwNDg3MDQ2MkY5AA==,delivered,2025-07-09 17:03:15,,,,,,
2025-07-09 17:05:49,918929546200,725569473962618,wamid.HBgMOTE3MDQyNDk4NDAyFQIAERgSMzkyMDNDMzE3NjgxQzE4QUY2AA==,delivered,2025-07-09 17:05:49,,,,,,
2025-07-09 17:06:39,919205888736,650615708140466,wamid.HBgMOTE5NDc5NjM3MjQ0FQIAERgSQTBFNjU1MEVFM0IwQUUxOEMyAA==,delivered,2025-07-09 17:06:39,,,,,,
2025-07-09 17:06:15,918929532648,724637984055655,wamid.HBgMOTE5ODczODE1MTExFQIAERgSMTU0NzhENTk0NzA2MkQxNTY0AA==,delivered,2025-07-09 17:06:15,,,,,,
2025-07-09 17:06:25,918929546200,725569473962618,wamid.HBgMOTE5NzExNjE4MDgwFQIAERgSQzA3NkY3RTNGNzc0N0JEMDgyAA==,delivered,2025-07-09 17:06:25,,,,,,
2025-07-09 17:05:47,919205888736,650615708140466,wamid.HBgMOTE3ODk2MDExOTU2FQIAERgSNDI4OTIzRTI1ODJBNjA2QTEwAA==,delivered,2025-07-09 17:05:47,,,,,,
2025-07-09 17:06:06,919205888736,650615708140466,wamid.HBgMOTE5NjMwNTQ4OTYzFQIAERgSMzg3NENGN0Y1MUI1NTg0QjI4AA==,delivered,2025-07-09 17:06:06,,,,,,
2025-07-09 17:05:10,918929532648,724637984055655,wamid.HBgMOTE5OTU4NzI0NDQyFQIAERgSQ0E3NEYxNzY3QjIyQ0RDMkRGAA==,delivered,2025-07-09 17:05:10,,,,,,
2025-07-09 17:05:16,918929546200,725569473962618,wamid.HBgMOTE5ODk2ODUxNzQ3FQIAERgSOEI3RDM3Mjc2RkY0RDYwQkRFAA==,delivered,2025-07-09 17:05:16,,,,,,
2025-07-09 17:05:31,918929546200,725569473962618,wamid.HBgMOTE5OTc0OTY2MDg4FQIAERgSQTBENDAyNzcyOUM2QThGRTAxAA==,delivered,2025-07-09 17:05:31,,,,,,
2025-07-09 17:02:53,918929546200,725569473962618,wamid.HBgMOTE5OTEwMjUzMDkyFQIAERgSOTA4NzVBMTdCMjc2NTAxRTMwAA==,delivered,2025-07-09 17:02:53,,,,,,
2025-07-09 17:06:24,918929532648,724637984055655,wamid.HBgMOTE5MzE5MDkwOTIxFQIAERgSQTNBMTRFNTM5RTNEM0U5ODdDAA==,delivered,2025-07-09 17:06:24,,,,,,
2025-07-09 17:04:52,919205888736,650615708140466,wamid.HBgMOTE2MjY2NDE1NDk0FQIAERgSOEQyMUE4RDk3QjU2MTgwRkJGAA==,delivered,2025-07-09 17:04:52,,,,,,
2025-07-09 17:03:18,919205888736,650615708140466,wamid.HBgMOTE5MDQ0ODAzOTM3FQIAERgSNEI3MEJCQTQ4RjlFQ0Q2MjI5AA==,delivered,2025-07-09 17:03:18,,,,,,
2025-07-09 17:03:34,918929546200,725569473962618,wamid.HBgMOTE5NzE2NzUwMjcwFQIAERgSQjg3NzJFNTM5NjIzMTQ0MDJFAA==,delivered,2025-07-09 17:03:34,,,,,,
2025-07-09 17:06:36,919205888736,650615708140466,wamid.HBgMOTE5NzgyMzAyNDQ0FQIAERgSMjU0MjcxN0M4NDk5NDhDNUQwAA==,delivered,2025-07-09 17:06:36,,,,,,
2025-07-09 17:03:54,918929546200,725569473962618,wamid.HBgMOTE4MTc4MDkzNjc1FQIAERgSREQwMzlFOTNEMjIzMzE5NDg2AA==,delivered,2025-07-09 17:03:54,,,,,,
2025-07-09 17:04:23,918929546200,725569473962618,wamid.HBgMOTE5NzE2ODk0NDM0FQIAERgSNUEzNkZCM0MwODFBQkIxRUYxAA==,delivered,2025-07-09 17:04:23,,,,,,
2025-07-09 17:05:46,918929532648,724637984055655,wamid.HBgMOTE4Njk5MDczNDc2FQIAERgSMTY2RDdGMkQxNkRCMDRBOUM4AA==,delivered,2025-07-09 17:05:46,,,,,,
2025-07-09 17:05:03,918929546200,725569473962618,wamid.HBgMOTE5OTk5MDA3OTU4FQIAERgSMkEyMjMzMzc4MTZCMkZEMDIzAA==,delivered,2025-07-09 17:05:03,,,,,,
2025-07-09 17:06:06,918929546200,725569473962618,wamid.HBgMOTE5ODUwODMxMjAyFQIAERgSMjE0RUYzRTU3MkE2NzY3MEM0AA==,delivered,2025-07-09 17:06:06,,,,,,
2025-07-09 17:06:26,918929532648,724637984055655,wamid.HBgMOTE5Nzc5MDgxOTA2FQIAERgSNDM0OEQzM0ZBMDQ5QkNFREIzAA==,delivered,2025-07-09 17:06:26,,,,,,
2025-07-09 17:05:56,918929546200,725569473962618,wamid.HBgMOTE5ODc2NzU3NDE1FQIAERgSNTU5MzkyNzIzRjBBMzMzQ0MyAA==,delivered,2025-07-09 17:05:56,,,,,,
2025-07-09 17:03:03,918929532648,724637984055655,wamid.HBgMOTE4Nzk3NjE2ODkwFQIAERgSM0VFOEZDRjE3RUE0RjFEOEY1AA==,delivered,2025-07-09 17:03:03,,,,,,
2025-07-09 17:03:37,918929532648,724637984055655,wamid.HBgMOTE4MDc3Mjk5MTQ0FQIAERgSMjIwOUU3OUY3ODQyRTAzQjg0AA==,delivered,2025-07-09 17:03:37,,,,,,
2025-07-09 17:04:40,918929532648,724637984055655,wamid.HBgMOTE5NzE2MDM4ODA1FQIAERgSQjc5RjQwMTE1MDRBMjBBNEQ4AA==,delivered,2025-07-09 17:04:40,,,,,,
2025-07-09 17:07:03,918929546200,725569473962618,wamid.HBgMOTE4NDQ3Mjg0MDU1FQIAERgSMzQ0MDJDQTIxNzlBNkQzMURDAA==,delivered,2025-07-09 17:07:03,,,,,,
2025-07-09 17:04:10,919205888736,650615708140466,wamid.HBgMOTE4MDc2MTc2ODU2FQIAERgSMkVEQzU5MDJBMzYwNEJFMEFDAA==,delivered,2025-07-09 17:04:10,,,,,,
2025-07-09 17:04:40,918929532648,724637984055655,wamid.HBgMOTE5ODczNzQxMTE3FQIAERgSQTlFRjkyRUI1NUQ3NjMwMDg2AA==,delivered,2025-07-09 17:04:40,,,,,,
2025-07-09 17:04:11,918929532648,724637984055655,wamid.HBgMOTE5OTg4MDY4NjgyFQIAERgSQjFDODFFNjc1OTE3NkNCQkY2AA==,delivered,2025-07-09 17:04:11,,,,,,
2025-07-09 17:07:01,918929546200,725569473962618,wamid.HBgMOTE4MDU5NTg5MjYwFQIAERgSNTc1NEYyNDNCMDA5Q0EzNjMzAA==,delivered,2025-07-09 17:07:01,,,,,,
2025-07-09 17:04:51,918929532648,724637984055655,wamid.HBgMOTE5NDc5ODA3ODQ4FQIAERgSQkU1NEM3MzdDNTA0MTMyM0YyAA==,delivered,2025-07-09 17:04:51,,,,,,
2025-07-09 17:05:58,918929532648,724637984055655,wamid.HBgMOTE5OTU4OTEwMjkyFQIAERgSRDc5Q0JBQzBBN0Y3NjFGMDNEAA==,delivered,2025-07-09 17:05:58,,,,,,
2025-07-09 17:06:20,918929546200,725569473962618,wamid.HBgMOTE5NzE3MTEwNTM1FQIAERgSNzdFOTU3MTg4RjVEMzNCMTQ1AA==,delivered,2025-07-09 17:06:20,,,,,,
2025-07-09 17:02:09,918929532648,724637984055655,wamid.HBgMOTE5ODk5MTQ2MTcxFQIAERgSNjlBM0M1Rjg5QzNCODNCQ0NFAA==,delivered,2025-07-09 17:02:09,,,,,,
2025-07-09 17:02:23,918929546200,725569473962618,wamid.HBgMOTE3MDExNTMwNDM1FQIAERgSRDU2OTVGRDgwODBCQThBNDQ0AA==,delivered,2025-07-09 17:02:23,,,,,,
2025-07-09 17:05:31,918929546200,725569473962618,wamid.HBgMOTE5ODEwMzQ3OTIxFQIAERgSNzBBMUNDNkJGM0FDQTE5MjgzAA==,delivered,2025-07-09 17:05:31,,,,,,
2025-07-09 17:02:33,918929546200,725569473962618,wamid.HBgMOTE5ODEwMzQ3OTIxFQIAERgSMUEzNTI1MzZCNTZDQjcyM0FCAA==,delivered,2025-07-09 17:02:33,,,,,,
2025-07-09 17:02:54,918929546200,725569473962618,wamid.HBgMOTE3Mzc3Nzg4ODg4FQIAERgSQ0RDQTVGNTgyNThCNkU0MDM0AA==,delivered,2025-07-09 17:02:54,,,,,,
2025-07-09 17:04:39,918929532648,724637984055655,wamid.HBgMOTE5NjI1NzIwOTE3FQIAERgSRDI1NzY2RTYxMDc5Nzk3QkRGAA==,delivered,2025-07-09 17:04:39,,,,,,
2025-07-09 17:06:31,919205888736,650615708140466,wamid.HBgMOTE5MDY0MTEwNzI2FQIAERgSMTlFRDJFQ0FEOUU4QTVCRDMyAA==,delivered,2025-07-09 17:06:31,,,,,,
2025-07-09 17:03:16,918929546200,725569473962618,wamid.HBgMOTE4MTQ2MTk3ODc5FQIAERgSRTFDQzZBNkMyREEyQkM4QkQxAA==,delivered,2025-07-09 17:03:16,,,,,,
2025-07-09 17:04:50,918929532648,724637984055655,wamid.HBgMOTE5NjUwNjIxMjU3FQIAERgSODkzREI1RkFGMjUzQUQzOUU2AA==,delivered,2025-07-09 17:04:50,,,,,,
2025-07-09 17:02:19,918929532648,724637984055655,wamid.HBgMOTE3NzAxOTc3Mjg5FQIAERgSMzY4M0VGNzM2QUY1QkMwMTYzAA==,delivered,2025-07-09 17:02:19,,,,,,
2025-07-09 17:04:57,918929546200,725569473962618,wamid.HBgMOTE5OTU4MTExNzY5FQIAERgSMEE1ODA5QUU5RENBNkEyQTE5AA==,delivered,2025-07-09 17:04:57,,,,,,
2025-07-09 17:04:11,919205888736,650615708140466,wamid.HBgMOTE5MTQ5MDUxMTQ1FQIAERgSQzE5RUIzNkQyMUY5RjkwM0RDAA==,delivered,2025-07-09 17:04:11,,,,,,
2025-07-09 17:03:22,918929532648,724637984055655,wamid.HBgMOTE5NjkxMDUwNTg1FQIAERgSOENFREZFQkRDODJDQTlEQUEzAA==,delivered,2025-07-09 17:03:22,,,,,,
2025-07-09 17:06:57,918929546200,725569473962618,wamid.HBgMOTE5NzE3MTEwNTM1FQIAERgSRTBFRTAxNzlEMEIyMEU3RkRDAA==,delivered,2025-07-09 17:06:57,,,,,,
2025-07-09 17:02:26,918929546200,725569473962618,wamid.HBgMOTE5OTU4MDU5NTAwFQIAERgSM0M5NDQzQzM1QjMzOEQ1NjRGAA==,delivered,2025-07-09 17:02:26,,,,,,
2025-07-09 17:04:44,918929532648,724637984055655,wamid.HBgMOTE4NTI3ODQxMjAwFQIAERgSRDYzRUQ2MkZGNkI5NDJBMzk0AA==,delivered,2025-07-09 17:04:44,,,,,,
2025-07-09 17:04:19,918929546200,725569473962618,wamid.HBgMOTE4MjE4NzQ1NTI1FQIAERgSODEyNzk0NzVGQjA5QjA3QTVGAA==,delivered,2025-07-09 17:04:19,,,,,,
2025-07-09 17:05:58,918929546200,725569473962618,wamid.HBgMOTE5MTQ5OTQxMjc4FQIAERgSQ0QzQUM4RjFFMzAxOTk4MkRBAA==,delivered,2025-07-09 17:05:58,,,,,,
2025-07-09 17:04:43,919205888736,650615708140466,wamid.HBgMOTE5NjQ5MTM2ODM1FQIAERgSNTU0QzUxRjY0NEUzNDk2MTY0AA==,delivered,2025-07-09 17:04:43,,,,,,
2025-07-09 17:05:58,918929546200,725569473962618,wamid.HBgMOTE5OTU4MDU5NTAwFQIAERgSMDU0ODA3MTY4NTI5RTk4MUY1AA==,delivered,2025-07-09 17:05:58,,,,,,
2025-07-09 17:04:39,919205888736,650615708140466,wamid.HBgMOTE5ODEwMzE3MzA5FQIAERgSRkJERUU4NzFDQjcwQzIwQUU0AA==,delivered,2025-07-09 17:04:39,,,,,,
2025-07-09 17:05:28,918929546200,725569473962618,wamid.HBgMOTE4OTI4MjE3ODk0FQIAERgSMTk0MTgwMjUxODRGNTQ2MUE2AA==,delivered,2025-07-09 17:05:28,,,,,,
2025-07-09 17:06:27,919205888736,650615708140466,wamid.HBgMOTE5MDM0MjgzODc2FQIAERgSMjE1RDU4QzU1OTFBMkI5N0I5AA==,delivered,2025-07-09 17:06:27,,,,,,
2025-07-09 17:03:04,918929546200,725569473962618,wamid.HBgMOTE5OTUzODY2NDQ0FQIAERgSQjJDNkJENzUzMzc2OEQxNkJEAA==,delivered,2025-07-09 17:03:04,,,,,,
2025-07-09 17:06:39,919205888736,650615708140466,wamid.HBgMOTE5NzExMTc5OTc5FQIAERgSRjczMTJCM0ZEMjQ4MTdCOTFBAA==,delivered,2025-07-09 17:06:39,,,,,,
2025-07-09 17:02:24,918929546200,725569473962618,wamid.HBgMOTE5NjU0NjMxMzU1FQIAERgSOTk2QkE4RTdDNzE5NjRBRjM5AA==,delivered,2025-07-09 17:02:24,,,,,,
2025-07-09 17:03:01,919873744492,657469204124096,wamid.HBgMOTE5NzExMzQwNTA1FQIAERgSOEQ1NjNFRjUxMkNBNzAyMDE3AA==,delivered,2025-07-09 17:03:01,,,,,,
2025-07-09 17:07:07,918929546200,725569473962618,wamid.HBgMOTE3MjY4MDA2Nzk5FQIAERgSODg3RjU3OERCOTgzMzgxQUEyAA==,delivered,2025-07-09 17:07:07,,,,,,
2025-07-09 17:04:18,919205888736,650615708140466,wamid.HBgMOTE5OTU1Nzk0MzI2FQIAERgSOUQ5RkVGNzQ3RUUxQkIyQjQ4AA==,delivered,2025-07-09 17:04:18,,,,,,
2025-07-09 17:04:11,918929532648,724637984055655,wamid.HBgMOTE5ODk5OTA0ODQ0FQIAERgSQkZGNjlBNTRDOTg2NDdBQTgwAA==,delivered,2025-07-09 17:04:11,,,,,,
2025-07-09 17:06:07,919205888736,650615708140466,wamid.HBgMOTE3MDY1NTM2NzM2FQIAERgSMjI3MTY5QzM4NERBOUZFNkQ0AA==,delivered,2025-07-09 17:06:07,,,,,,
2025-07-09 17:02:56,918929546200,725569473962618,wamid.HBgMOTE5NjI1MDE4OTQ4FQIAERgSMUE2NEE0ODBBMUU0MUU0M0M1AA==,delivered,2025-07-09 17:02:56,,,,,,
2025-07-09 17:03:45,919205888736,650615708140466,wamid.HBgMOTE5ODEwNzA3OTgzFQIAERgSNDI4NTNCQjcyQjlGQUZFRkIzAA==,delivered,2025-07-09 17:03:45,,,,,,
2025-07-09 17:04:39,918929546200,725569473962618,wamid.HBgMOTE4Nzc5OTAyODI5FQIAERgSQjA5MEMzNjU1MUIxNDdBQTY4AA==,delivered,2025-07-09 17:04:39,,,,,,
2025-07-09 17:03:17,918929532648,724637984055655,wamid.HBgMOTE4OTI5NzQ2ODIxFQIAERgSMUM2N0ZBQUZBMzMwOTI0QzNEAA==,delivered,2025-07-09 17:03:17,,,,,,
2025-07-09 17:04:38,919205888736,650615708140466,wamid.HBgMOTE4Mjk1NjAyNzY2FQIAERgSRjMxMDhBMDdGQTAyMzREQkYwAA==,delivered,2025-07-09 17:04:38,,,,,,
2025-07-09 17:02:26,919205888736,650615708140466,wamid.HBgMOTE3OTA1ODA3MDIxFQIAERgSQURCMDJGMTAxMEY2NEJBQzcxAA==,delivered,2025-07-09 17:02:26,,,,,,
2025-07-09 17:05:45,918929546200,725569473962618,wamid.HBgMOTE5OTcxMTE5NTYyFQIAERgSODgzMzI1QjI2NTUwMDY2ODdFAA==,delivered,2025-07-09 17:05:45,,,,,,
2025-07-09 17:04:46,918929546200,725569473962618,wamid.HBgMOTE5OTUzNjU1MDk1FQIAERgSRTBERkE3MDNBNjQzMTkyQkU3AA==,delivered,2025-07-09 17:04:46,,,,,,
2025-07-09 17:05:21,919205888736,650615708140466,wamid.HBgMOTE5ODgzNjczMTQzFQIAERgSRDM3RTEwOEMwQTVEOEJBNzUzAA==,delivered,2025-07-09 17:05:21,,,,,,
2025-07-09 17:05:30,919205888736,650615708140466,wamid.HBgMOTE5ODczMzEwMTM2FQIAERgSRjA2MDMzMzM2NDk0OTgyNjBFAA==,delivered,2025-07-09 17:05:30,,,,,,
2025-07-09 17:04:03,919205888736,650615708140466,wamid.HBgMOTE5ODI1OTkwMjU2FQIAERgSNUFBMTVFRjBDNkIxRTc0MkRGAA==,delivered,2025-07-09 17:04:03,,,,,,
2025-07-09 17:04:37,919205888736,650615708140466,wamid.HBgMOTE4ODczMDk2NTQ5FQIAERgSODc4OTlGMzgwN0YwRkNGMDExAA==,delivered,2025-07-09 17:04:37,,,,,,
2025-07-09 17:02:12,918929532648,724637984055655,wamid.HBgMOTE5NjgyNjEwNTIyFQIAERgSRkY5QjE5NjE4QzA0NjREMjNBAA==,delivered,2025-07-09 17:02:12,,,,,,
2025-07-09 17:04:01,918929532648,724637984055655,wamid.HBgMOTE4MTk1OTUyMzQ1FQIAERgSODc2NEI2NDlDRTFBOTcxMDJFAA==,delivered,2025-07-09 17:04:01,,,,,,
2025-07-09 17:03:02,919205888736,650615708140466,wamid.HBgMOTE5ODczNTAwMDkyFQIAERgSQjA5NzU0OENCNTA0RkRCRUU2AA==,delivered,2025-07-09 17:03:02,,,,,,
2025-07-09 17:02:28,919205888736,650615708140466,wamid.HBgMOTE4MzgzOTk2ODczFQIAERgSRjY3MjY0RkNBQkM0REFFOEMwAA==,delivered,2025-07-09 17:02:28,,,,,,
2025-07-09 17:03:28,919205888736,650615708140466,wamid.HBgMOTE4NDQ3NTMxMzMzFQIAERgSMTVFRkI2NkFBOEY4NjFGQUIzAA==,delivered,2025-07-09 17:03:28,,,,,,
2025-07-09 17:03:32,918929546200,725569473962618,wamid.HBgMOTE5OTcxNjM4MjMzFQIAERgSQTE5RjBENTk1NEJGMDdFNEI2AA==,delivered,2025-07-09 17:03:32,,,,,,
2025-07-09 17:03:16,918929532648,724637984055655,wamid.HBgMOTE3OTgyNjMwNTA4FQIAERgSNUNGQzZDNzU5RDYzMUY1OTIyAA==,delivered,2025-07-09 17:03:16,,,,,,
2025-07-09 17:04:48,918929532648,724637984055655,wamid.HBgMOTE5NjUwNjIxMjU3FQIAERgSQjYzMjlDMDc1MzFGQ0VCQTJBAA==,delivered,2025-07-09 17:04:48,,,,,,
2025-07-09 17:05:57,919205888736,650615708140466,wamid.HBgMOTE4NzAwMDEyMTYyFQIAERgSNkE0OTk1NTEyRjM2Nzg0OTdEAA==,delivered,2025-07-09 17:05:57,,,,,,
2025-07-09 17:03:56,918929546200,725569473962618,wamid.HBgMOTE5NDU0NjM2MDk1FQIAERgSNzY5REQzMTk3M0Q5OTZBREJCAA==,delivered,2025-07-09 17:03:56,,,,,,
2025-07-09 17:02:23,919205888736,650615708140466,wamid.HBgMOTE4MTMwMzIyNTY0FQIAERgSQzhERUMzRDk3QkNDQzIzQzA0AA==,delivered,2025-07-09 17:02:23,,,,,,
2025-07-09 17:04:54,919205888736,650615708140466,wamid.HBgMOTE5OTcwOTcwOTcwFQIAERgSOTZCNzdCODZEOEQ5NzAwQTRFAA==,delivered,2025-07-09 17:04:54,,,,,,
2025-07-09 17:06:51,918929546200,725569473962618,wamid.HBgMOTE4NzAwNzE4MjAxFQIAERgSRDYyQTE5MjkwNTE5RTAzQUE4AA==,delivered,2025-07-09 17:06:51,,,,,,
2025-07-09 17:05:59,918929546200,725569473962618,wamid.HBgMOTE4ODAwOTMxMjA0FQIAERgSNTFBQzQyRUI2QzU3QjU1Mzc4AA==,delivered,2025-07-09 17:05:59,,,,,,
2025-07-09 17:06:09,919205888736,650615708140466,wamid.HBgMOTE4OTQ5Nzg2OTE2FQIAERgSOTk3NEU4MkQ2NUU0MDk2MkI1AA==,delivered,2025-07-09 17:06:09,,,,,,
2025-07-09 17:02:59,919205888736,650615708140466,wamid.HBgMOTE5OTU4MzkzNzY5FQIAERgSRTYyN0VBNTk1QzE3Q0RFMjU1AA==,delivered,2025-07-09 17:02:59,,,,,,
2025-07-09 17:04:20,918929532648,724637984055655,wamid.HBgMOTE5ODEwNDAyMzQ1FQIAERgSQkFBMjBGQ0JBODNCRDFFNDI3AA==,delivered,2025-07-09 17:04:20,,,,,,
2025-07-09 17:06:30,918929546200,725569473962618,wamid.HBgMOTE4NzU1MTA1MjUyFQIAERgSNTJBRThBRTFBRjBBNUI5RkVFAA==,delivered,2025-07-09 17:06:30,,,,,,
2025-07-09 17:04:46,918929532648,724637984055655,wamid.HBgMOTE5MjA1MjAwMjM4FQIAERgSQUFFRThGMEU1RkU4QUI3MTI5AA==,delivered,2025-07-09 17:04:46,,,,,,
2025-07-09 17:06:46,918929532648,724637984055655,wamid.HBgMOTE2MjgwODY2MDM5FQIAERgSQzk2M0JDNTE0OTdEMEE1RTBDAA==,delivered,2025-07-09 17:06:46,,,,,,
2025-07-09 17:04:26,918929532648,724637984055655,wamid.HBgMOTE4Mjg3MTE2NzY5FQIAERgSNDEwMzk2OTlGNkMxQkM2Nzk4AA==,delivered,2025-07-09 17:04:26,,,,,,
2025-07-09 17:03:24,919205888736,650615708140466,wamid.HBgMOTE5NzczODk4MDc1FQIAERgSQjNEQzRFRDQ2OEEwQ0JDMzEwAA==,delivered,2025-07-09 17:03:24,,,,,,
2025-07-09 17:03:23,918929532648,724637984055655,wamid.HBgMOTE5NTY5ODA5MDEyFQIAERgSQUQ3RUFDMDIwNzkyOTc0QTY3AA==,delivered,2025-07-09 17:03:23,,,,,,
2025-07-09 17:04:46,919205888736,650615708140466,wamid.HBgMOTE3Mjk1ODAzMDkzFQIAERgSMkE3MTk4M0I2RThCREQ3NkMyAA==,delivered,2025-07-09 17:04:46,,,,,,
2025-07-09 17:05:00,918929532648,724637984055655,wamid.HBgMOTE5OTEwNTA5MDg2FQIAERgSQzUxQ0QxQ0ZBRTcyMDIwRDk5AA==,delivered,2025-07-09 17:05:00,,,,,,
2025-07-09 17:05:22,918929546200,725569473962618,wamid.HBgMOTE5ODcxOTY4MzA1FQIAERgSMTJBMTJBNDFGQzBDMzQwNEI0AA==,delivered,2025-07-09 17:05:22,,,,,,
2025-07-09 17:02:12,918929546200,725569473962618,wamid.HBgMOTE5MjIwMTQ0NTY2FQIAERgSOUFDRDBCNzFEREM5OTY3NzUwAA==,delivered,2025-07-09 17:02:12,,,,,,
2025-07-09 17:06:51,918929546200,725569473962618,wamid.HBgMOTE2Mzc1MDY1NjA1FQIAERgSOTRFQjRERTY0MjQ0QTcyRThFAA==,delivered,2025-07-09 17:06:51,,,,,,
2025-07-09 17:03:35,918929532648,724637984055655,wamid.HBgMOTE5MzE5OTcyMTcyFQIAERgSRTJEQTg0MDYzMzcyNjM4NjkwAA==,delivered,2025-07-09 17:03:35,,,,,,
2025-07-09 17:04:48,919205888736,650615708140466,wamid.HBgMOTE5NzExNjE4MDgwFQIAERgSQUM2ODUwOTIwQjc4QkQwRkE5AA==,delivered,2025-07-09 17:04:48,,,,,,
2025-07-09 17:06:19,918929546200,725569473962618,wamid.HBgMOTE3Mzc3Nzg4ODg4FQIAERgSMTREMzQ4RTYyQUVCQUE4M0Y1AA==,delivered,2025-07-09 17:06:19,,,,,,
2025-07-09 17:04:34,918929546200,725569473962618,wamid.HBgMOTE4NTg2OTMzMzc4FQIAERgSNjZEN0E5Mzk1MTgwN0I5ODQ4AA==,delivered,2025-07-09 17:04:34,,,,,,
2025-07-09 17:07:04,918929546200,725569473962618,wamid.HBgMOTE5MDc5NjAzMTU2FQIAERgSRTYxN0I2ODVDRTU2MzA4RjA1AA==,delivered,2025-07-09 17:07:04,,,,,,
2025-07-09 17:03:57,918929532648,724637984055655,wamid.HBgMOTE5MzE2MTE2Mzg5FQIAERgSRDg3NTVCQTg0NkM5NUE5ODZGAA==,delivered,2025-07-09 17:03:57,,,,,,
2025-07-09 17:04:30,919205888736,650615708140466,wamid.HBgMOTE3NzU0OTY4MzE2FQIAERgSOUJFOEI2QkM0NDQ1MDczOThGAA==,delivered,2025-07-09 17:04:30,,,,,,
2025-07-09 17:05:41,918929546200,725569473962618,wamid.HBgMOTE4NTk1MDY2MDcwFQIAERgSMzZDN0YzQTBDMkE0NkQwN0NGAA==,delivered,2025-07-09 17:05:41,,,,,,
2025-07-09 17:05:48,918929546200,725569473962618,wamid.HBgMOTE5NTgyODI0MzMxFQIAERgSRUY5MjUyQTJDMDE4OUNCRkRGAA==,delivered,2025-07-09 17:05:48,,,,,,
2025-07-09 17:06:32,918929627512,679864135212915,wamid.HBgMOTE4Mjg1MDU1MTc2FQIAERgSRTM2QkVFMjRDM0E0OUYxMzNCAA==,delivered,2025-07-09 17:06:32,,,,,,
2025-07-09 17:02:57,918929546200,725569473962618,wamid.HBgMOTE3ODM4NTg1MTYwFQIAERgSQTcwNzJGRkQ5MEE3OUI3NzNBAA==,delivered,2025-07-09 17:02:57,,,,,,
2025-07-09 17:04:06,918929546200,725569473962618,wamid.HBgMOTE5NTgyODI0MzMxFQIAERgSMzJFRjYzRDI4MDA4MDMzQkNGAA==,delivered,2025-07-09 17:04:06,,,,,,
2025-07-09 17:05:17,918929546200,725569473962618,wamid.HBgMOTE5ODExNzcyMjg5FQIAERgSRjZGNDg0NzIwQjNGODFBOEVEAA==,delivered,2025-07-09 17:05:17,,,,,,
2025-07-09 17:06:55,918929546200,725569473962618,wamid.HBgMOTE4MDA5MzU0MDIxFQIAERgSMURCMjc3RTBCRjhBQjEwMzZGAA==,delivered,2025-07-09 17:06:55,,,,,,
2025-07-09 17:03:41,919205888736,650615708140466,wamid.HBgMOTE5NjQzMjMzNjQwFQIAERgSRDVENkEyNTg3QUE4MTE3M0ExAA==,delivered,2025-07-09 17:03:41,,,,,,
2025-07-09 17:02:46,918929546200,725569473962618,wamid.HBgMOTE5OTcxMTE5Nzc4FQIAERgSNDcwRkE2RDY1RkYwMERGQ0M0AA==,delivered,2025-07-09 17:02:46,,,,,,
2025-07-09 17:05:55,918929546200,725569473962618,wamid.HBgMOTE5NzExNjE4MDgwFQIAERgSNUVBN0Y5RjhERDYzQ0JBRDVEAA==,delivered,2025-07-09 17:05:55,,,,,,
2025-07-09 17:02:25,918929532648,724637984055655,wamid.HBgMOTE5ODExNDQ5Nzk3FQIAERgSRjAxREQ0Q0FBN0ZDOEJCMDQ4AA==,delivered,2025-07-09 17:02:25,,,,,,
2025-07-09 17:02:45,919205888736,650615708140466,wamid.HBgMOTE4NTk1Njg3NzcyFQIAERgSQTAzMDA3NjBGMTc3NTEwRjI2AA==,delivered,2025-07-09 17:02:45,,,,,,
2025-07-09 17:05:51,918929546200,725569473962618,wamid.HBgMOTE5ODEwOTk5NzU0FQIAERgSNDE5OEFCRUJFOUFENTJFMDUwAA==,delivered,2025-07-09 17:05:51,,,,,,
2025-07-09 17:03:12,918929546200,725569473962618,wamid.HBgMOTE5ODEyOTI3MzMzFQIAERgSQzJFODc4NjE5QUQyMUVCNEQ1AA==,delivered,2025-07-09 17:03:12,,,,,,
2025-07-09 17:04:18,918929532648,724637984055655,wamid.HBgMOTE5OTkwNzU0ODgzFQIAERgSN0UyNzQ4OUVFMjREOTNBMkUxAA==,delivered,2025-07-09 17:04:18,,,,,,
2025-07-09 17:05:59,918929546200,725569473962618,wamid.HBgMOTE5NjUwMjYyNDY4FQIAERgSMTA0MDFFNUZDODRDMkRBRUQ3AA==,delivered,2025-07-09 17:05:59,,,,,,
2025-07-09 17:06:40,918929532648,724637984055655,wamid.HBgMOTE5MjExMjYzMTAyFQIAERgSNjgwOTY4MzhEM0UyODMxNDgxAA==,delivered,2025-07-09 17:06:40,,,,,,
2025-07-09 17:05:50,918929546200,725569473962618,wamid.HBgMOTE4ODAwNTUyOTU4FQIAERgSNjY4MTFBNDMzMUE1Q0M2OERBAA==,delivered,2025-07-09 17:05:50,,,,,,
2025-07-09 17:06:51,918929546200,725569473962618,wamid.HBgMOTE5OTU4NTgwODc3FQIAERgSMzQ5OTg0QjM5NjcwQzU2MkVCAA==,delivered,2025-07-09 17:06:51,,,,,,
2025-07-09 17:05:22,919205888736,650615708140466,wamid.HBgMOTE3MDE1OTc0Njg0FQIAERgSNDdDRDlEMTc0Q0U4Nzg4QURCAA==,delivered,2025-07-09 17:05:22,,,,,,
2025-07-09 17:05:48,918929546200,725569473962618,wamid.HBgMOTE3NTA2Njk0NTYzFQIAERgSODg0RkM0MDE4NDExRDYwNTJBAA==,delivered,2025-07-09 17:05:48,,,,,,
2025-07-09 17:04:51,918929546200,725569473962618,wamid.HBgMOTE5NTk5NTA1NjAwFQIAERgSOTY0NThGQkU3NTlFODA5MDI4AA==,delivered,2025-07-09 17:04:51,,,,,,
2025-07-09 17:04:36,918929546200,725569473962618,wamid.HBgMOTE5MjEyMDUzMTQ2FQIAERgSODE1Q0NCQkY4MjMwQ0IyNTZCAA==,delivered,2025-07-09 17:04:36,,,,,,
2025-07-09 17:02:18,918929532648,724637984055655,wamid.HBgMOTE5NzExNjE4MDgwFQIAERgSNkY5M0Q3RjQ1MDdCMjEwNUQ2AA==,delivered,2025-07-09 17:02:18,,,,,,
2025-07-09 17:06:37,918929546200,725569473962618,wamid.HBgMOTE5NTk5NTg4Nzk3FQIAERgSMjE1RTIzOEQxRkM2NTBBRjc4AA==,delivered,2025-07-09 17:06:37,,,,,,
2025-07-09 17:04:07,918929532648,724637984055655,wamid.HBgMOTE5NzczOTUyMTI2FQIAERgSMzAxNjk4MkQyNzFERDQ1RkU4AA==,delivered,2025-07-09 17:04:07,,,,,,
2025-07-09 17:04:36,918929532648,724637984055655,wamid.HBgMOTE3MzAzMzk5MzQwFQIAERgSNjE5OTY5NjREOTkwMjZGQzMyAA==,delivered,2025-07-09 17:04:36,,,,,,
2025-07-09 17:03:40,919205888736,650615708140466,wamid.HBgMOTE3OTgyODUxMDE0FQIAERgSRkQwMTVCQTJFMTAzMjVERUYyAA==,delivered,2025-07-09 17:03:40,,,,,,
2025-07-09 17:06:30,918929546200,725569473962618,wamid.HBgMOTE4ODE2OTUwMDI3FQIAERgSNTk4MjdCMjAyNjM4REFCRENEAA==,delivered,2025-07-09 17:06:30,,,,,,
2025-07-09 17:03:13,918929546200,725569473962618,wamid.HBgMOTE5ODEwMjI1OTI0FQIAERgSMTFGQjRCMzUxODZFQTM2OEQ4AA==,delivered,2025-07-09 17:03:13,,,,,,
2025-07-09 17:05:10,918929546200,725569473962618,wamid.HBgMOTE5ODEwMjM3OTQzFQIAERgSQjQwREU5M0U5M0U5OEE5ODU4AA==,delivered,2025-07-09 17:05:10,,,,,,
2025-07-09 17:06:07,918929532648,724637984055655,wamid.HBgMOTE4ODAwOTMxMjA0FQIAERgSN0U4OUNDNzY0MjNCMTRFNEVGAA==,delivered,2025-07-09 17:06:07,,,,,,
2025-07-09 17:02:42,918929532648,724637984055655,wamid.HBgMOTE3OTg2MDE2MjkyFQIAERgSQjIzQkE0OTA3QkIwMzBCQkE0AA==,delivered,2025-07-09 17:02:42,,,,,,
2025-07-09 17:03:20,918929532648,724637984055655,wamid.HBgMOTE2MjY0ODU1ODI3FQIAERgSNzExRTE1NDdDQkI5QkEyQzNEAA==,delivered,2025-07-09 17:03:20,,,,,,
2025-07-09 17:06:26,918929546200,725569473962618,wamid.HBgMOTE5ODE4NDAwNzEyFQIAERgSMUVEMzBBQkEyMUY3MEE2Qzk2AA==,delivered,2025-07-09 17:06:26,,,,,,
2025-07-09 17:02:56,918929546200,725569473962618,wamid.HBgMOTE4ODYwODU5Nzg0FQIAERgSOEJGNjk5NjA2NTREMjNERTU4AA==,delivered,2025-07-09 17:02:56,,,,,,
2025-07-09 17:05:24,918929546200,725569473962618,wamid.HBgMOTE5OTk5NjEyMTYyFQIAERgSNEQwNjYxNjA2QTc4MzQzNkVEAA==,delivered,2025-07-09 17:05:24,,,,,,
2025-07-09 17:02:44,918929546200,725569473962618,wamid.HBgMOTE4ODAwOTMxMjA0FQIAERgSRkU1MDVFMURENzYzRDlFMUMzAA==,delivered,2025-07-09 17:02:44,,,,,,
2025-07-09 17:05:03,918929546200,725569473962618,wamid.HBgMOTE3NzU0OTY4MzE2FQIAERgSOEUzRTVBNEEzM0FCQUIxQUIxAA==,delivered,2025-07-09 17:05:03,,,,,,
2025-07-09 17:03:04,919205888736,650615708140466,wamid.HBgMOTE5ODc4OTg3OTA2FQIAERgSOTJEQUE4N0Q1QkZCOEVEQ0MxAA==,delivered,2025-07-09 17:03:04,,,,,,
2025-07-09 17:05:59,918929532648,724637984055655,wamid.HBgMOTE3OTcyNjI0MzA0FQIAERgSRjJDNUMwMDk4NUZFODdGRUIxAA==,delivered,2025-07-09 17:05:59,,,,,,
2025-07-09 17:04:32,918929532648,724637984055655,wamid.HBgMOTE5MDEzMDU3MDE2FQIAERgSNjM2NDNCRkRBQjMzMzYzNThCAA==,delivered,2025-07-09 17:04:32,,,,,,
2025-07-09 17:03:58,918929546200,725569473962618,wamid.HBgMOTE5NzExNDA0Njk2FQIAERgSOEM5QTU4M0M1ODZCNEIwREZFAA==,delivered,2025-07-09 17:03:58,,,,,,
2025-07-09 17:03:44,918929532648,724637984055655,wamid.HBgMOTE4ODcxMjI3NDM2FQIAERgSNUY4NjAzOTgxMTJBRTY2QjAwAA==,delivered,2025-07-09 17:03:44,,,,,,
2025-07-09 17:06:16,918929627512,679864135212915,wamid.HBgMOTE5NzExMzQwNTA1FQIAERgSNzM1MUYwQUQ4N0Q4QkE3NThFAA==,delivered,2025-07-09 17:06:16,,,,,,
2025-07-09 17:02:53,918929546200,725569473962618,wamid.HBgMOTE4NTk1NTk0NjcyFQIAERgSNTRDNTg5OEQ0REU5OEUyRkM3AA==,delivered,2025-07-09 17:02:53,,,,,,
2025-07-09 17:05:21,919205888736,650615708140466,wamid.HBgMOTE5MjA1NDUzNTQzFQIAERgSODQzNTY4Mjg4OUQzOTg1QkMyAA==,delivered,2025-07-09 17:05:21,,,,,,
2025-07-09 17:03:43,918929532648,724637984055655,wamid.HBgMOTE4NDU5NzExMTExFQIAERgSQjQ4QkNBMDJCRkY5NkE2QjZGAA==,delivered,2025-07-09 17:03:43,,,,,,
2025-07-09 17:04:40,918929546200,725569473962618,wamid.HBgMOTE5ODkxMTI4MDA5FQIAERgSRkQzRDIwNjdENDkyRUZEMUZGAA==,delivered,2025-07-09 17:04:40,,,,,,
2025-07-09 17:05:45,918929532648,724637984055655,wamid.HBgMOTE5ODc0ODQwMDM2FQIAERgSQzRFMDFFMjYyMEY5RUM0RTlGAA==,delivered,2025-07-09 17:05:45,,,,,,
2025-07-09 17:03:36,918929546200,725569473962618,wamid.HBgMOTE5MzExODMzMzY5FQIAERgSNkY2NjUwRjcyQUY1NUM1QzhGAA==,delivered,2025-07-09 17:03:36,,,,,,
2025-07-09 17:02:46,918929546200,725569473962618,wamid.HBgMOTE3MDExNDU3MjQ1FQIAERgSQUY4RDc4REVCNjY5QUU5QTNBAA==,delivered,2025-07-09 17:02:46,,,,,,
2025-07-09 17:03:00,919205888736,650615708140466,wamid.HBgMOTE4NjI3MDg2Mzg5FQIAERgSMTcyNEExODJDQjg4NUJDOTg2AA==,delivered,2025-07-09 17:03:00,,,,,,
2025-07-09 17:06:55,918929546200,725569473962618,wamid.HBgMOTE5NDI1NzA3NTYwFQIAERgSNUIxQURERTlENENCMzQxMjA0AA==,delivered,2025-07-09 17:06:55,,,,,,
2025-07-09 17:07:07,918929532648,724637984055655,wamid.HBgMOTE5OTU4MTY2ODQxFQIAERgSRUExNDYyQTQyMUNDNkRBNEJGAA==,delivered,2025-07-09 17:07:07,,,,,,
