Date,display_phone_number,phone_number_id,waba_id,contact_wa_id,new_status,message_timestamp,error_code,error_message,contact_name,message_from,message_type,message_body
2025-05-27 14:32:06,918929532648,724637984055655,wamid.HBgMOTE5ODEwNjk5NjY1FQIAERgSNDhFODIyODQ3QTQ1RENDMkI5AA==,919810929345,delivered,2025-05-27 14:32:06,,,,,,
2025-05-27 14:36:54,918929546200,725569473962618,wamid.HBgMOTE5MTQ5OTQxMjc4FQIAERgSQ0QzQUM4RjFFMzAxOTk4MkRBAA==,919910011451,delivered,2025-05-27 14:36:54,,,,,,
2025-05-27 14:35:00,918929532648,724637984055655,wamid.HBgMOTE5ODk5MTQ2MTcxFQIAERgSNjlBM0M1Rjg5QzNCODNCQ0NFAA==,917042511151,delivered,2025-05-27 14:35:00,,,,,,
2025-05-27 14:32:57,918929546200,725569473962618,wamid.HBgMOTE5NzExNjE4MDgwFQIAERgSNUVBN0Y5RjhERDYzQ0JBRDVEAA==,918130998946,delivered,2025-05-27 14:32:57,,,,,,
2025-05-27 14:34:07,918929546200,725569473962618,wamid.HBgMOTE5NDU0NjM2MDk1FQIAERgSNzY5REQzMTk3M0Q5OTZBREJCAA==,919818118008,delivered,2025-05-27 14:34:07,,,,,,
2025-05-27 14:33:29,918929532648,724637984055655,wamid.HBgMOTE5NjUwMjM5NTE3FQIAERgSQkYxM0FGNjcwMzA5ODc2RTBBAA==,919312644857,delivered,2025-05-27 14:33:29,,,,,,
2025-05-27 14:33:50,918929546200,725569473962618,wamid.HBgMOTE4OTI4MjE3ODk0FQIAERgSRUVDNERDMjczMDM5MzM5MDIzAA==,919818634117,delivered,2025-05-27 14:33:50,,,,,,
2025-05-27 14:35:09,919205888736,650615708140466,wamid.HBgMOTE5NzExMzQwNTA1FQIAERgSRThDQzNBNzgyN0I0NUJFMzNDAA==,919560615959,delivered,2025-05-27 14:35:09,,,,,,
2025-05-27 14:33:05,918929546200,725569473962618,wamid.HBgMOTE5ODExODAwNDQxFQIAERgSMUIwOEFCMEQwMDhGM0QxQjE5AA==,919810522311,delivered,2025-05-27 14:33:05,,,,,,
2025-05-27 14:35:22,919205888736,650615708140466,wamid.HBgMOTE5ODcxNDUxNjc5FQIAERgSMkFGOTRGQjEwREEzRTM4RjVDAA==,918800335849,delivered,2025-05-27 14:35:22,,,,,,
2025-05-27 14:36:27,918929546200,725569473962618,wamid.HBgMOTE5NTYwMzkzOTY2FQIAERgSMEM2MDZBMDNFQTEyMDk1M0QwAA==,918130998943,delivered,2025-05-27 14:36:27,,,,,,
2025-05-27 14:34:47,918929627512,679864135212915,wamid.HBgMOTE5NzExMzQwNTA1FQIAERgSNzM1MUYwQUQ4N0Q4QkE3NThFAA==,919818037244,delivered,2025-05-27 14:34:47,,,,,,
2025-05-27 14:33:27,919205888736,650615708140466,wamid.HBgMOTE5NDc5NjM3MjQ0FQIAERgSQTBFNjU1MEVFM0IwQUUxOEMyAA==,918527466977,delivered,2025-05-27 14:33:27,,,,,,
2025-05-27 14:32:44,918929546200,725569473962618,wamid.HBgMOTE5MjEyMDUzMTQ2FQIAERgSODE1Q0NCQkY4MjMwQ0IyNTZCAA==,918800799264,delivered,2025-05-27 14:32:44,,,,,,
2025-05-27 14:36:58,918929546200,725569473962618,wamid.HBgMOTE4NzU1MTA1MjUyFQIAERgSNTJBRThBRTFBRjBBNUI5RkVFAA==,919958881025,delivered,2025-05-27 14:36:58,,,,,,
2025-05-27 14:36:39,919205888736,650615708140466,wamid.HBgMOTE3OTczNzg3Nzc0FQIAERgSRkRBMERCNTFBN0QwODZGODVCAA==,919810094287,delivered,2025-05-27 14:36:39,,,,,,
2025-05-27 14:32:18,918929546200,725569473962618,wamid.HBgMOTE4NDQ3Mjg0MDU1FQIAERgSMzQ0MDJDQTIxNzlBNkQzMURDAA==,919717106231,delivered,2025-05-27 14:32:18,,,,,,
2025-05-27 14:36:00,919873744492,657469204124096,wamid.HBgMOTE5NzExMzQwNTA1FQIAERgSMDlGNzBEQkNEQkRCOTcxQkE2AA==,919958892542,delivered,2025-05-27 14:36:00,,,,,,
2025-05-27 14:35:13,918929546200,725569473962618,wamid.HBgMOTE5ODEwMjI1OTI0FQIAERgSMTFGQjRCMzUxODZFQTM2OEQ4AA==,919958777465,delivered,2025-05-27 14:35:13,,,,,,
2025-05-27 14:34:43,918929546200,725569473962618,wamid.HBgMOTE5MTIzODUyMTYzFQIAERgSM0ZDM0IxRTdCMTg2RTIxMEI2AA==,918527466996,delivered,2025-05-27 14:34:43,,,,,,
2025-05-27 14:32:31,918929546200,725569473962618,wamid.HBgMOTE5NjU0NjMxMzU1FQIAERgSOTk2QkE4RTdDNzE5NjRBRjM5AA==,918800493523,delivered,2025-05-27 14:32:31,,,,,,
2025-05-27 14:32:19,918929546200,725569473962618,wamid.HBgMOTE4ODgyMjI2MDY4FQIAERgSNzE1QTRBQTlCOEJGMkI5MTk5AA==,918527415252,delivered,2025-05-27 14:32:19,,,,,,
2025-05-27 14:36:10,918929546200,725569473962618,wamid.HBgMOTE4NzAwMjkyNjY0FQIAERgSMzk5NzVENDMxNDAwNzFDNTNEAA==,919810716781,delivered,2025-05-27 14:36:10,,,,,,
2025-05-27 14:36:21,918929532648,724637984055655,wamid.HBgMOTE4NDU5NzExMTExFQIAERgSQjQ4QkNBMDJCRkY5NkE2QjZGAA==,919810304729,delivered,2025-05-27 14:36:21,,,,,,
2025-05-27 14:36:57,919205888736,650615708140466,wamid.HBgMOTE4NzAwMjcyMzY3FQIAERgSRTg0Qzc5MkQxMzUyM0Y2QkZEAA==,919910635656,delivered,2025-05-27 14:36:57,,,,,,
2025-05-27 14:33:17,918929546200,725569473962618,wamid.HBgMOTE5ODEwMTEwNTA1FQIAERgSQkJGQTU3RDlEQ0ZFMkJFOTdGAA==,919971396177,delivered,2025-05-27 14:33:17,,,,,,
2025-05-27 14:36:12,918929546200,725569473962618,wamid.HBgMOTE5ODE4ODQ0MDE5FQIAERgSRjA5QkU1RTUyODdCNzczNTgzAA==,919717636946,delivered,2025-05-27 14:36:12,,,,,,
2025-05-27 14:32:53,918929546200,725569473962618,wamid.HBgMOTE5ODcxMTI1MTE1FQIAERgSRkE5Q0I1QzQyRkZBQjA1MjdGAA==,919810138484,delivered,2025-05-27 14:32:53,,,,,,
2025-05-27 14:34:57,918929546200,725569473962618,wamid.HBgMOTE5OTUzNjU1MDk1FQIAERgSRTBERkE3MDNBNjQzMTkyQkU3AA==,919810132950,delivered,2025-05-27 14:34:57,,,,,,
2025-05-27 14:32:53,919205888736,650615708140466,wamid.HBgMOTE4OTIwNjEzMTAwFQIAERgSRDZFMUZBQ0Q2MzYwNUUyRjNEAA==,919871201069,delivered,2025-05-27 14:32:53,,,,,,
2025-05-27 14:32:47,919205888736,650615708140466,wamid.HBgMOTE4MTMwMzIyNTY0FQIAERgSQzhERUMzRDk3QkNDQzIzQzA0AA==,919810173665,delivered,2025-05-27 14:32:47,,,,,,
2025-05-27 14:33:34,918929532648,724637984055655,wamid.HBgMOTE5ODk5OTA4ODk4FQIAERgSMjdBNzMwQzUwNDg3MDQ2MkY5AA==,919818273780,delivered,2025-05-27 14:33:34,,,,,,
2025-05-27 14:34:03,918929532648,724637984055655,wamid.HBgMOTE5NjI1MDE4OTQ4FQIAERgSRUNGREIyMzcwRjhCNjMxMEUwAA==,919818646292,delivered,2025-05-27 14:34:03,,,,,,
2025-05-27 14:35:36,918929532648,724637984055655,wamid.HBgMOTE5NjY3NjE5MTgwFQIAERgSN0Y2MDQ3N0VFQ0RCNTA2MkQ4AA==,917838555190,delivered,2025-05-27 14:35:36,,,,,,
2025-05-27 14:32:41,918929546200,725569473962618,wamid.HBgMOTE4ODAwOTMxMjA0FQIAERgSNTFBQzQyRUI2QzU3QjU1Mzc4AA==,919971232438,delivered,2025-05-27 14:32:41,,,,,,
2025-05-27 14:34:28,919205888736,650615708140466,wamid.HBgMOTE3NTAwMDg5OTkxFQIAERgSRkJGQzg0ODIzOEI3MUM3RUU4AA==,919818737175,delivered,2025-05-27 14:34:28,,,,,,
2025-05-27 14:34:57,918929546200,725569473962618,wamid.HBgMOTE4MDc2NzQzNzEyFQIAERgSMjIyNEFERjRCMDE5OERCMTY2AA==,917834962271,delivered,2025-05-27 14:34:57,,,,,,
2025-05-27 14:35:02,919205888736,650615708140466,wamid.HBgMOTE5ODA3MDQwODQwFQIAERgSRjhEMEM2RDc4NUYyM0U3MTkyAA==,919818996997,delivered,2025-05-27 14:35:02,,,,,,
2025-05-27 14:34:46,918929532648,724637984055655,wamid.HBgMOTE5MzExNjU2Nzg0FQIAERgSNUU1RUMzMTYyMkI1NTcwNEQzAA==,919818646177,delivered,2025-05-27 14:34:46,,,,,,
2025-05-27 14:36:55,918929546200,725569473962618,wamid.HBgMOTE5NzE3OTYzNzQ1FQIAERgSQzExQ0RBMjBBMTAzRTU5N0UwAA==,919910031937,delivered,2025-05-27 14:36:55,,,,,,
2025-05-27 14:36:26,919205888736,650615708140466,wamid.HBgMOTE4MjA3MDIzOTQ5FQIAERgSMTRCRTI1QUYwNjcyQzA3Nzk5AA==,919810105921,delivered,2025-05-27 14:36:26,,,,,,
2025-05-27 14:34:24,919205888736,650615708140466,wamid.HBgMOTE5NzExNjE4MDgwFQIAERgSMURGQzFGQzAwOTYyNUQ1NTI2AA==,918130395812,delivered,2025-05-27 14:34:24,,,,,,
2025-05-27 14:35:03,918929546200,725569473962618,wamid.HBgMOTE3Njc4NDE1NTY5FQIAERgSQTQxMzBBNzEzQzk1RTU3QzM5AA==,919312248785,delivered,2025-05-27 14:35:03,,,,,,
2025-05-27 14:33:35,918929532648,724637984055655,wamid.HBgMOTE3MzAzMzk5MzQwFQIAERgSNjE5OTY5NjREOTkwMjZGQzMyAA==,919810635248,delivered,2025-05-27 14:33:35,,,,,,
2025-05-27 14:35:38,919205888736,650615708140466,wamid.HBgMOTE5NjMwNTQ4OTYzFQIAERgSMzg3NENGN0Y1MUI1NTg0QjI4AA==,919810116212,delivered,2025-05-27 14:35:38,,,,,,
2025-05-27 14:36:47,918929546200,725569473962618,wamid.HBgMOTE3MDExMjUwMTUyFQIAERgSOEFDMjIzQTc0ODRGQ0M4OTMzAA==,919818144909,delivered,2025-05-27 14:36:47,,,,,,
2025-05-27 14:36:36,918929546200,725569473962618,wamid.HBgMOTE3MDExMjUwMTUyFQIAERgSMDRDODJGNDAyNDAzQjBDNTkzAA==,918800194388,delivered,2025-05-27 14:36:36,,,,,,
2025-05-27 14:33:54,918929532648,724637984055655,wamid.HBgMOTE3ODM4OTk5NDg0FQIAERgSREUzMzcxM0VFRjczMzg1NzI1AA==,919818247906,delivered,2025-05-27 14:33:54,,,,,,
2025-05-27 14:36:01,919205888736,650615708140466,wamid.HBgMOTE4ODAwOTMxMjA0FQIAERgSNjI5MEZEQzE4REExRjY4NzdDAA==,919650004418,delivered,2025-05-27 14:36:01,,,,,,
2025-05-27 14:32:56,918929532648,724637984055655,wamid.HBgMOTE4ODYwMjIxNDk3FQIAERgSNjg2QTk4REU4MzI3QjFFMjEzAA==,919810137645,delivered,2025-05-27 14:32:56,,,,,,
2025-05-27 14:33:18,918929532648,724637984055655,wamid.HBgMOTE5ODg4NzY3OTA4FQIAERgSQjhFNDc4QkMyM0RENUM4REE1AA==,919818996963,delivered,2025-05-27 14:33:18,,,,,,
2025-05-27 14:34:04,919205888736,650615708140466,wamid.HBgMOTE5ODEwNzA3OTgzFQIAERgSNDI4NTNCQjcyQjlGQUZFRkIzAA==,919650867373,delivered,2025-05-27 14:34:04,,,,,,
2025-05-27 14:33:25,918929546200,725569473962618,wamid.HBgMOTE5ODEyOTI3MzMzFQIAERgSQzJFODc4NjE5QUQyMUVCNEQ1AA==,919871004562,delivered,2025-05-27 14:33:25,,,,,,
2025-05-27 14:35:54,918929532648,724637984055655,wamid.HBgMOTE5NTQwNTk3NzcwFQIAERgSMTE4QzE3RTQyNTI2NkVCNkI5AA==,919717640626,delivered,2025-05-27 14:35:54,,,,,,
2025-05-27 14:33:34,918929546200,725569473962618,wamid.HBgMOTE5OTU4MDU5NTAwFQIAERgSM0M5NDQzQzM1QjMzOEQ1NjRGAA==,919650991575,delivered,2025-05-27 14:33:34,,,,,,
2025-05-27 14:35:56,918929532648,724637984055655,wamid.HBgMOTE5OTk5MjE5MDU5FQIAERgSOTUyRjA0RDcyMjNCMjI5QTBFAA==,919818646569,delivered,2025-05-27 14:35:56,,,,,,
2025-05-27 14:33:06,918929532648,724637984055655,wamid.HBgMOTE5MzA2MDI4MDExFQIAERgSMzE3OTdCQjVFREJBRjY1OUQwAA==,919650535433,delivered,2025-05-27 14:33:06,,,,,,
2025-05-27 14:32:21,919205888736,650615708140466,wamid.HBgMOTE5OTU1Nzk0MzI2FQIAERgSOUQ5RkVGNzQ3RUUxQkIyQjQ4AA==,919818004099,delivered,2025-05-27 14:32:21,,,,,,
2025-05-27 14:32:42,918929532648,724637984055655,wamid.HBgMOTE5OTAwMDkwMjY5FQIAERgSQjhGRThFNDQ5Nzk4NUVDNjlEAA==,919818737877,delivered,2025-05-27 14:32:42,,,,,,
2025-05-27 14:35:42,919205888736,650615708140466,wamid.HBgMOTE5MTQ5MDUxMTQ1FQIAERgSQzE5RUIzNkQyMUY5RjkwM0RDAA==,919818737706,delivered,2025-05-27 14:35:42,,,,,,
2025-05-27 14:35:38,918929546200,725569473962618,wamid.HBgMOTE5NDI1NzA3NTYwFQIAERgSNUIxQURERTlENENCMzQxMjA0AA==,919990007816,delivered,2025-05-27 14:35:38,,,,,,
2025-05-27 14:33:48,919205888736,650615708140466,wamid.HBgMOTE3MDg0MjM3MzkxFQIAERgSOTc1NEM1MDJDRTgxOEJEQkREAA==,919818646563,delivered,2025-05-27 14:33:48,,,,,,
2025-05-27 14:33:20,918929532648,724637984055655,wamid.HBgMOTE4ODYwMjAyMDAwFQIAERgSQUQ1NDIyQkZBOUZDMDY2Q0FGAA==,919717550024,delivered,2025-05-27 14:33:20,,,,,,
2025-05-27 14:34:52,918929532648,724637984055655,wamid.HBgMOTE5NzUzNjY4NDU2FQIAERgSNUEyOUYzQzIzRTZBQjVCNzM2AA==,919818700119,delivered,2025-05-27 14:34:52,,,,,,
2025-05-27 14:33:06,918929546200,725569473962618,wamid.HBgMOTE5ODcxOTY4MzA1FQIAERgSRUY0Mjc0OUJFMEQ2N0Q0NDI5AA==,919650992601,delivered,2025-05-27 14:33:06,,,,,,
2025-05-27 14:34:41,918929546200,725569473962618,wamid.HBgMOTE5ODc2NzU3NDE1FQIAERgSNTU5MzkyNzIzRjBBMzMzQ0MyAA==,918800195800,delivered,2025-05-27 14:34:41,,,,,,
2025-05-27 14:35:30,918929546200,725569473962618,wamid.HBgMOTE5OTk5OTU4Mzg5FQIAERgSMjQ1ODMwMjFENjI1Q0U5QjFFAA==,917042697903,delivered,2025-05-27 14:35:30,,,,,,
2025-05-27 14:32:38,918929532648,724637984055655,wamid.HBgMOTE4MDEwMTAyMjcwFQIAERgSMTZFNzJCRkVFQUFFNjZCQUI4AA==,919871520009,delivered,2025-05-27 14:32:38,,,,,,
2025-05-27 14:36:52,919205888736,650615708140466,wamid.HBgMOTE4ODAwNzIyNjg4FQIAERgSNjc1NDc4Q0M2MDhGQjE5RUJFAA==,919560885474,delivered,2025-05-27 14:36:52,,,,,,
2025-05-27 14:33:05,918929532648,724637984055655,wamid.HBgMOTE5NjI1NzIwOTE3FQIAERgSRDI1NzY2RTYxMDc5Nzk3QkRGAA==,918527191115,delivered,2025-05-27 14:33:05,,,,,,
2025-05-27 14:32:06,918929532648,724637984055655,wamid.HBgMOTE3OTgyODUxMDE0FQIAERgSNzkxMzMyNkVCOTExRTg2MEJFAA==,919810008690,delivered,2025-05-27 14:32:06,,,,,,
2025-05-27 14:33:45,918929546200,725569473962618,wamid.HBgMOTE5ODE4NDAwNzEyFQIAERgSMUVEMzBBQkEyMUY3MEE2Qzk2AA==,919313703467,delivered,2025-05-27 14:33:45,,,,,,
2025-05-27 14:34:40,919205888736,650615708140466,wamid.HBgMOTE4NjI3MDg2Mzg5FQIAERgSMTcyNEExODJDQjg4NUJDOTg2AA==,919717636937,delivered,2025-05-27 14:34:40,,,,,,
2025-05-27 14:35:44,918929546200,725569473962618,wamid.HBgMOTE5MjIwMTQ0NTY2FQIAERgSOUFDRDBCNzFEREM5OTY3NzUwAA==,919818099668,delivered,2025-05-27 14:35:44,,,,,,
2025-05-27 14:32:17,918929546200,725569473962618,wamid.HBgMOTE5NTk5MDM4NzQwFQIAERgSNjkyQzk4MzVGNEUxQTU1OUZFAA==,919971002512,delivered,2025-05-27 14:32:17,,,,,,
2025-05-27 14:32:48,918929546200,725569473962618,wamid.HBgMOTE4MDEwMTAyMjcwFQIAERgSQTU2MENEODUzMENDMzJFRkJFAA==,919810685472,delivered,2025-05-27 14:32:48,,,,,,
2025-05-27 14:35:44,918929546200,725569473962618,wamid.HBgMOTE5NTgyODI0MzMxFQIAERgSMDBCNzFENTkzREQ3MDdBNzk5AA==,919717636814,delivered,2025-05-27 14:35:44,,,,,,
2025-05-27 14:34:42,919205888736,650615708140466,wamid.HBgMOTE4MzA3ODQxODk4FQIAERgSNEY3NjAwREMzREYxM0YyMDQyAA==,919810418868,delivered,2025-05-27 14:34:42,,,,,,
2025-05-27 14:33:33,919205888736,650615708140466,wamid.HBgMOTE5ODYzNjMzMTc4FQIAERgSOTdGMUJFREUzMTU2QTFBRjdDAA==,919810661799,delivered,2025-05-27 14:33:33,,,,,,
2025-05-27 14:34:07,918929546200,725569473962618,wamid.HBgMOTE4MDc2NzQzNzEyFQIAERgSQTY5M0U0RDU3NUVBNkM5RjgxAA==,919910893795,delivered,2025-05-27 14:34:07,,,,,,
2025-05-27 14:36:35,919205888736,650615708140466,wamid.HBgMOTE3OTA1ODA3MDIxFQIAERgSQURCMDJGMTAxMEY2NEJBQzcxAA==,919871902804,delivered,2025-05-27 14:36:35,,,,,,
2025-05-27 14:33:37,918929546200,725569473962618,wamid.HBgMOTE4MTMwNDQxOTc1FQIAERgSQjdCMDU4QzA4OEZBOEEzODczAA==,919818106680,delivered,2025-05-27 14:33:37,,,,,,
2025-05-27 14:33:47,918929532648,724637984055655,wamid.HBgMOTE5OTg1NDk1NjgwFQIAERgSNDRGM0Q5QzhEREFBNDFFRDhDAA==,919810086198,delivered,2025-05-27 14:33:47,,,,,,
2025-05-27 14:32:37,918929546200,725569473962618,wamid.HBgMOTE5ODE4NDAwNzEyFQIAERgSNkM2OTRFMEY4QUQ2MDQyRjYwAA==,919818413590,delivered,2025-05-27 14:32:37,,,,,,
2025-05-27 14:35:55,918929532648,724637984055655,wamid.HBgMOTE5NzExNjYyMjA0FQIAERgSREU0Rjg5MDNGQzI4QzI2OUVCAA==,919717511550,delivered,2025-05-27 14:35:55,,,,,,
2025-05-27 14:35:16,918929546200,725569473962618,wamid.HBgMOTE5OTEwODgzOTAwFQIAERgSQzA2Mzg5QjUwOUM2MzhEQkQ2AA==,919871055889,delivered,2025-05-27 14:35:16,,,,,,
2025-05-27 14:36:33,918929532648,724637984055655,wamid.HBgMOTE5MzE5OTcyMTcyFQIAERgSRTJEQTg0MDYzMzcyNjM4NjkwAA==,919716408397,delivered,2025-05-27 14:36:33,,,,,,
2025-05-27 14:34:06,918929532648,724637984055655,wamid.HBgMOTE5OTU4NzI0NDQyFQIAERgSQ0E3NEYxNzY3QjIyQ0RDMkRGAA==,919810768103,delivered,2025-05-27 14:34:06,,,,,,
2025-05-27 14:35:42,918929546200,725569473962618,wamid.HBgMOTE4NTk1NzkxOTE4FQIAERgSODAxMTEzQzNGRDNEMzQ4Rjg3AA==,919810176322,delivered,2025-05-27 14:35:42,,,,,,
2025-05-27 14:36:25,918929532648,724637984055655,wamid.HBgMOTE4MDc3Mjk5MTQ0FQIAERgSQjQ3NzY4ODIxRUM3QzA3OTgyAA==,919560898103,delivered,2025-05-27 14:36:25,,,,,,
2025-05-27 14:36:21,919205888736,650615708140466,wamid.HBgMOTE4Mjg1NTU5MzE4FQIAERgSQkMyRjYwRkQxMjNCMTlCNzI5AA==,919910161511,delivered,2025-05-27 14:36:21,,,,,,
2025-05-27 14:35:34,918929532648,724637984055655,wamid.HBgMOTE5NDc5ODA3ODQ4FQIAERgSQkU1NEM3MzdDNTA0MTMyM0YyAA==,919818667115,delivered,2025-05-27 14:35:34,,,,,,
2025-05-27 14:32:23,918929546200,725569473962618,wamid.HBgMOTE4NzAwMjkyNjY0FQIAERgSNkE2NUI2QkJEMkVBMzk1N0FFAA==,919811634848,delivered,2025-05-27 14:32:23,,,,,,
2025-05-27 14:35:13,918929532648,724637984055655,wamid.HBgMOTE5ODczODE1MTExFQIAERgSMTU0NzhENTk0NzA2MkQxNTY0AA==,919818232196,delivered,2025-05-27 14:35:13,,,,,,
2025-05-27 14:34:59,918929532648,724637984055655,wamid.HBgMOTE4NTI3NDAxNjYwFQIAERgSODZBRTdGMjkwQTlFOTI1RjY2AA==,919810506158,delivered,2025-05-27 14:34:59,,,,,,
2025-05-27 14:32:54,918929532648,724637984055655,wamid.HBgMOTE4MDc3Mjk5MTQ0FQIAERgSNDdEMzVFNEVCMzY0NkQzRTE0AA==,919717643067,delivered,2025-05-27 14:32:54,,,,,,
2025-05-27 14:36:36,918929532648,724637984055655,wamid.HBgMOTE5OTk5NzU1NTYyFQIAERgSRkQwN0E1MTk5MDFCRTI5NzVEAA==,919810873370,delivered,2025-05-27 14:36:36,,,,,,
2025-05-27 14:33:12,918929546200,725569473962618,wamid.HBgMOTE5NzExNDA0Njk2FQIAERgSOEM5QTU4M0M1ODZCNEIwREZFAA==,918527257557,delivered,2025-05-27 14:33:12,,,,,,
2025-05-27 14:34:58,919205888736,650615708140466,wamid.HBgMOTE5OTU4MzkzNzY5FQIAERgSRTYyN0VBNTk1QzE3Q0RFMjU1AA==,919560190080,delivered,2025-05-27 14:34:58,,,,,,
2025-05-27 14:33:06,918929532648,724637984055655,wamid.HBgMOTE4Njk5MDczNDc2FQIAERgSMTY2RDdGMkQxNkRCMDRBOUM4AA==,919650391927,delivered,2025-05-27 14:33:06,,,,,,
2025-05-27 14:33:26,918929546200,725569473962618,wamid.HBgMOTE4MDA5MzU0MDIxFQIAERgSMURCMjc3RTBCRjhBQjEwMzZGAA==,919818686364,delivered,2025-05-27 14:33:26,,,,,,
2025-05-27 14:35:43,918929546200,725569473962618,wamid.HBgMOTE5ODEwMzQ3OTIxFQIAERgSRDREODY1NTlDNkYxMzczNjQzAA==,918527245968,delivered,2025-05-27 14:35:43,,,,,,
2025-05-27 14:36:05,918929546200,725569473962618,wamid.HBgMOTE5NzExNjE4MDgwFQIAERgSQzA3NkY3RTNGNzc0N0JEMDgyAA==,919899077261,delivered,2025-05-27 14:36:05,,,,,,
2025-05-27 14:34:50,918929546200,725569473962618,wamid.HBgMOTE5ODk5ODg3NTkzFQIAERgSQkE0RDgxMTk1MjVFOTQxRUYxAA==,919818203080,delivered,2025-05-27 14:34:50,,,,,,
2025-05-27 14:32:29,919205888736,650615708140466,wamid.HBgMOTE5NjcwNzU5OTA4FQIAERgSQ0M2NEE5QTEzNTBCMUIzM0Q0AA==,919818491157,delivered,2025-05-27 14:32:29,,,,,,
2025-05-27 14:35:25,919205888736,650615708140466,wamid.HBgMOTE4OTE4NzU4MTYyFQIAERgSMzFFRkQ3MzA5QjY2NTlBNzQ0AA==,919910244124,delivered,2025-05-27 14:35:25,,,,,,
2025-05-27 14:36:10,918929532648,724637984055655,wamid.HBgMOTE4Nzk3NjE2ODkwFQIAERgSM0VFOEZDRjE3RUE0RjFEOEY1AA==,919810780634,delivered,2025-05-27 14:36:10,,,,,,
2025-05-27 14:36:17,919205888736,650615708140466,wamid.HBgMOTE5NjMwNTQ4OTYzFQIAERgSMzg3NENGN0Y1MUI1NTg0QjI4AA==,919818638008,delivered,2025-05-27 14:36:17,,,,,,
2025-05-27 14:34:43,919205888736,650615708140466,wamid.HBgMOTE4Mjk1NjAyNzY2FQIAERgSRjMxMDhBMDdGQTAyMzREQkYwAA==,919818507069,delivered,2025-05-27 14:34:43,,,,,,
2025-05-27 14:36:59,918929546200,725569473962618,wamid.HBgMOTE5ODEwMzQ3OTIxFQIAERgSMUEzNTI1MzZCNTZDQjcyM0FCAA==,919818679329,delivered,2025-05-27 14:36:59,,,,,,
2025-05-27 14:36:25,918929546200,725569473962618,wamid.HBgMOTE3Mzc3Nzg4ODg4FQIAERgSQ0RDQTVGNTgyNThCNkU0MDM0AA==,919871923322,delivered,2025-05-27 14:36:25,,,,,,
2025-05-27 14:33:08,918929546200,725569473962618,wamid.HBgMOTE5ODExNjY3Mjc0FQIAERgSMkQ4OTg5RDMxRDA1OEYyOTg3AA==,919818673272,delivered,2025-05-27 14:33:08,,,,,,
2025-05-27 14:35:21,918929532648,724637984055655,wamid.HBgMOTE3NzAxOTc3Mjg5FQIAERgSMzY4M0VGNzM2QUY1QkMwMTYzAA==,917042100680,delivered,2025-05-27 14:35:21,,,,,,
2025-05-27 14:32:47,919873744492,657469204124096,wamid.HBgMOTE5NzExMzQwNTA1FQIAERgSNENCRDg5MzIxQkY0NzNCNDBCAA==,919818373395,delivered,2025-05-27 14:32:47,,,,,,
2025-05-27 14:34:18,918929546200,725569473962618,wamid.HBgMOTE5NzE2NzUwMjcwFQIAERgSQjg3NzJFNTM5NjIzMTQ0MDJFAA==,919818281695,delivered,2025-05-27 14:34:18,,,,,,
2025-05-27 14:35:38,918929546200,725569473962618,wamid.HBgMOTE3NTA2Njk0NTYzFQIAERgSODg0RkM0MDE4NDExRDYwNTJBAA==,919818698577,delivered,2025-05-27 14:35:38,,,,,,
2025-05-27 14:33:29,918929546200,725569473962618,wamid.HBgMOTE5OTg1NDk1NjgwFQIAERgSNjE4MTg1NEY1REMzQTVGODZFAA==,919818737115,delivered,2025-05-27 14:33:29,,,,,,
2025-05-27 14:33:51,919205888736,650615708140466,wamid.HBgMOTE4ODgyMDgyNDg5FQIAERgSRDMzMTI4OEM0QkJBRENDRkYzAA==,919818256125,delivered,2025-05-27 14:33:51,,,,,,
2025-05-27 14:34:36,919205888736,650615708140466,wamid.HBgMOTE5ODk2MTgyNDg3FQIAERgSOUM4MDhENTNBNDUyQzVGNjY2AA==,919810075754,delivered,2025-05-27 14:34:36,,,,,,
2025-05-27 14:36:15,918929546200,725569473962618,wamid.HBgMOTE4MTc4MDkzNjc1FQIAERgSNzcxMjQzRTRCMjlBRTFGQzc4AA==,919818000239,delivered,2025-05-27 14:36:15,,,,,,
2025-05-27 14:34:36,918929546200,725569473962618,wamid.HBgMOTE5ODEwOTk5NzU0FQIAERgSNEUzNjUwOTgyM0Y2MEY2MTBDAA==,918826293793,delivered,2025-05-27 14:34:36,,,,,,
2025-05-27 14:34:59,918929532648,724637984055655,wamid.HBgMOTE5OTEwNTA5MDg2FQIAERgSQzUxQ0QxQ0ZBRTcyMDIwRDk5AA==,919810554206,delivered,2025-05-27 14:34:59,,,,,,
2025-05-27 14:32:32,918929532648,724637984055655,wamid.HBgMOTE3MDQyODE2MzYwFQIAERgSRjgwNEZDNTc4RkUyMzQyOUFDAA==,919810579309,delivered,2025-05-27 14:32:32,,,,,,
2025-05-27 14:32:34,918929546200,725569473962618,wamid.HBgMOTE5OTU4NTgwODc3FQIAERgSMzQ5OTg0QjM5NjcwQzU2MkVCAA==,919650877988,delivered,2025-05-27 14:32:34,,,,,,
2025-05-27 14:35:18,918929627512,679864135212915,wamid.HBgMOTE4Mjg1MDU1MTc2FQIAERgSRTM2QkVFMjRDM0E0OUYxMzNCAA==,919650990429,delivered,2025-05-27 14:35:18,,,,,,
2025-05-27 14:33:35,918929546200,725569473962618,wamid.HBgMOTE5NzE3MDA0MTc1FQIAERgSODIwQjE3Mzk1RkVDNjI0MDI4AA==,919810302667,delivered,2025-05-27 14:33:35,,,,,,
2025-05-27 14:35:22,919205888736,650615708140466,wamid.HBgMOTE4NzIzOTMwMTMxFQIAERgSMEU3NkIzNTVFQTM4QjdCRUQxAA==,918130998902,delivered,2025-05-27 14:35:22,,,,,,
2025-05-27 14:35:56,918929532648,724637984055655,wamid.HBgMOTE4MTk1OTUyMzQ1FQIAERgSODc2NEI2NDlDRTFBOTcxMDJFAA==,919818694416,delivered,2025-05-27 14:35:56,,,,,,
2025-05-27 14:34:50,919205888736,650615708140466,wamid.HBgMOTE3OTA1ODA3MDIxFQIAERgSN0EwN0Q0QjE1N0ZCNjQ1NEZEAA==,919810756015,delivered,2025-05-27 14:34:50,,,,,,
2025-05-27 14:35:57,919205888736,650615708140466,wamid.HBgMOTE4MzQwMzIyNDU1FQIAERgSODU2RDlDM0FBRDNCMjBDQ0U0AA==,919818458991,delivered,2025-05-27 14:35:57,,,,,,
2025-05-27 14:34:52,918929532648,724637984055655,wamid.HBgMOTE5ODE1NDQxMzk5FQIAERgSREUwMzg1MjM1MTBERUJFRUMwAA==,918130998921,delivered,2025-05-27 14:34:52,,,,,,
2025-05-27 14:36:49,918929532648,724637984055655,wamid.HBgMOTE5NzUzNjY4NDU2FQIAERgSN0E5N0IzM0RCNkU5Q0RBRDFGAA==,918800788608,delivered,2025-05-27 14:36:49,,,,,,
2025-05-27 14:33:36,918929532648,724637984055655,wamid.HBgMOTE5ODk5MDU4MTEwFQIAERgSRDk5NjIxNERCMDBBOTY4MzA1AA==,919650294499,delivered,2025-05-27 14:33:36,,,,,,
2025-05-27 14:32:37,918929546200,725569473962618,wamid.HBgMOTE5ODkxMTI4MDA5FQIAERgSRkQzRDIwNjdENDkyRUZEMUZGAA==,919650998690,delivered,2025-05-27 14:32:37,,,,,,
2025-05-27 14:34:26,918929546200,725569473962618,wamid.HBgMOTE5NTYwNzIyNTc2FQIAERgSNjRFMEQzNjJDQTUxN0I3Q0JFAA==,917042697902,delivered,2025-05-27 14:34:26,,,,,,
2025-05-27 14:36:50,918929546200,725569473962618,wamid.HBgMOTE5NjU0NDM3ODQ5FQIAERgSRDcxRjc2NDU5RjU5M0MxNjc2AA==,919958481745,delivered,2025-05-27 14:36:50,,,,,,
2025-05-27 14:35:39,919205888736,650615708140466,wamid.HBgMOTE3OTg1NzEyNDc4FQIAERgSMDE3QUMzQjQ4OThCRTc3MTI3AA==,919582158113,delivered,2025-05-27 14:35:39,,,,,,
2025-05-27 14:36:32,918929532648,724637984055655,wamid.HBgMOTE3OTg2MDE2MjkyFQIAERgSQjIzQkE0OTA3QkIwMzBCQkE0AA==,919818737161,delivered,2025-05-27 14:36:32,,,,,,
2025-05-27 14:36:19,918929546200,725569473962618,wamid.HBgMOTE5NjU0NTQyNDkwFQIAERgSQjBFMDM5RTkxRTdFRkM5NUVDAA==,919958975656,delivered,2025-05-27 14:36:19,,,,,,
2025-05-27 14:35:58,918929532648,724637984055655,wamid.HBgMOTE5NTY5ODA5MDEyFQIAERgSQUQ3RUFDMDIwNzkyOTc0QTY3AA==,918130998938,delivered,2025-05-27 14:35:58,,,,,,
2025-05-27 14:35:35,918929532648,724637984055655,wamid.HBgMOTE5NzExNjE4MDgwFQIAERgSNkY5M0Q3RjQ1MDdCMjEwNUQ2AA==,919871733664,delivered,2025-05-27 14:35:35,,,,,,
2025-05-27 14:32:07,918929546200,725569473962618,wamid.HBgMOTE3Njc4NDE1NTY5FQIAERgSMDc0MTA2N0IwNjkzQkI5NDkwAA==,919810141805,delivered,2025-05-27 14:32:07,,,,,,
2025-05-27 14:34:25,918929532648,724637984055655,wamid.HBgMOTE5ODE1NzE2OTg5FQIAERgSQkU5OUQ0MkM3ODg3QzQxRTY0AA==,919971856002,delivered,2025-05-27 14:34:25,,,,,,
2025-05-27 14:33:35,919205888736,650615708140466,wamid.HBgMOTE5NzExNjE4MDgwFQIAERgSQUM2ODUwOTIwQjc4QkQwRkE5AA==,919650101521,delivered,2025-05-27 14:33:35,,,,,,
2025-05-27 14:36:38,919873744492,657469204124096,wamid.HBgMOTE5NzExMzQwNTA1FQIAERgSMDlGNzBEQkNEQkRCOTcxQkE2AA==,918130232800,delivered,2025-05-27 14:36:38,,,,,,
2025-05-27 14:33:50,918929546200,725569473962618,wamid.HBgMOTE5OTk5MDA3OTU4FQIAERgSMkEyMjMzMzc4MTZCMkZEMDIzAA==,919717636875,delivered,2025-05-27 14:33:50,,,,,,
2025-05-27 14:35:36,919873744492,657469204124096,wamid.HBgMOTE5NzExMzQwNTA1FQIAERgSOEQ1NjNFRjUxMkNBNzAyMDE3AA==,919810707807,delivered,2025-05-27 14:35:36,,,,,,
2025-05-27 14:35:18,919205888736,650615708140466,wamid.HBgMOTE4MTQ2MzY2MjA4FQIAERgSRTI5MTk3N0FFOUU3MEZFMkNFAA==,919717636924,delivered,2025-05-27 14:35:18,,,,,,
2025-05-27 14:34:14,918929546200,725569473962618,wamid.HBgMOTE5NTk5NTg4Nzk3FQIAERgSMjE1RTIzOEQxRkM2NTBBRjc4AA==,919818079084,delivered,2025-05-27 14:34:14,,,,,,
2025-05-27 14:34:31,918929546200,725569473962618,wamid.HBgMOTE5OTUzNjU1MDk1FQIAERgSNEM1MDFFNDQ4OTM2NUI5MTFDAA==,919910209484,delivered,2025-05-27 14:34:31,,,,,,
2025-05-27 14:35:22,918929546200,725569473962618,wamid.HBgMOTE4ODAwNTUyOTU4FQIAERgSNjY4MTFBNDMzMUE1Q0M2OERBAA==,919818550748,delivered,2025-05-27 14:35:22,,,,,,
2025-05-27 14:35:34,918929546200,725569473962618,wamid.HBgMOTE5OTU4MjA0MDE4FQIAERgSREQ3OEZGRjU3N0Y0NzFBM0JBAA==,918826588477,delivered,2025-05-27 14:35:34,,,,,,
2025-05-27 14:34:45,918929546200,725569473962618,wamid.HBgMOTE5NTgyODI0MzMxFQIAERgSRUY5MjUyQTJDMDE4OUNCRkRGAA==,919871110099,delivered,2025-05-27 14:34:45,,,,,,
2025-05-27 14:32:56,918929546200,725569473962618,wamid.HBgMOTE4MTc4Njc0OTMxFQIAERgSNThCNUFFRjI1MzNEQzFDMDZCAA==,919818869355,delivered,2025-05-27 14:32:56,,,,,,
2025-05-27 14:32:49,918929546200,725569473962618,wamid.HBgMOTE5NzE2ODk0NDM0FQIAERgSNUEzNkZCM0MwODFBQkIxRUYxAA==,919818698632,delivered,2025-05-27 14:32:49,,,,,,
2025-05-27 14:32:04,918929532648,724637984055655,wamid.HBgMOTE5NjY3NjE5MTgwFQIAERgSM0ZFMzFFNDZFNDZBQjE3NjNFAA==,918527625588,delivered,2025-05-27 14:32:04,,,,,,
2025-05-27 14:36:44,918929532648,724637984055655,wamid.HBgMOTE5NjI1Mjc3MzA1FQIAERgSMzkwODEwMkI4QjRDQTBCNDc5AA==,919717636993,delivered,2025-05-27 14:36:44,,,,,,
2025-05-27 14:36:23,919205888736,650615708140466,wamid.HBgMOTE5ODczNTAwMDkyFQIAERgSQjA5NzU0OENCNTA0RkRCRUU2AA==,918800689922,delivered,2025-05-27 14:36:23,,,,,,
2025-05-27 14:33:15,918929546200,725569473962618,wamid.HBgMOTE5ODczNDQyNDY0FQIAERgSNEU1NTZERDYxRjNDNjAxMjk4AA==,919717786369,delivered,2025-05-27 14:33:15,,,,,,
2025-05-27 14:33:34,918929532648,724637984055655,wamid.HBgMOTE5ODE4NDAwNzEyFQIAERgSNkI2QzZCQTdCMUVGODZFRUExAA==,919818491247,delivered,2025-05-27 14:33:34,,,,,,
2025-05-27 14:33:27,919205888736,650615708140466,wamid.HBgMOTE5MDM0MjgzODc2FQIAERgSMjE1RDU4QzU1OTFBMkI5N0I5AA==,919717699497,delivered,2025-05-27 14:33:27,,,,,,
2025-05-27 14:34:02,918929546200,725569473962618,wamid.HBgMOTE3ODM4MjQ1NDk0FQIAERgSQzMxOTlCRjNEQTRGMkI3NEQzAA==,919910208763,delivered,2025-05-27 14:34:02,,,,,,
2025-05-27 14:34:14,918929532648,724637984055655,wamid.HBgMOTE4ODcxMjI3NDM2FQIAERgSNUY4NjAzOTgxMTJBRTY2QjAwAA==,917042592137,delivered,2025-05-27 14:34:14,,,,,,
2025-05-27 14:32:12,919205888736,650615708140466,wamid.HBgMOTE4ODgyMDgyNDg5FQIAERgSODc0MEZCMkVENjk4Nzc3QkVGAA==,918826688426,delivered,2025-05-27 14:32:12,,,,,,
2025-05-27 14:34:56,918929627512,679864135212915,wamid.HBgMOTE5NzExMzQwNTA1FQIAERgSQUQ1MkQzMzZERkQ5M0MzNEYwAA==,919650309508,delivered,2025-05-27 14:34:56,,,,,,
2025-05-27 14:32:57,919205888736,650615708140466,wamid.HBgMOTE5MDQ0ODAzOTM3FQIAERgSNEI3MEJCQTQ4RjlFQ0Q2MjI5AA==,919650992427,delivered,2025-05-27 14:32:57,,,,,,
2025-05-27 14:35:11,918929546200,725569473962618,wamid.HBgMOTE3MDQyNDk4NDAyFQIAERgSMzkyMDNDMzE3NjgxQzE4QUY2AA==,919818812696,delivered,2025-05-27 14:35:11,,,,,,
2025-05-27 14:33:29,918929546200,725569473962618,wamid.HBgMOTE4Njg1ODA5MjIxFQIAERgSODM1RjZDNjk5OTgyODUxNzg4AA==,919818737031,delivered,2025-05-27 14:33:29,,,,,,
2025-05-27 14:36:54,919205888736,650615708140466,wamid.HBgMOTE5ODEwMzE3MzA5FQIAERgSRkJERUU4NzFDQjcwQzIwQUU0AA==,919910890875,delivered,2025-05-27 14:36:54,,,,,,
2025-05-27 14:32:30,918929546200,725569473962618,wamid.HBgMOTE5ODcxOTY4MzA1FQIAERgSMTJBMTJBNDFGQzBDMzQwNEI0AA==,919650996660,delivered,2025-05-27 14:32:30,,,,,,
2025-05-27 14:35:55,918929532648,724637984055655,wamid.HBgMOTE5NjQzMDcwODA3FQIAERgSMTAzRUQ0MEM1QTk0Q0UwQkMwAA==,919717636862,delivered,2025-05-27 14:35:55,,,,,,
2025-05-27 14:33:34,918929546200,725569473962618,wamid.HBgMOTE5OTcxMTE5Nzc4FQIAERgSNDcwRkE2RDY1RkYwMERGQ0M0AA==,919810699825,delivered,2025-05-27 14:33:34,,,,,,
2025-05-27 14:35:17,918929532648,724637984055655,wamid.HBgMOTE5OTcxODc0NTk4FQIAERgSRTBBQ0YzQ0I3NkY2MDU3RDhDAA==,919818092928,delivered,2025-05-27 14:35:17,,,,,,
2025-05-27 14:35:56,918929546200,725569473962618,wamid.HBgMOTE5ODE4NzE4NTE5FQIAERgSQjhBRTU0RjQ4MjE2RDA0QUY5AA==,919818260765,delivered,2025-05-27 14:35:56,,,,,,
2025-05-27 14:33:53,918929546200,725569473962618,wamid.HBgMOTE5NzE3MTEwNTM1FQIAERgSNzdFOTU3MTg4RjVEMzNCMTQ1AA==,919650895126,delivered,2025-05-27 14:33:53,,,,,,
2025-05-27 14:32:17,918929546200,725569473962618,wamid.HBgMOTE5OTUzODY2NDQ0FQIAERgSQjJDNkJENzUzMzc2OEQxNkJEAA==,919810929736,delivered,2025-05-27 14:32:17,,,,,,
2025-05-27 14:33:51,918929546200,725569473962618,wamid.HBgMOTE5OTk5NjEyMTYyFQIAERgSQkNEODM1RkFCRDdEMkQ4RTg1AA==,919910327372,delivered,2025-05-27 14:33:51,,,,,,
2025-05-27 14:35:12,918929532648,724637984055655,wamid.HBgMOTE5OTg4MDY4NjgyFQIAERgSQjFDODFFNjc1OTE3NkNCQkY2AA==,918130527102,delivered,2025-05-27 14:35:12,,,,,,
2025-05-27 14:36:49,918929546200,725569473962618,wamid.HBgMOTE5NTk5NTA1NjAwFQIAERgSOTY0NThGQkU3NTlFODA5MDI4AA==,919650844866,delivered,2025-05-27 14:36:49,,,,,,
2025-05-27 14:32:08,918929546200,725569473962618,wamid.HBgMOTE5ODA5MzczODM5FQIAERgSMkUzREI2RTI4NkRENzk3MTY4AA==,919810784762,delivered,2025-05-27 14:32:08,,,,,,
2025-05-27 14:35:36,918929532648,724637984055655,wamid.HBgMOTE5ODEwNDAyMzQ1FQIAERgSQkFBMjBGQ0JBODNCRDFFNDI3AA==,919717636887,delivered,2025-05-27 14:35:36,,,,,,
2025-05-27 14:35:44,918929546200,725569473962618,wamid.HBgMOTE3NjY4MzA4MzEwFQIAERgSNDI0QUZDRjMyQTdEMkIwQjk4AA==,919818881912,delivered,2025-05-27 14:35:44,,,,,,
2025-05-27 14:34:58,918929532648,724637984055655,wamid.HBgMOTE4MDkzMzc3NDYzFQIAERgSRUZGNzNGMjg1M0NCMDhDRjc0AA==,919810513931,delivered,2025-05-27 14:34:58,,,,,,
2025-05-27 14:33:23,918929532648,724637984055655,wamid.HBgMOTE4OTI5NzQ2ODIxFQIAERgSMUM2N0ZBQUZBMzMwOTI0QzNEAA==,919810302792,delivered,2025-05-27 14:33:23,,,,,,
2025-05-27 14:35:14,918929532648,724637984055655,wamid.HBgMOTE5NDM3MjEyMDY3FQIAERgSNjQ3Qjk0REE2NjNBNTA3RjdEAA==,918800335874,delivered,2025-05-27 14:35:14,,,,,,
2025-05-27 14:32:55,918929546200,725569473962618,wamid.HBgMOTE3Mzg4NzM3MTExFQIAERgSMDhFM0NDQTdFRTE0OTFGRDM3AA==,919818997801,delivered,2025-05-27 14:32:55,,,,,,
2025-05-27 14:36:54,918929546200,725569473962618,wamid.HBgMOTE4NzAwNzE4MjAxFQIAERgSRDYyQTE5MjkwNTE5RTAzQUE4AA==,919818940867,delivered,2025-05-27 14:36:54,,,,,,
2025-05-27 14:34:42,918929532648,724637984055655,wamid.HBgMOTE5ODcxMTI1MTE1FQIAERgSRUMyM0MwQ0VGMThFMjc4RjFCAA==,918527474501,delivered,2025-05-27 14:34:42,,,,,,
2025-05-27 14:33:54,918929546200,725569473962618,wamid.HBgMOTE5ODA5MzczODM5FQIAERgSMDVEQjdBNkUwNDEyODIyMDg3AA==,919717636959,delivered,2025-05-27 14:33:54,,,,,,
2025-05-27 14:32:20,918929546200,725569473962618,wamid.HBgMOTE4NTcyMDI3NzI2FQIAERgSMzc5MjVBMzVGRThGNEE4Rjk3AA==,919818431249,delivered,2025-05-27 14:32:20,,,,,,
2025-05-27 14:34:59,919205888736,650615708140466,wamid.HBgMOTE4MzgzOTk2ODczFQIAERgSRjY3MjY0RkNBQkM0REFFOEMwAA==,919910560801,delivered,2025-05-27 14:34:59,,,,,,
2025-05-27 14:34:42,918929546200,725569473962618,wamid.HBgMOTE5NTYwODYxMjY5FQIAERgSOTQ4RkE3NDlBRDhDQUZDMUJFAA==,919958079997,delivered,2025-05-27 14:34:42,,,,,,
2025-05-27 14:33:32,918929532648,724637984055655,wamid.HBgMOTE5ODMzMTA4NzcwFQIAERgSNEJENzE2RjhGNUVBOUQxRTlDAA==,919818679318,delivered,2025-05-27 14:33:32,,,,,,
2025-05-27 14:36:57,918929546200,725569473962618,wamid.HBgMOTE5MjIwMTQ0NTY2FQIAERgSODEyODlENUZDMDQ5NDUyMkY5AA==,919717595658,delivered,2025-05-27 14:36:57,,,,,,
2025-05-27 14:32:29,918929546200,725569473962618,wamid.HBgMOTE5NzgxNDMwOTk5FQIAERgSRjQ1QTlBNjEwNDQ4NjY5NjExAA==,919810157479,delivered,2025-05-27 14:32:29,,,,,,
2025-05-27 14:36:17,918929546200,725569473962618,wamid.HBgMOTE5MzExODMzMzY5FQIAERgSNkY2NjUwRjcyQUY1NUM1QzhGAA==,919818667167,delivered,2025-05-27 14:36:17,,,,,,
2025-05-27 14:34:01,918929546200,725569473962618,wamid.HBgMOTE5OTU4MTExNzY5FQIAERgSMEE1ODA5QUU5RENBNkEyQTE5AA==,919910045069,delivered,2025-05-27 14:34:01,,,,,,
2025-05-27 14:34:02,918929532648,724637984055655,wamid.HBgMOTE5OTU4OTEwMjkyFQIAERgSRDc5Q0JBQzBBN0Y3NjFGMDNEAA==,919873462806,delivered,2025-05-27 14:34:02,,,,,,
2025-05-27 14:32:27,918929532648,724637984055655,wamid.HBgMOTE4MzkwNzczMjMzFQIAERgSQjM5MTY4MjJGQ0E2MjQ4QzFBAA==,919810200376,delivered,2025-05-27 14:32:27,,,,,,
2025-05-27 14:33:29,918929532648,724637984055655,wamid.HBgMOTE3MDExMTE4NjAwFQIAERgSNTFCQzU3NERCRDc3REQxNjY4AA==,919717636811,delivered,2025-05-27 14:33:29,,,,,,
2025-05-27 14:32:10,918929546200,725569473962618,wamid.HBgMOTE5OTcxNjM4MjMzFQIAERgSQTE5RjBENTk1NEJGMDdFNEI2AA==,919818679237,delivered,2025-05-27 14:32:10,,,,,,
2025-05-27 14:33:00,919205888736,650615708140466,wamid.HBgMOTE4MzczOTMxMDYyFQIAERgSNEYyQzYxQzk2RDdBMEQ2N0MxAA==,919810955733,delivered,2025-05-27 14:33:00,,,,,,
2025-05-27 14:35:59,918929546200,725569473962618,wamid.HBgMOTE4MDc2NzQzNzEyFQIAERgSREU2MjEwMTMxNjFBMThERTc3AA==,918527257472,delivered,2025-05-27 14:35:59,,,,,,
2025-05-27 14:34:06,918929546200,725569473962618,wamid.HBgMOTE5ODExNzcyMjg5FQIAERgSRjZGNDg0NzIwQjNGODFBOEVEAA==,919818597520,delivered,2025-05-27 14:34:06,,,,,,
2025-05-27 14:34:01,918929532648,724637984055655,wamid.HBgMOTE5ODEwMzQ3OTIxFQIAERgSRTA3MDg3QjU2MTEyMEJDM0MyAA==,919871155927,delivered,2025-05-27 14:34:01,,,,,,
2025-05-27 14:34:49,918929532648,724637984055655,wamid.HBgMOTE5OTk5MjE5MDU5FQIAERgSRTA1QkE5NUE2M0EyMDFENzM4AA==,919810161946,delivered,2025-05-27 14:34:49,,,,,,
2025-05-27 14:35:26,918929546200,725569473962618,wamid.HBgMOTE5NjY3NDUzMDkxFQIAERgSODAxNDk3Njc3NTE5REExRENEAA==,919810160407,delivered,2025-05-27 14:35:26,,,,,,
2025-05-27 14:32:49,918929546200,725569473962618,wamid.HBgMOTE5OTk5MzkyOTg2FQIAERgSRDQwNzFGMUI3MEIzQUVCQTRFAA==,919717636939,delivered,2025-05-27 14:32:49,,,,,,
2025-05-27 14:34:06,919873744492,657469204124096,wamid.HBgMOTE5NzExMzQwNTA1FQIAERgSMzk4MjVGMUY0NTY4NDQyQzEyAA==,919818737979,delivered,2025-05-27 14:34:06,,,,,,
2025-05-27 14:35:17,918929532648,724637984055655,wamid.HBgMOTE5OTg1NDk1NjgwFQIAERgSNkUxNjRBMjhFNEU2MDMzNkU0AA==,919818738010,delivered,2025-05-27 14:35:17,,,,,,
2025-05-27 14:36:34,918929546200,725569473962618,wamid.HBgMOTE5NTYwNzIyNTc2FQIAERgSOEFBMzFDMUJEOTVCRkFEQkFGAA==,919818629069,delivered,2025-05-27 14:36:34,,,,,,
2025-05-27 14:32:06,918929532648,724637984055655,wamid.HBgMOTE5NTE1NzMzNDIyFQIAERgSRDI3Rjg0RkRFQjNEMzc2RjI3AA==,919818737201,delivered,2025-05-27 14:32:06,,,,,,
2025-05-27 14:32:56,918929532648,724637984055655,wamid.HBgMOTE5MDEzMDU3MDE2FQIAERgSNjM2NDNCRkRBQjMzMzYzNThCAA==,919910146716,delivered,2025-05-27 14:32:56,,,,,,
2025-05-27 14:36:03,918929532648,724637984055655,wamid.HBgMOTE2MjY0ODU1ODI3FQIAERgSNzExRTE1NDdDQkI5QkEyQzNEAA==,919871773324,delivered,2025-05-27 14:36:03,,,,,,
2025-05-27 14:35:44,919205888736,650615708140466,wamid.HBgMOTE5Mjg5Njc4NzA0FQIAERgSODI1QzI2Q0ZCRjkwMjA4MTNGAA==,919958865925,delivered,2025-05-27 14:35:44,,,,,,
2025-05-27 14:36:30,918929546200,725569473962618,wamid.HBgMOTE5OTEwMDAwMzI0FQIAERgSRTdCMTY0MzNCN0YwM0VFMjNGAA==,919717891201,delivered,2025-05-27 14:36:30,,,,,,
2025-05-27 14:33:23,918929546200,725569473962618,wamid.HBgMOTE5NjU0NjMxMzU1FQIAERgSQTg1M0MxQUM4MEQzRDU4QUU5AA==,919818678581,delivered,2025-05-27 14:33:23,,,,,,
2025-05-27 14:32:11,918929546200,725569473962618,wamid.HBgMOTE5OTU4MDM2NjM2FQIAERgSREIzN0I2MjZGNDBEOTM5REZFAA==,919650410022,delivered,2025-05-27 14:32:11,,,,,,
2025-05-27 14:35:15,918929532648,724637984055655,wamid.HBgMOTE5ODEwMjM3OTQzFQIAERgSMTRGNTJGNzA0NUY2NURBMEU5AA==,919818996967,delivered,2025-05-27 14:35:15,,,,,,
2025-05-27 14:35:46,918929532648,724637984055655,wamid.HBgMOTE5NDU0NjM2MDk1FQIAERgSQzI5NjBCMkZGMjUzRjlFMzgzAA==,919958009359,delivered,2025-05-27 14:35:46,,,,,,
2025-05-27 14:33:20,918929546200,725569473962618,wamid.HBgMOTE4MDU5NTg5MjYwFQIAERgSNUJENjk4QkIwQjNENzlEMkQzAA==,919958313739,delivered,2025-05-27 14:33:20,,,,,,
2025-05-27 14:32:28,918929546200,725569473962618,wamid.HBgMOTE5ODUwODMxMjAyFQIAERgSMjE0RUYzRTU3MkE2NzY3MEM0AA==,919818646235,delivered,2025-05-27 14:32:28,,,,,,
2025-05-27 14:36:38,918929546200,725569473962618,wamid.HBgMOTE4NjAwMTQxODU4FQIAERgSN0ZGMjYyMUEyRDdDRTM1MkEyAA==,918527571856,delivered,2025-05-27 14:36:38,,,,,,
2025-05-27 14:36:00,919205888736,650615708140466,wamid.HBgMOTE3MjE3ODg5MzkxFQIAERgSNzM2NkM2OUEwQTNBNTI2RTBEAA==,918800263555,delivered,2025-05-27 14:36:00,,,,,,
2025-05-27 14:36:08,918929546200,725569473962618,wamid.HBgMOTE5OTk5Njk3NTE1FQIAERgSRjM2NDk5MkI0NzU3NTEzQzdBAA==,919717877655,delivered,2025-05-27 14:36:08,,,,,,
2025-05-27 14:33:07,918929532648,724637984055655,wamid.HBgMOTE3MDgyMDAwNDgwFQIAERgSMzQxRTBDQUU0QjczQzk0MTJCAA==,919818996931,delivered,2025-05-27 14:33:07,,,,,,
2025-05-27 14:36:47,919205888736,650615708140466,wamid.HBgMOTE5OTUzNjg0NzMzFQIAERgSQzJFMDcxOTc2MkNDMTQ3MkNEAA==,919312214152,delivered,2025-05-27 14:36:47,,,,,,
2025-05-27 14:32:57,918929532648,724637984055655,wamid.HBgMOTE5ODkxMjI2OTE1FQIAERgSNzY3RTFCMUZCMjczQ0M4RDM5AA==,919810580092,delivered,2025-05-27 14:32:57,,,,,,
2025-05-27 14:33:32,919205888736,650615708140466,wamid.HBgMOTE2MzYxMTYxODM2FQIAERgSRjZGM0VCQjlEMkY1Qzc3RjA2AA==,919810293909,delivered,2025-05-27 14:33:32,,,,,,
2025-05-27 14:34:29,918929532648,724637984055655,wamid.HBgMOTE4ODI0OTMyNDU4FQIAERgSNkY4QUVGOEVBNEE0MzY1QkE2AA==,919818646057,delivered,2025-05-27 14:34:29,,,,,,
2025-05-27 14:34:08,918929546200,725569473962618,wamid.HBgMOTE5OTI4NTU1NzExFQIAERgSOTU1NEI1MUE5MUE2Q0ExQ0MwAA==,919810666080,delivered,2025-05-27 14:34:08,,,,,,
2025-05-27 14:35:26,918929546200,725569473962618,wamid.HBgMOTE5NjI1MDE4OTQ4FQIAERgSMUE2NEE0ODBBMUU0MUU0M0M1AA==,919717636922,delivered,2025-05-27 14:35:26,,,,,,
2025-05-27 14:34:08,918929532648,724637984055655,wamid.HBgMOTE5OTk5MzUxNDE3FQIAERgSOTU5QzE3NzQ4N0VFNTVFMUVEAA==,919810700394,delivered,2025-05-27 14:34:08,,,,,,
2025-05-27 14:32:19,918929532648,724637984055655,wamid.HBgMOTE4ODAwOTMxMjA0FQIAERgSN0U4OUNDNzY0MjNCMTRFNEVGAA==,919810054827,delivered,2025-05-27 14:32:19,,,,,,
2025-05-27 14:33:18,918929546200,725569473962618,wamid.HBgMOTE5NzYxNTcxMjM0FQIAERgSRkExNzY0MTE5QzlCNjU0N0I1AA==,918800372081,delivered,2025-05-27 14:33:18,,,,,,
2025-05-27 14:35:56,919205888736,650615708140466,wamid.HBgMOTE5ODk2MTgyNDg3FQIAERgSQTlBOTJGNjgyQTA4MEREN0M3AA==,919818670507,delivered,2025-05-27 14:35:56,,,,,,
2025-05-27 14:35:58,918929532648,724637984055655,wamid.HBgMOTE3NzQwOTYyMDY0FQIAERgSMDM3NkNDMTkzRjQxMERDMDI0AA==,919818847726,delivered,2025-05-27 14:35:58,,,,,,
2025-05-27 14:34:22,918929546200,725569473962618,wamid.HBgMOTE5NjU0NTQ2Mjc0FQIAERgSQzE2Mjg3QUM3QjgyRUNFNEM2AA==,919818141245,delivered,2025-05-27 14:34:22,,,,,,
2025-05-27 14:34:30,918929546200,725569473962618,wamid.HBgMOTE5NjUwMjYyNDY4FQIAERgSOTFBNkQ2MkE5NzA5NTk5RUEwAA==,919717636988,delivered,2025-05-27 14:34:30,,,,,,
2025-05-27 14:32:01,918929546200,725569473962618,wamid.HBgMOTE5NzE3MTEwNTM1FQIAERgSRjc2MThGNUJDMUE2MDQ1RkZBAA==,919818001007,delivered,2025-05-27 14:32:01,,,,,,
2025-05-27 14:33:45,919205888736,650615708140466,wamid.HBgMOTE5MjA1NDUzNTQzFQIAERgSODQzNTY4Mjg4OUQzOTg1QkMyAA==,918800194376,delivered,2025-05-27 14:33:45,,,,,,
2025-05-27 14:36:20,918929546200,725569473962618,wamid.HBgMOTE5OTcxMzA3NzYyFQIAERgSMDA3NTk3NzIxQzIyRThGNTU4AA==,919717807111,delivered,2025-05-27 14:36:20,,,,,,
2025-05-27 14:33:07,918929532648,724637984055655,wamid.HBgMOTE3MDA0MTAzMTc0FQIAERgSQjE1NTAwMEUxOTNEMTlFNzlEAA==,919717363377,delivered,2025-05-27 14:33:07,,,,,,
2025-05-27 14:33:25,918929546200,725569473962618,wamid.HBgMOTE5MjIwMTQ0NTY2FQIAERgSMzVDODkwRUY2RDEyNjg5Qjg4AA==,919818667032,delivered,2025-05-27 14:33:25,,,,,,
2025-05-27 14:36:48,918929546200,725569473962618,wamid.HBgMOTE5OTk5MDA3OTU4FQIAERgSQkJGMzkxRkQ4Q0VCRjNFRDM4AA==,919810683794,delivered,2025-05-27 14:36:48,,,,,,
2025-05-27 14:34:07,918929546200,725569473962618,wamid.HBgMOTE5NDEwNjA1MjU2FQIAERgSMzczRDY0MUQ0QjFBNkM0RUU2AA==,919958880708,delivered,2025-05-27 14:34:07,,,,,,
2025-05-27 14:33:44,918929546200,725569473962618,wamid.HBgMOTE4NTg2OTMzMzc4FQIAERgSNjZEN0E5Mzk1MTgwN0I5ODQ4AA==,918527174440,delivered,2025-05-27 14:33:44,,,,,,
2025-05-27 14:36:14,918929546200,725569473962618,wamid.HBgMOTE4NTk1MDY2MDcwFQIAERgSMzZDN0YzQTBDMkE0NkQwN0NGAA==,917042597408,delivered,2025-05-27 14:36:14,,,,,,
2025-05-27 14:36:28,919205888736,650615708140466,wamid.HBgMOTE5NDc5NjM3MjQ0FQIAERgSQTBFNjU1MEVFM0IwQUUxOEMyAA==,918826611186,delivered,2025-05-27 14:36:28,,,,,,
2025-05-27 14:32:53,918929546200,725569473962618,wamid.HBgMOTE4ODc5ODAwNDA0FQIAERgSNjBFMEQyMjMzNjc2RDM1QzYzAA==,919650715666,delivered,2025-05-27 14:32:53,,,,,,
2025-05-27 14:36:43,919205888736,650615708140466,wamid.HBgMOTE5ODI1OTkwMjU2FQIAERgSNUFBMTVFRjBDNkIxRTc0MkRGAA==,919810203373,delivered,2025-05-27 14:36:43,,,,,,
2025-05-27 14:32:07,919205888736,650615708140466,wamid.HBgMOTE3MDE1OTc0Njg0FQIAERgSRUU0OTNBNzlENzI2RTI2REI2AA==,919818018980,delivered,2025-05-27 14:32:07,,,,,,
2025-05-27 14:33:46,919205888736,650615708140466,wamid.HBgMOTE4ODAwOTMxMjA0FQIAERgSMUM4NzcxQ0FGQURBNEE3MEJCAA==,919958891688,delivered,2025-05-27 14:33:46,,,,,,
2025-05-27 14:32:25,919205888736,650615708140466,wamid.HBgMOTE5ODExNDk4NzU2FQIAERgSOEIzRTQ3REY1MEExQkRFRDBCAA==,918527093713,delivered,2025-05-27 14:32:25,,,,,,
2025-05-27 14:36:44,919205888736,650615708140466,wamid.HBgMOTE3NDI4ODk5MDQzFQIAERgSNUYyRDlDNkRGQzgzOURGQkU3AA==,919871255772,delivered,2025-05-27 14:36:44,,,,,,
2025-05-27 14:36:08,918929532648,724637984055655,wamid.HBgMOTE5NzE3NzI5MDA1FQIAERgSRThFMkUyQkQ3RjYzMTc0MDg2AA==,919717636912,delivered,2025-05-27 14:36:08,,,,,,
2025-05-27 14:35:07,919205888736,650615708140466,wamid.HBgMOTE4NDQ3NTMxMzMzFQIAERgSMTVFRkI2NkFBOEY4NjFGQUIzAA==,919818737390,delivered,2025-05-27 14:35:07,,,,,,
2025-05-27 14:35:26,918929532648,724637984055655,wamid.HBgMOTE2MjgwODY2MDM5FQIAERgSQzk2M0JDNTE0OTdEMEE1RTBDAA==,919818093187,delivered,2025-05-27 14:35:26,,,,,,
2025-05-27 14:33:50,918929546200,725569473962618,wamid.HBgMOTE5OTcxMTE5Nzc4FQIAERgSMzUyNjQyQzIzRDg4RjUyQjA4AA==,919350666437,delivered,2025-05-27 14:33:50,,,,,,
2025-05-27 14:32:14,919205888736,650615708140466,wamid.HBgMOTE4OTQ5Nzg2OTE2FQIAERgSOTk3NEU4MkQ2NUU0MDk2MkI1AA==,918130998947,delivered,2025-05-27 14:32:14,,,,,,
2025-05-27 14:35:09,919205888736,650615708140466,wamid.HBgMOTE5NzExMzQwNTA1FQIAERgSMTFFN0E4RjNDQTFEODIzQjA3AA==,919810075455,delivered,2025-05-27 14:35:09,,,,,,
2025-05-27 14:34:19,919205888736,650615708140466,wamid.HBgMOTE5NzczODk4MDc1FQIAERgSQjNEQzRFRDQ2OEEwQ0JDMzEwAA==,919560012702,delivered,2025-05-27 14:34:19,,,,,,
2025-05-27 14:36:58,919205888736,650615708140466,wamid.HBgMOTE4ODQwMjcwMDY2FQIAERgSM0QxOTJFQzk1MzgyMjA0NzBFAA==,918800194395,delivered,2025-05-27 14:36:58,,,,,,
2025-05-27 14:36:33,918929532648,724637984055655,wamid.HBgMOTE4NTI3ODQxMjAwFQIAERgSRDYzRUQ2MkZGNkI5NDJBMzk0AA==,919717636874,delivered,2025-05-27 14:36:33,,,,,,
2025-05-27 14:36:54,918929546200,725569473962618,wamid.HBgMOTE5OTY3Mzk2NjY2FQIAERgSNkU4OUJENjI1MERCRUVDMEQwAA==,919871033116,delivered,2025-05-27 14:36:54,,,,,,
2025-05-27 14:36:05,919205888736,650615708140466,wamid.HBgMOTE4ODAwOTMxMjA0FQIAERgSMUM4NzcxQ0FGQURBNEE3MEJCAA==,919818044300,delivered,2025-05-27 14:36:05,,,,,,
2025-05-27 14:35:57,918929546200,725569473962618,wamid.HBgMOTE4MDU5NTg5MjYwFQIAERgSNTc1NEYyNDNCMDA5Q0EzNjMzAA==,919910608844,delivered,2025-05-27 14:35:57,,,,,,
2025-05-27 14:33:22,918929546200,725569473962618,wamid.HBgMOTE5ODczNDQyNDY0FQIAERgSMEJCMTFGRDgwRjQ2NTU2QjU5AA==,918527011910,delivered,2025-05-27 14:33:22,,,,,,
2025-05-27 14:33:19,918929532648,724637984055655,wamid.HBgMOTE5NzE3NTMzNTQyFQIAERgSOTdGQjg5MUQyMjc2MzY1QTYwAA==,919810808848,delivered,2025-05-27 14:33:19,,,,,,
2025-05-27 14:33:49,918929627512,679864135212915,wamid.HBgMOTE5NzExMzQwNTA1FQIAERgSQUQ1MkQzMzZERkQ5M0MzNEYwAA==,919818395446,delivered,2025-05-27 14:33:49,,,,,,
2025-05-27 14:33:31,918929532648,724637984055655,wamid.HBgMOTE2MzgxODcwNzg5FQIAERgSNTFDMzlGOEQ3QTUzMjZFMEVFAA==,919582158124,delivered,2025-05-27 14:33:31,,,,,,
2025-05-27 14:33:22,919205888736,650615708140466,wamid.HBgMOTE3MDY1NTM2NzM2FQIAERgSMjI3MTY5QzM4NERBOUZFNkQ0AA==,919013628077,delivered,2025-05-27 14:33:22,,,,,,
2025-05-27 14:36:56,918929546200,725569473962618,wamid.HBgMOTE5NjU0NTQyNDkwFQIAERgSMDQxRDRERTNDNUE5RDNBRjZGAA==,919810972612,delivered,2025-05-27 14:36:56,,,,,,
2025-05-27 14:35:50,918929532648,724637984055655,wamid.HBgMOTE5MjA1MjAwMjM4FQIAERgSQUFFRThGMEU1RkU4QUI3MTI5AA==,919818688151,delivered,2025-05-27 14:35:50,,,,,,
2025-05-27 14:35:40,918929532648,724637984055655,wamid.HBgMOTE5ODk5OTY0MDc3FQIAERgSMkI2OEIwOUI4RENENjI5Q0RGAA==,919560677474,delivered,2025-05-27 14:35:40,,,,,,
2025-05-27 14:33:16,918929546200,725569473962618,wamid.HBgMOTE3Mzc3Nzg4ODg4FQIAERgSMTREMzQ4RTYyQUVCQUE4M0Y1AA==,919958285042,delivered,2025-05-27 14:33:16,,,,,,
2025-05-27 14:35:16,918929546200,725569473962618,wamid.HBgMOTE5NzExNDUwNDY1FQIAERgSRTc3MTEwRUZENDk2MENFMkYzAA==,919891502012,delivered,2025-05-27 14:35:16,,,,,,
2025-05-27 14:32:56,918929546200,725569473962618,wamid.HBgMOTE5ODczNDQyNDY0FQIAERgSNkQ2MTM2REM1OTc2MTk0NUFBAA==,919818679404,delivered,2025-05-27 14:32:56,,,,,,
2025-05-27 14:32:15,918929532648,724637984055655,wamid.HBgMOTE4MDkwMDk0MTU5FQIAERgSNDkwQjBBQjE4QTk3RkNBRjI3AA==,919810719743,delivered,2025-05-27 14:32:15,,,,,,
2025-05-27 14:34:13,919205888736,650615708140466,wamid.HBgMOTE5NzczNTIzNzU1FQIAERgSRkMxRjk2NkVFMUQwOTI1QTg3AA==,919818679434,delivered,2025-05-27 14:34:13,,,,,,
2025-05-27 14:34:51,918929546200,725569473962618,wamid.HBgMOTE4MTQ2MTk3ODc5FQIAERgSRTFDQzZBNkMyREEyQkM4QkQxAA==,919810541473,delivered,2025-05-27 14:34:51,,,,,,
2025-05-27 14:33:20,918929546200,725569473962618,wamid.HBgMOTE5ODE4NjExNzg5FQIAERgSQjdBNzM5NzcyODFCQjYzMTRBAA==,919818698122,delivered,2025-05-27 14:33:20,,,,,,
2025-05-27 14:36:50,919205888736,650615708140466,wamid.HBgMOTE4Mzc2OTk4ODA4FQIAERgSQ0RCMzE5OEJENkMyN0ExOEM2AA==,919810167421,delivered,2025-05-27 14:36:50,,,,,,
2025-05-27 14:36:48,918929546200,725569473962618,wamid.HBgMOTE4NTk1NTk0NjcyFQIAERgSNTRDNTg5OEQ0REU5OEUyRkM3AA==,919958644955,delivered,2025-05-27 14:36:48,,,,,,
2025-05-27 14:35:38,918929532648,724637984055655,wamid.HBgMOTE3MDQyODE2MzYwFQIAERgSQjk4RTYxQTFBRDMzRDBDNUI3AA==,919910265368,delivered,2025-05-27 14:35:38,,,,,,
2025-05-27 14:35:33,918929532648,724637984055655,wamid.HBgMOTE5NjQzMDcwODA3FQIAERgSQTg2NEM4REUzRjBDMUExMkQ2AA==,919810403359,delivered,2025-05-27 14:35:33,,,,,,
2025-05-27 14:32:36,918929546200,725569473962618,wamid.HBgMOTE5OTAyODU1NDc3FQIAERgSOTNGQTRBM0YwNkNGNzYyNDcxAA==,919910094170,delivered,2025-05-27 14:32:36,,,,,,
2025-05-27 14:32:40,919205888736,650615708140466,wamid.HBgMOTE4Mjg3Mjc1MTgxFQIAERgSQjA4QUFDQTAwQzk0MDE1RkQ3AA==,918010622244,delivered,2025-05-27 14:32:40,,,,,,
2025-05-27 14:35:35,919205888736,650615708140466,wamid.HBgMOTE3OTgyODUxMDE0FQIAERgSRkQwMTVCQTJFMTAzMjVERUYyAA==,919958810851,delivered,2025-05-27 14:35:35,,,,,,
2025-05-27 14:36:50,918929546200,725569473962618,wamid.HBgMOTE4Mjg3MzY0NjQzFQIAERgSQkQyMkQ4QzRDRTZDNjU3NDAzAA==,917042697908,delivered,2025-05-27 14:36:50,,,,,,
2025-05-27 14:33:46,918929546200,725569473962618,wamid.HBgMOTE5ODEwMzQ3OTIxFQIAERgSODI3NTQzQzczNzg0MjAzMTM4AA==,919818420880,delivered,2025-05-27 14:33:46,,,,,,
2025-05-27 14:33:54,919205888736,650615708140466,wamid.HBgMOTE2MjA1MTU2Mzg3FQIAERgSQzZCMTJGNURBQUZGOTM5REEyAA==,919810145226,delivered,2025-05-27 14:33:54,,,,,,
2025-05-27 14:32:07,918929546200,725569473962618,wamid.HBgMOTE2Mzc1MDY1NjA1FQIAERgSOTRFQjRERTY0MjQ0QTcyRThFAA==,918826377338,delivered,2025-05-27 14:32:07,,,,,,
2025-05-27 14:36:16,918929546200,725569473962618,wamid.HBgMOTE5ODk2ODUxNzQ3FQIAERgSOEI3RDM3Mjc2RkY0RDYwQkRFAA==,919818737925,delivered,2025-05-27 14:36:16,,,,,,
2025-05-27 14:35:59,918929532648,724637984055655,wamid.HBgMOTE4OTI5NzQ2ODIxFQIAERgSNjcwNTg0RkNCOEY1OTVGMDMxAA==,918130455779,delivered,2025-05-27 14:35:59,,,,,,
2025-05-27 14:32:39,918929546200,725569473962618,wamid.HBgMOTE5NjgyNjEwNTIyFQIAERgSODM2RjhCRkQ3RUJBM0FGQTIxAA==,919971618088,delivered,2025-05-27 14:32:39,,,,,,
2025-05-27 14:34:46,918929546200,725569473962618,wamid.HBgMOTE4NTI3NzIwMDA2FQIAERgSNUIzMjc2NDNGQzhFMzJCMDdCAA==,919650993962,delivered,2025-05-27 14:34:46,,,,,,
2025-05-27 14:36:13,918929546200,725569473962618,wamid.HBgMOTE3MDUxNTgxMjg2FQIAERgSQTNEQjQ5RTUxMjU5M0ZGRkI5AA==,919810903658,delivered,2025-05-27 14:36:13,,,,,,
2025-05-27 14:36:41,918929532648,724637984055655,wamid.HBgMOTE2MjY0ODU1ODI3FQIAERgSQTg0RjY5Q0Q3QkI5MDdENUJGAA==,919811994034,delivered,2025-05-27 14:36:41,,,,,,
2025-05-27 14:33:33,918929546200,725569473962618,wamid.HBgMOTE4NTI3NzIwMDA2FQIAERgSNEExNUQ5MzA3NzQ1MENBNTNEAA==,919968215673,delivered,2025-05-27 14:33:33,,,,,,
2025-05-27 14:35:03,918929532648,724637984055655,wamid.HBgMOTE5ODk5ODU4OTU0FQIAERgSNUIyN0U3ODM1MzU4OUI3NzhGAA==,919717636960,delivered,2025-05-27 14:35:03,,,,,,
2025-05-27 14:34:07,918929532648,724637984055655,wamid.HBgMOTE4NjUwMDAyMjAyFQIAERgSQzc0Qjg4NEEwQzk2NDhERjFFAA==,919818096680,delivered,2025-05-27 14:34:07,,,,,,
2025-05-27 14:32:30,918929532648,724637984055655,wamid.HBgMOTE5NzE3NTMzNTQyFQIAERgSRUEyM0ZFRDYwNTRFN0Q1MThCAA==,919810848550,delivered,2025-05-27 14:32:30,,,,,,
2025-05-27 14:35:02,918929546200,725569473962618,wamid.HBgMOTE3MjY4MDA2Nzk5FQIAERgSODg3RjU3OERCOTgzMzgxQUEyAA==,919910068408,delivered,2025-05-27 14:35:02,,,,,,
2025-05-27 14:33:59,918929532648,724637984055655,wamid.HBgMOTE5MzE2MTE2Mzg5FQIAERgSRDg3NTVCQTg0NkM5NUE5ODZGAA==,919560001791,delivered,2025-05-27 14:33:59,,,,,,
2025-05-27 14:36:53,918929546200,725569473962618,wamid.HBgMOTE5ODExNjQyNTYyFQIAERgSQ0MzMEI5OEM1ODc3Nzc4Mzc3AA==,919654102545,delivered,2025-05-27 14:36:53,,,,,,
2025-05-27 14:35:47,918929546200,725569473962618,wamid.HBgMOTE5MTQ5OTQxMjc4FQIAERgSMUQwNjZGMTYyNDY3MjRBOEM4AA==,917042596306,delivered,2025-05-27 14:35:47,,,,,,
2025-05-27 14:35:07,918929546200,725569473962618,wamid.HBgMOTE3ODM4NTg1MTYwFQIAERgSQTcwNzJGRkQ5MEE3OUI3NzNBAA==,919810159389,delivered,2025-05-27 14:35:07,,,,,,
2025-05-27 14:35:23,918929546200,725569473962618,wamid.HBgMOTE5OTk5MjE5MDU5FQIAERgSQzJGRkRFQUMxRDY4ODY1M0NEAA==,919810931333,delivered,2025-05-27 14:35:23,,,,,,
2025-05-27 14:32:19,918929546200,725569473962618,wamid.HBgMOTE5NzE3MTEwNTM1FQIAERgSQTI5REZBM0JFMzVDNEFEOTZDAA==,919818567060,delivered,2025-05-27 14:32:19,,,,,,
2025-05-27 14:35:18,918929546200,725569473962618,wamid.HBgMOTE5OTI3MDEzMDAwFQIAERgSOEI4Q0Y0Nzc4MEY2NjFEMjdDAA==,919810164845,delivered,2025-05-27 14:35:18,,,,,,
2025-05-27 14:35:37,918929532648,724637984055655,wamid.HBgMOTE4MDc3Mjk5MTQ0FQIAERgSMjIwOUU3OUY3ODQyRTAzQjg0AA==,919971332128,delivered,2025-05-27 14:35:37,,,,,,
2025-05-27 14:36:44,919205888736,650615708140466,wamid.HBgMOTE4ODEwNjQ3MzM3FQIAERgSQUVFRUM0NTZGODdCRjEwQzI5AA==,919810932193,delivered,2025-05-27 14:36:44,,,,,,
2025-05-27 14:36:11,918929546200,725569473962618,wamid.HBgMOTE4MjE4NzQ1NTI1FQIAERgSODYyNzZFMEU4REI3MjQwMERBAA==,919910345543,delivered,2025-05-27 14:36:11,,,,,,
2025-05-27 14:35:02,918929532648,724637984055655,wamid.HBgMOTE5MjExMjYzMTAyFQIAERgSNjgwOTY4MzhEM0UyODMxNDgxAA==,919818665731,delivered,2025-05-27 14:35:02,,,,,,
2025-05-27 14:33:17,918929546200,725569473962618,wamid.HBgMOTE5ODEwMzM3OTM0FQIAERgSNDRCNUIxN0JFQjdFRENCMkVGAA==,919871899514,delivered,2025-05-27 14:33:17,,,,,,
2025-05-27 14:36:37,918929532648,724637984055655,wamid.HBgMOTE5ODMzMTA4NzcwFQIAERgSQjUyOUNFRERFMDQ2OTRCOTkyAA==,918826290546,delivered,2025-05-27 14:36:37,,,,,,
2025-05-27 14:36:00,919205888736,650615708140466,wamid.HBgMOTE5NzExMTc5OTc5FQIAERgSRjczMTJCM0ZEMjQ4MTdCOTFBAA==,919717636835,delivered,2025-05-27 14:36:00,,,,,,
2025-05-27 14:33:20,919205888736,650615708140466,wamid.HBgMOTE5OTcwOTcwOTcwFQIAERgSOTZCNzdCODZEOEQ5NzAwQTRFAA==,919818561328,delivered,2025-05-27 14:33:20,,,,,,
2025-05-27 14:34:04,918929532648,724637984055655,wamid.HBgMOTE5ODExNDQ5Nzk3FQIAERgSRjAxREQ0Q0FBN0ZDOEJCMDQ4AA==,919818667090,delivered,2025-05-27 14:34:04,,,,,,
2025-05-27 14:36:33,918929532648,724637984055655,wamid.HBgMOTE5OTU4MTY2ODQxFQIAERgSRUExNDYyQTQyMUNDNkRBNEJGAA==,919818613435,delivered,2025-05-27 14:36:33,,,,,,
2025-05-27 14:32:28,918929546200,725569473962618,wamid.HBgMOTE5OTc0OTY2MDg4FQIAERgSQTBENDAyNzcyOUM2QThGRTAxAA==,919810621636,delivered,2025-05-27 14:32:28,,,,,,
2025-05-27 14:33:25,918929532648,724637984055655,wamid.HBgMOTE5OTg1NDk1NjgwFQIAERgSNDM2MkVBNjBGMDI0MDIzMjdCAA==,918587873539,delivered,2025-05-27 14:33:25,,,,,,
2025-05-27 14:34:24,918929532648,724637984055655,wamid.HBgMOTE4MTMwNTEyMzM1FQIAERgSMkJEQzIyRkY2RjE2MUU3MkVDAA==,918826533011,delivered,2025-05-27 14:34:24,,,,,,
2025-05-27 14:33:17,918929546200,725569473962618,wamid.HBgMOTE4MjE4NzQ1NTI1FQIAERgSODEyNzk0NzVGQjA5QjA3QTVGAA==,919818997173,delivered,2025-05-27 14:33:17,,,,,,
2025-05-27 14:33:50,919205888736,650615708140466,wamid.HBgMOTE5OTk5NTcxNjE2FQIAERgSRjM4RDFCNUIyRTE1Mzg5NDk1AA==,919810041388,delivered,2025-05-27 14:33:50,,,,,,
2025-05-27 14:36:26,919205888736,650615708140466,wamid.HBgMOTE3MDE4MTQ4OTA2FQIAERgSRjcyOTQwNUQ4MkRDNTBFQTAyAA==,919958959120,delivered,2025-05-27 14:36:26,,,,,,
2025-05-27 14:33:59,919205888736,650615708140466,wamid.HBgMOTE4MzgzODYxNzMwFQIAERgSMjE1MjBCQkYyRTEzMUMyMTA0AA==,919717636945,delivered,2025-05-27 14:33:59,,,,,,
2025-05-27 14:32:51,919205888736,650615708140466,wamid.HBgMOTE5ODEwOTk5NzU0FQIAERgSQjZFMEEyNzZDODM3RDUyNDdCAA==,919810221620,delivered,2025-05-27 14:32:51,,,,,,
2025-05-27 14:35:56,918929532648,724637984055655,wamid.HBgMOTE5MzExNjU2Nzg0FQIAERgSQ0MxMUI4RkU4NkVDQTI0MDNGAA==,919717636842,delivered,2025-05-27 14:35:56,,,,,,
2025-05-27 14:32:03,918929532648,724637984055655,wamid.HBgMOTE4Mjg3MTE2NzY5FQIAERgSNDEwMzk2OTlGNkMxQkM2Nzk4AA==,919650599662,delivered,2025-05-27 14:32:03,,,,,,
2025-05-27 14:35:32,918929532648,724637984055655,wamid.HBgMOTE5OTUzMDM5OTM5FQIAERgSOTc2RUVGNUUyNzdCNTFCMjUxAA==,918130998904,delivered,2025-05-27 14:35:32,,,,,,
2025-05-27 14:34:23,918929532648,724637984055655,wamid.HBgMOTE4NTEwODQ5MDE4FQIAERgSQUQ0RjNDRkZDMTBFOTIyNEMxAA==,919810705344,delivered,2025-05-27 14:34:23,,,,,,
2025-05-27 14:35:25,918929532648,724637984055655,wamid.HBgMOTE5NzE3NzU5OTgwFQIAERgSOTAwMzFGMjcyNEQ2NTMyNTNCAA==,917042692280,delivered,2025-05-27 14:35:25,,,,,,
2025-05-27 14:33:22,918929546200,725569473962618,wamid.HBgMOTE4NTI3Mzg2MTc5FQIAERgSRjYyOEREMDNGQTcyNDQyQjk1AA==,919910302135,delivered,2025-05-27 14:33:22,,,,,,
2025-05-27 14:35:37,919205888736,650615708140466,wamid.HBgMOTE3NTA1NzMzMzI5FQIAERgSQTU0Qjc0OEU4RDNFNzU3NDc3AA==,919810569963,delivered,2025-05-27 14:35:37,,,,,,
2025-05-27 14:35:08,918929546200,725569473962618,wamid.HBgMOTE5OTg1NDk1NjgwFQIAERgSQzMzOEI1RkFFOUIxMzJBRjYwAA==,919971713870,delivered,2025-05-27 14:35:08,,,,,,
2025-05-27 14:33:46,919205888736,650615708140466,wamid.HBgMOTE5NzgyMzAyNDQ0FQIAERgSMjU0MjcxN0M4NDk5NDhDNUQwAA==,919717636859,delivered,2025-05-27 14:33:46,,,,,,
2025-05-27 14:33:25,918929546200,725569473962618,wamid.HBgMOTE5ODczNDMxODAxFQIAERgSN0U4MkRDMjAzMzEzOEI4QzgyAA==,919717179831,delivered,2025-05-27 14:33:25,,,,,,
2025-05-27 14:33:30,918929546200,725569473962618,wamid.HBgMOTE5ODczNTM3OTcwFQIAERgSOTQzNjI4NDNCNUNFQjUzMzA0AA==,919717636852,delivered,2025-05-27 14:33:30,,,,,,
2025-05-27 14:36:23,918929532648,724637984055655,wamid.HBgMOTE4MjgzODEzMTIwFQIAERgSM0UzMjdENjk4QzBCMUI1NzIyAA==,919650914221,delivered,2025-05-27 14:36:23,,,,,,
2025-05-27 14:32:28,919205888736,650615708140466,wamid.HBgMOTE5NjQzMjMzNjQwFQIAERgSRDVENkEyNTg3QUE4MTE3M0ExAA==,919582158112,delivered,2025-05-27 14:32:28,,,,,,
2025-05-27 14:33:12,918929532648,724637984055655,wamid.HBgMOTE5NjkxMDUwNTg1FQIAERgSOENFREZFQkRDODJDQTlEQUEzAA==,919871011317,delivered,2025-05-27 14:33:12,,,,,,
2025-05-27 14:33:10,918929546200,725569473962618,wamid.HBgMOTE5NzExMzY4NjQwFQIAERgSNEMxRjZDMEIxQ0Y2N0YyOUEwAA==,919810870992,delivered,2025-05-27 14:33:10,,,,,,
2025-05-27 14:33:55,918929546200,725569473962618,wamid.HBgMOTE5MDc5NjAzMTU2FQIAERgSRTYxN0I2ODVDRTU2MzA4RjA1AA==,919818737003,delivered,2025-05-27 14:33:55,,,,,,
2025-05-27 14:36:10,919205888736,650615708140466,wamid.HBgMOTE5ODgzNjczMTQzFQIAERgSRDM3RTEwOEMwQTVEOEJBNzUzAA==,919810143694,delivered,2025-05-27 14:36:10,,,,,,
2025-05-27 14:32:27,918929532648,724637984055655,wamid.HBgMOTE5ODIxNTAzMDk4FQIAERgSMjhBRjcwRkM5QzlGNTE1MjZGAA==,919910207293,delivered,2025-05-27 14:32:27,,,,,,
2025-05-27 14:35:57,919205888736,650615708140466,wamid.HBgMOTE4MzY4OTgxNTQxFQIAERgSQkM5RUVBRTlCNDY1RkJBMDIwAA==,919871631413,delivered,2025-05-27 14:35:57,,,,,,
2025-05-27 14:34:51,918929546200,725569473962618,wamid.HBgMOTE5ODEwNzMwNDA0FQIAERgSMzk3OTFBMUNFRUU0MDkzMjQ1AA==,919871591844,delivered,2025-05-27 14:34:51,,,,,,
2025-05-27 14:35:10,918929546200,725569473962618,wamid.HBgMOTE4Nzc5OTAyODI5FQIAERgSQzUzRkZBNzM2OEY1MTFBRUFCAA==,919818655550,delivered,2025-05-27 14:35:10,,,,,,
2025-05-27 14:34:08,919205888736,650615708140466,wamid.HBgMOTE5NzE3OTgzMzU4FQIAERgSMjZGMjI4NTc0REE1RkYxQTJBAA==,919717002385,delivered,2025-05-27 14:34:08,,,,,,
2025-05-27 14:32:46,918929546200,725569473962618,wamid.HBgMOTE3MDExNTMwNDM1FQIAERgSRDU2OTVGRDgwODBCQThBNDQ0AA==,918130097956,delivered,2025-05-27 14:32:46,,,,,,
2025-05-27 14:33:49,919205888736,650615708140466,wamid.HBgMOTE5ODkxNDE2ODU5FQIAERgSQ0VFMjUyM0JCODdFQTgzMjVCAA==,919810243524,delivered,2025-05-27 14:33:49,,,,,,
2025-05-27 14:36:57,918929546200,725569473962618,wamid.HBgMOTE5NjUwNjcxNjUzFQIAERgSMzE4QzZGQTVFQkMyRjBBRUI2AA==,919560454924,delivered,2025-05-27 14:36:57,,,,,,
2025-05-27 14:35:40,919205888736,650615708140466,wamid.HBgMOTE5OTcxOTkyMTg5FQIAERgSNDVCODIwRTc4RUFGMkNGNUU1AA==,919871006891,delivered,2025-05-27 14:35:40,,,,,,
2025-05-27 14:34:02,918929532648,724637984055655,wamid.HBgMOTE5MzE5MDkwOTIxFQIAERgSQTNBMTRFNTM5RTNEM0U5ODdDAA==,919560102554,delivered,2025-05-27 14:34:02,,,,,,
2025-05-27 14:32:47,919205888736,650615708140466,wamid.HBgMOTE5ODIxNDI4ODk2FQIAERgSMzZGOURENDQzOEJGNUQ3NzkyAA==,919717394421,delivered,2025-05-27 14:32:47,,,,,,
2025-05-27 14:32:08,918929546200,725569473962618,wamid.HBgMOTE5ODEwMjM3OTQzFQIAERgSQjQwREU5M0U5M0U5OEE5ODU4AA==,919811489567,delivered,2025-05-27 14:32:08,,,,,,
2025-05-27 14:34:03,919205888736,650615708140466,wamid.HBgMOTE2MjY2NDE1NDk0FQIAERgSOEQyMUE4RDk3QjU2MTgwRkJGAA==,918130368485,delivered,2025-05-27 14:34:03,,,,,,
2025-05-27 14:35:22,919205888736,650615708140466,wamid.HBgMOTE4ODAwOTMxMjA0FQIAERgSNjMzNkYyREVBOUMxNTc4QjQwAA==,919717636905,delivered,2025-05-27 14:35:22,,,,,,
2025-05-27 14:34:18,918929532648,724637984055655,wamid.HBgMOTE5OTExMjc2Mzk4FQIAERgSMzcwRUI2OTZEQUNEMDhDNTE5AA==,919818409450,delivered,2025-05-27 14:34:18,,,,,,
2025-05-27 14:34:31,919205888736,650615708140466,wamid.HBgMOTE4NzAwMDEyMTYyFQIAERgSNkE0OTk1NTEyRjM2Nzg0OTdEAA==,919810448847,delivered,2025-05-27 14:34:31,,,,,,
2025-05-27 14:32:25,918929546200,725569473962618,wamid.HBgMOTE3NzE4ODI4NTIwFQIAERgSRDUzMzE4Qzg1RDJERjQ4RUQ2AA==,919910046494,delivered,2025-05-27 14:32:25,,,,,,
2025-05-27 14:32:33,918929546200,725569473962618,wamid.HBgMOTE5ODQ5OTMyOTg3FQIAERgSODc2MEMxOUU0N0NDNjVBQTREAA==,919971112968,delivered,2025-05-27 14:32:33,,,,,,
2025-05-27 14:34:41,919873744492,657469204124096,wamid.HBgMOTE5NzExMzQwNTA1FQIAERgSMzk4MjVGMUY0NTY4NDQyQzEyAA==,918527152223,delivered,2025-05-27 14:34:41,,,,,,
2025-05-27 14:36:21,918929532648,724637984055655,wamid.HBgMOTE5ODEwMTY5MzY3FQIAERgSOEJCMDBGQjg2QTZGQ0E3REM2AA==,919810631353,delivered,2025-05-27 14:36:21,,,,,,
2025-05-27 14:35:36,919205888736,650615708140466,wamid.HBgMOTE4NzQzODEyODAwFQIAERgSRjAzNjZGNzk3NDJFRTIyNDgzAA==,918826092884,delivered,2025-05-27 14:35:36,,,,,,
2025-05-27 14:35:54,918929546200,725569473962618,wamid.HBgMOTE5ODk5ODg3NTkzFQIAERgSMjBFQzhBMUZEOUZGMEEyNzM4AA==,919910021271,delivered,2025-05-27 14:35:54,,,,,,
2025-05-27 14:33:30,918929627512,679864135212915,wamid.HBgMOTE5NzExMzQwNTA1FQIAERgSNzM1MUYwQUQ4N0Q4QkE3NThFAA==,919971511511,delivered,2025-05-27 14:33:30,,,,,,
2025-05-27 14:34:22,919205888736,650615708140466,wamid.HBgMOTE5OTUzNzc3NzcxFQIAERgSQjFGMjM3NkJENjgzRUM3QUUzAA==,919818491198,delivered,2025-05-27 14:34:22,,,,,,
2025-05-27 14:36:09,918929546200,725569473962618,wamid.HBgMOTE4MjkwNDk4OTc5FQIAERgSMUMxRUY0ODE2NTg2M0MzMUU0AA==,919810152522,delivered,2025-05-27 14:36:09,,,,,,
2025-05-27 14:36:40,919205888736,650615708140466,wamid.HBgMOTE5OTk5ODA3MTgwFQIAERgSQzkwMUE2N0I1NThEMjk4NDYyAA==,917838222311,delivered,2025-05-27 14:36:40,,,,,,
2025-05-27 14:34:30,919205888736,650615708140466,wamid.HBgMOTE5OTk5OTk3NjE4FQIAERgSRjM1NjBFRDRGMkIxN0JENUM1AA==,919818798254,delivered,2025-05-27 14:34:30,,,,,,
2025-05-27 14:36:29,918929546200,725569473962618,wamid.HBgMOTE3MDExNDU3MjQ1FQIAERgSQUY4RDc4REVCNjY5QUU5QTNBAA==,919818737347,delivered,2025-05-27 14:36:29,,,,,,
2025-05-27 14:34:57,918929532648,724637984055655,wamid.HBgMOTE4NjkwODc3MTk5FQIAERgSQ0I1M0RBMEFFRkMxMUVERDVDAA==,919958258666,delivered,2025-05-27 14:34:57,,,,,,
2025-05-27 14:34:07,918929532648,724637984055655,wamid.HBgMOTE5NjUwNjIxMjU3FQIAERgSQjYzMjlDMDc1MzFGQ0VCQTJBAA==,919873457287,delivered,2025-05-27 14:34:07,,,,,,
2025-05-27 14:35:49,918929532648,724637984055655,wamid.HBgMOTE4ODI0OTMyNDU4FQIAERgSMjcyMTkwNUZGQkE4ODJGNkQxAA==,919810914441,delivered,2025-05-27 14:35:49,,,,,,
2025-05-27 14:32:04,919205888736,650615708140466,wamid.HBgMOTE4ODY1MDM0NzExFQIAERgSOERGQ0YxNUFGRDBENjYwNDBEAA==,919810578250,delivered,2025-05-27 14:32:04,,,,,,
2025-05-27 14:32:39,919205888736,650615708140466,wamid.HBgMOTE4NjUwMDAyMjAyFQIAERgSQkM5NzdCNTMwNjJENjBCNjkwAA==,919910949576,delivered,2025-05-27 14:32:39,,,,,,
2025-05-27 14:32:46,918929532648,724637984055655,wamid.HBgMOTE4MDc2NTc5MjU2FQIAERgSQjk1RDgzM0Y0MTU0MjYzQTU2AA==,919971382994,delivered,2025-05-27 14:32:46,,,,,,
2025-05-27 14:36:19,918929532648,724637984055655,wamid.HBgMOTE3OTcyNjI0MzA0FQIAERgSRjJDNUMwMDk4NUZFODdGRUIxAA==,919540741700,delivered,2025-05-27 14:36:19,,,,,,
2025-05-27 14:36:37,919205888736,650615708140466,wamid.HBgMOTE4ODAwOTgwMDkwFQIAERgSMDZGNEZFMDVFODIxNDM0NDhFAA==,919871200722,delivered,2025-05-27 14:36:37,,,,,,
2025-05-27 14:34:55,918929546200,725569473962618,wamid.HBgMOTE5ODE5NDM3NDg5FQIAERgSMjAwODNENTI5MjczMzJCMTlDAA==,919818737619,delivered,2025-05-27 14:34:55,,,,,,
2025-05-27 14:35:27,919205888736,650615708140466,wamid.HBgMOTE5NjQ5MTM2ODM1FQIAERgSNzhDQTNERUYyREQ2RjNGMkRFAA==,919717636948,delivered,2025-05-27 14:35:27,,,,,,
2025-05-27 14:32:17,919205888736,650615708140466,wamid.HBgMOTE3NzU0OTY4MzE2FQIAERgSOUJFOEI2QkM0NDQ1MDczOThGAA==,918130484597,delivered,2025-05-27 14:32:17,,,,,,
2025-05-27 14:36:48,919205888736,650615708140466,wamid.HBgMOTE4NzAwMzQzMzczFQIAERgSQjNENEI2QzYwQTBDQTZDRDQzAA==,919810972941,delivered,2025-05-27 14:36:48,,,,,,
2025-05-27 14:36:35,919205888736,650615708140466,wamid.HBgMOTE5MTQ5MDc5MjUwFQIAERgSNDc4NUIyMzVCNTMxMDkzNUU3AA==,919810448773,delivered,2025-05-27 14:36:35,,,,,,
2025-05-27 14:36:00,919205888736,650615708140466,wamid.HBgMOTE3Mjk1ODAzMDkzFQIAERgSMkE3MTk4M0I2RThCREQ3NkMyAA==,919810160477,delivered,2025-05-27 14:36:00,,,,,,
2025-05-27 14:35:40,918929546200,725569473962618,wamid.HBgMOTE5NjU0NjMxMzU1FQIAERgSQkJBODM3MTlCMEI5RjRGRkE1AA==,919910219022,delivered,2025-05-27 14:35:40,,,,,,
2025-05-27 14:32:07,918929532648,724637984055655,wamid.HBgMOTE5OTUzODkyMjAyFQIAERgSODIzRkY1MzgzQUY2QTk1NzU1AA==,919818646701,delivered,2025-05-27 14:32:07,,,,,,
2025-05-27 14:35:40,918929546200,725569473962618,wamid.HBgMOTE4MTc4MDkzNjc1FQIAERgSREQwMzlFOTNEMjIzMzE5NDg2AA==,919810035667,delivered,2025-05-27 14:35:40,,,,,,
2025-05-27 14:35:33,918929546200,725569473962618,wamid.HBgMOTE5OTk5Njk3NTE1FQIAERgSMzMzNEZGODVBNDE5NEZGOTMwAA==,919810624082,delivered,2025-05-27 14:35:33,,,,,,
2025-05-27 14:34:36,918929546200,725569473962618,wamid.HBgMOTE5NzExNDA0Njk2FQIAERgSOUUwRkIzQjQ1MjBERUQ0QzREAA==,919810831897,delivered,2025-05-27 14:34:36,,,,,,
2025-05-27 14:32:05,918929546200,725569473962618,wamid.HBgMOTE5OTk5NjEyMTYyFQIAERgSNEQwNjYxNjA2QTc4MzQzNkVEAA==,919717643069,delivered,2025-05-27 14:32:05,,,,,,
2025-05-27 14:32:24,918929532648,724637984055655,wamid.HBgMOTE4NDQ1MTcyMzk3FQIAERgSMEM1NkY1MjdCMzEwRkNFMTJDAA==,918527095836,delivered,2025-05-27 14:32:24,,,,,,
2025-05-27 14:32:27,918929546200,725569473962618,wamid.HBgMOTE3NzE4ODI4NTIwFQIAERgSN0JFNjdCM0FBODUxRkZFODUzAA==,919810800424,delivered,2025-05-27 14:32:27,,,,,,
2025-05-27 14:36:24,919205888736,650615708140466,wamid.HBgMOTE5NTg0MjY4OTI0FQIAERgSQjdENjMxQUU0RjA3MEQ2OENDAA==,919818737416,delivered,2025-05-27 14:36:24,,,,,,
2025-05-27 14:32:30,918929546200,725569473962618,wamid.HBgMOTE3Njc4NDE1NTY5FQIAERgSQjZFOEMyRUU2MjY0MjNBRDM2AA==,919717636936,delivered,2025-05-27 14:32:30,,,,,,
2025-05-27 14:35:39,918929532648,724637984055655,wamid.HBgMOTE5NzE2MDM4ODA1FQIAERgSQjc5RjQwMTE1MDRBMjBBNEQ4AA==,919810769432,delivered,2025-05-27 14:35:39,,,,,,
2025-05-27 14:33:24,918929546200,725569473962618,wamid.HBgMOTE5OTk5ODcwNTY0FQIAERgSODAzQTQ2ODE2Njk4REYxMDk5AA==,919811489494,delivered,2025-05-27 14:33:24,,,,,,
2025-05-27 14:33:23,918929546200,725569473962618,wamid.HBgMOTE4ODAwOTMxMjA0FQIAERgSRkU1MDVFMURENzYzRDlFMUMzAA==,918527871133,delivered,2025-05-27 14:33:23,,,,,,
2025-05-27 14:33:25,918929532648,724637984055655,wamid.HBgMOTE4Njk5MDczNDc2FQIAERgSRTM0QjgxQ0Y0OTFEMTJENEEzAA==,917042692400,delivered,2025-05-27 14:33:25,,,,,,
2025-05-27 14:36:15,918929546200,725569473962618,wamid.HBgMOTE5ODExNzY1MDI4FQIAERgSMjhDMUUzOTk2MUVFRTk3NUI4AA==,917042113330,delivered,2025-05-27 14:36:15,,,,,,
2025-05-27 14:32:22,918929532648,724637984055655,wamid.HBgMOTE5NzExNjA3OTM5FQIAERgSRTk3QUNEQ0MyMjUxMjAwRkNGAA==,919810746135,delivered,2025-05-27 14:32:22,,,,,,
2025-05-27 14:33:27,918929546200,725569473962618,wamid.HBgMOTE4Mjg1NTgyOTQ2FQIAERgSRTM0NTFGQ0M5QzFBRkUwMDFEAA==,919313881890,delivered,2025-05-27 14:33:27,,,,,,
2025-05-27 14:33:12,918929546200,725569473962618,wamid.HBgMOTE5ODczMDA4MjIyFQIAERgSQjRGNzZENTZFRjlBMEVBMjkwAA==,919810134887,delivered,2025-05-27 14:33:12,,,,,,
2025-05-27 14:32:29,919205888736,650615708140466,wamid.HBgMOTE5OTcxODc5NjQxFQIAERgSRDdENEUyQjJFMDQxMDRENUM5AA==,918527322822,delivered,2025-05-27 14:32:29,,,,,,
2025-05-27 14:32:02,918929532648,724637984055655,wamid.HBgMOTE5NjgyNjEwNTIyFQIAERgSRkY5QjE5NjE4QzA0NjREMjNBAA==,919958960266,delivered,2025-05-27 14:32:02,,,,,,
2025-05-27 14:34:07,918929532648,724637984055655,wamid.HBgMOTE5MDQxNTQwMjc3FQIAERgSODJCOTU2MEQyRERCQUI0RUFDAA==,919818019755,delivered,2025-05-27 14:34:07,,,,,,
2025-05-27 14:33:03,918929546200,725569473962618,wamid.HBgMOTE5OTcxMTE5NTYyFQIAERgSODgzMzI1QjI2NTUwMDY2ODdFAA==,919910267499,delivered,2025-05-27 14:33:03,,,,,,
2025-05-27 14:35:11,918929546200,725569473962618,wamid.HBgMOTE5NTYwNzQwMDMzFQIAERgSNkEzMTQyOTdFMTI5Mzk3MkQxAA==,919871113366,delivered,2025-05-27 14:35:11,,,,,,
2025-05-27 14:35:30,918929546200,725569473962618,wamid.HBgMOTE4ODE2OTUwMDI3FQIAERgSNTk4MjdCMjAyNjM4REFCRENEAA==,918826677979,delivered,2025-05-27 14:35:30,,,,,,
2025-05-27 14:36:10,918929546200,725569473962618,wamid.HBgMOTE5NjQ2NzcyMzYxFQIAERgSRjVBMkY3OEI2NDY1ODFEREZCAA==,918527678181,delivered,2025-05-27 14:36:10,,,,,,
2025-05-27 14:33:26,918929546200,725569473962618,wamid.HBgMOTE5OTcxMTE5NTYyFQIAERgSNDJBNUQwQ0EwMjQzNTJDRjkwAA==,919717636902,delivered,2025-05-27 14:33:26,,,,,,
2025-05-27 14:34:49,919205888736,650615708140466,wamid.HBgMOTE5NjI1NTI1Nzk0FQIAERgSNzE5NUFERjA0NTdDMzdFRjg0AA==,919717196453,delivered,2025-05-27 14:34:49,,,,,,
2025-05-27 14:34:30,918929532648,724637984055655,wamid.HBgMOTE5OTk5ODE2NjY4FQIAERgSMDNERkI1QUExOEM2MUY4N0U5AA==,919810145115,delivered,2025-05-27 14:34:30,,,,,,
2025-05-27 14:36:31,918929532648,724637984055655,wamid.HBgMOTE3OTgyNjMwNTA4FQIAERgSNUNGQzZDNzU5RDYzMUY1OTIyAA==,919717366339,delivered,2025-05-27 14:36:31,,,,,,
2025-05-27 14:32:53,918929546200,725569473962618,wamid.HBgMOTE4Nzc5OTAyODI5FQIAERgSQjA5MEMzNjU1MUIxNDdBQTY4AA==,919810503248,delivered,2025-05-27 14:32:53,,,,,,
2025-05-27 14:36:48,919205888736,650615708140466,wamid.HBgMOTE5NjQ5MTM2ODM1FQIAERgSNTU0QzUxRjY0NEUzNDk2MTY0AA==,918130998942,delivered,2025-05-27 14:36:48,,,,,,
2025-05-27 14:33:36,918929546200,725569473962618,wamid.HBgMOTE4ODYwODU5Nzg0FQIAERgSOEJGNjk5NjA2NTREMjNERTU4AA==,919958055677,delivered,2025-05-27 14:33:36,,,,,,
2025-05-27 14:33:28,919205888736,650615708140466,wamid.HBgMOTE5MDY0MTEwNzI2FQIAERgSMTlFRDJFQ0FEOUU4QTVCRDMyAA==,919818687839,delivered,2025-05-27 14:33:28,,,,,,
2025-05-27 14:36:57,918929532648,724637984055655,wamid.HBgMOTE3NjY4NzIwNTEzFQIAERgSRERBMTQ0QzI3RkMzNUE3RTFEAA==,918800114565,delivered,2025-05-27 14:36:57,,,,,,
2025-05-27 14:36:44,918929546200,725569473962618,wamid.HBgMOTE5MTIyODU5MzY3FQIAERgSQ0UwRTJEM0E0MkMyREZDQ0Y4AA==,919818672960,delivered,2025-05-27 14:36:44,,,,,,
2025-05-27 14:32:03,919205888736,650615708140466,wamid.HBgMOTE4ODAyMDgxNjg4FQIAERgSMzk4RTRENUZDQkU4RkY2NUY1AA==,919910355117,delivered,2025-05-27 14:32:03,,,,,,
2025-05-27 14:32:43,918929532648,724637984055655,wamid.HBgMOTE5OTUzMDM5OTM5FQIAERgSNzRGMjQ5RjA3NEY2MUM1NThGAA==,919958363626,delivered,2025-05-27 14:32:43,,,,,,
2025-05-27 14:34:10,918929546200,725569473962618,wamid.HBgMOTE3Mzc3Nzg4ODg4FQIAERgSNzdDMTZGOTM5OENCNTM0NDA3AA==,919717001620,delivered,2025-05-27 14:34:10,,,,,,
2025-05-27 14:33:17,918929546200,725569473962618,wamid.HBgMOTE5ODk5ODg3NTkzFQIAERgSNjcyQ0I2REI1MTcyNUY2NThFAA==,919871222231,delivered,2025-05-27 14:33:17,,,,,,
2025-05-27 14:32:58,918929546200,725569473962618,wamid.HBgMOTE5ODEwMzQ3OTIxFQIAERgSNzBBMUNDNkJGM0FDQTE5MjgzAA==,919818646485,delivered,2025-05-27 14:32:58,,,,,,
2025-05-27 14:36:59,918929546200,725569473962618,wamid.HBgMOTE5ODIxOTkzOTY5FQIAERgSOTQyNUUyRDczMDZCQUJBODQ5AA==,919910080000,delivered,2025-05-27 14:36:59,,,,,,
2025-05-27 14:34:22,919205888736,650615708140466,wamid.HBgMOTE4ODM5MTEwNDk5FQIAERgSNzY3MkMyRTE0REJGMzM5MTU0AA==,919650589820,delivered,2025-05-27 14:34:22,,,,,,
2025-05-27 14:34:00,918929546200,725569473962618,wamid.HBgMOTE3Njc4NDE1NTY5FQIAERgSMjA3RjY1MTAxODY5NEJDOEVDAA==,919818674004,delivered,2025-05-27 14:34:00,,,,,,
2025-05-27 14:35:11,918929532648,724637984055655,wamid.HBgMOTE4NTg1OTEyNTQ2FQIAERgSMzZFREM4OTJGQTc5RDhENEM0AA==,919818673608,delivered,2025-05-27 14:35:11,,,,,,
2025-05-27 14:34:24,919205888736,650615708140466,wamid.HBgMOTE5NTgyODI3MzY4FQIAERgSOENDMTVDMkU3M0Y1MjI1OEU2AA==,919910996365,delivered,2025-05-27 14:34:24,,,,,,
2025-05-27 14:32:12,918929546200,725569473962618,wamid.HBgMOTE4NzAwMjkyNjY0FQIAERgSQ0I5NUY2NEJCRUE4RjU5RkU0AA==,919810063054,delivered,2025-05-27 14:32:12,,,,,,
2025-05-27 14:36:32,918929532648,724637984055655,wamid.HBgMOTE5NzE3NzU5OTgwFQIAERgSQzQ5MTNEMThBMTRGREMxMEUyAA==,919968722400,delivered,2025-05-27 14:36:32,,,,,,
2025-05-27 14:34:42,918929546200,725569473962618,wamid.HBgMOTE5NjUwMjYyNDY4FQIAERgSMTA0MDFFNUZDODRDMkRBRUQ3AA==,919717636965,delivered,2025-05-27 14:34:42,,,,,,
2025-05-27 14:33:45,919205888736,650615708140466,wamid.HBgMOTE4NTk1Njg3NzcyFQIAERgSQTAzMDA3NjBGMTc3NTEwRjI2AA==,918057808031,delivered,2025-05-27 14:33:45,,,,,,
2025-05-27 14:32:48,919205888736,650615708140466,wamid.HBgMOTE4OTU2MTAwMDA1FQIAERgSQkM2MzNDRkMyMTI0QzE5RTFDAA==,919818465866,delivered,2025-05-27 14:32:48,,,,,,
2025-05-27 14:34:29,918929546200,725569473962618,wamid.HBgMOTE5OTU4NTgwODc3FQIAERgSQkM2MDg3QjNCM0Q0N0ZEODBFAA==,919810959747,delivered,2025-05-27 14:34:29,,,,,,
2025-05-27 14:33:13,918929546200,725569473962618,wamid.HBgMOTE3NzU0OTY4MzE2FQIAERgSOEUzRTVBNEEzM0FCQUIxQUIxAA==,919818672800,delivered,2025-05-27 14:33:13,,,,,,
2025-05-27 14:33:32,918929546200,725569473962618,wamid.HBgMOTE4MTc4MDkzNjc1FQIAERgSNENEMEEzRkU2MzY2NjAwN0IyAA==,919650508996,delivered,2025-05-27 14:33:32,,,,,,
2025-05-27 14:35:47,918929546200,725569473962618,wamid.HBgMOTE5NDU0NjM2MDk1FQIAERgSNTg2RkNGNTVEMTg5OTI2NjYwAA==,919717640653,delivered,2025-05-27 14:35:47,,,,,,
2025-05-27 14:32:44,919205888736,650615708140466,wamid.HBgMOTE5OTU4Mzk5OTIwFQIAERgSNUNFMzc5RDI2N0QyOTM1MkY0AA==,919717636949,delivered,2025-05-27 14:32:44,,,,,,
2025-05-27 14:36:16,919205888736,650615708140466,wamid.HBgMOTE5ODczMzEwMTM2FQIAERgSRjA2MDMzMzM2NDk0OTgyNjBFAA==,919582158109,delivered,2025-05-27 14:36:16,,,,,,
2025-05-27 14:36:44,919205888736,650615708140466,wamid.HBgMOTE5NTY4NDIyODUzFQIAERgSMTNCQUJGMUExNjYxMTdBMzVFAA==,919810306622,delivered,2025-05-27 14:36:44,,,,,,
2025-05-27 14:33:36,918929532648,724637984055655,wamid.HBgMOTE5Nzc5MDgxOTA2FQIAERgSNDM0OEQzM0ZBMDQ5QkNFREIzAA==,919818737488,delivered,2025-05-27 14:33:36,,,,,,
2025-05-27 14:33:41,918929546200,725569473962618,wamid.HBgMOTE5MTM2Mzc5NzYzFQIAERgSRTRGNTREMDExNjIzMTFBMTA0AA==,919810623149,delivered,2025-05-27 14:33:41,,,,,,
2025-05-27 14:35:09,918929532648,724637984055655,wamid.HBgMOTE5OTkwNzU0ODgzFQIAERgSN0UyNzQ4OUVFMjREOTNBMkUxAA==,919818679232,delivered,2025-05-27 14:35:09,,,,,,
2025-05-27 14:36:11,918929546200,725569473962618,wamid.HBgMOTE5NzE3MTEwNTM1FQIAERgSRTBFRTAxNzlEMEIyMEU3RkRDAA==,919899103142,delivered,2025-05-27 14:36:11,,,,,,
2025-05-27 14:35:09,919205888736,650615708140466,wamid.HBgMOTE5NzE3NzU2NDk5FQIAERgSMkNCRDJBQjNGMjc2MjQwNjNDAA==,918527868181,delivered,2025-05-27 14:35:09,,,,,,
2025-05-27 14:32:26,918929546200,725569473962618,wamid.HBgMOTE5NjUwNDE1MjcyFQIAERgSNDU4MDQ5RUU3RjcwRDBFN0IyAA==,919818124448,delivered,2025-05-27 14:32:26,,,,,,
2025-05-27 14:33:59,918929546200,725569473962618,wamid.HBgMOTE5NjU0NTQ2Mjc0FQIAERgSNDQ0QzMyOTg0RjBFREM4Q0FGAA==,919810522046,delivered,2025-05-27 14:33:59,,,,,,
2025-05-27 14:34:52,919205888736,650615708140466,wamid.HBgMOTE5ODgzNjczMTQzFQIAERgSQzBDODU5RjI4ODExNTQ1QkY4AA==,919560813005,delivered,2025-05-27 14:34:52,,,,,,
2025-05-27 14:34:26,918929546200,725569473962618,wamid.HBgMOTE4OTI4MjE3ODk0FQIAERgSMTk0MTgwMjUxODRGNTQ2MUE2AA==,917042556333,delivered,2025-05-27 14:34:26,,,,,,
2025-05-27 14:36:26,919205888736,650615708140466,wamid.HBgMOTE5NjY3Nzc4MzA5FQIAERgSRTU0MjBGMUEwMkMwMTUxNzFCAA==,919871005599,delivered,2025-05-27 14:36:26,,,,,,
2025-05-27 14:33:28,918929532648,724637984055655,wamid.HBgMOTE5NTM3MDMzMjk2FQIAERgSQjU0QzI2QTdGRjdCRDdDQjdBAA==,918800445453,delivered,2025-05-27 14:33:28,,,,,,
2025-05-27 14:33:49,918929546200,725569473962618,wamid.HBgMOTE5OTU4MDU5NTAwFQIAERgSMDU0ODA3MTY4NTI5RTk4MUY1AA==,919810388685,delivered,2025-05-27 14:33:49,,,,,,
2025-05-27 14:34:09,919205888736,650615708140466,wamid.HBgMOTE5NTgyNjQ2OTQzFQIAERgSNjkzRTMzMTM5NUNBRjExODBDAA==,919868121809,delivered,2025-05-27 14:34:09,,,,,,
2025-05-27 14:33:43,918929546200,725569473962618,wamid.HBgMOTE5OTk5MjE5MDU5FQIAERgSRTg2MDZBMDdFNEI4OTMwNjUwAA==,919818737074,delivered,2025-05-27 14:33:43,,,,,,
2025-05-27 14:35:56,918929546200,725569473962618,wamid.HBgMOTE5ODk5ODg3NTkzFQIAERgSQzU0OTRFOTNGREYyQzhBODk4AA==,918826727766,delivered,2025-05-27 14:35:56,,,,,,
2025-05-27 14:33:48,918929532648,724637984055655,wamid.HBgMOTE5NzczOTUyMTI2FQIAERgSMzAxNjk4MkQyNzFERDQ1RkU4AA==,919910344555,delivered,2025-05-27 14:33:48,,,,,,
2025-05-27 14:35:37,918929532648,724637984055655,wamid.HBgMOTE4Mjk5ODAwNDI4FQIAERgSQjkzRjYwRUJDRjdEMkRDNUI1AA==,919871893153,delivered,2025-05-27 14:35:37,,,,,,
2025-05-27 14:34:30,918929546200,725569473962618,wamid.HBgMOTE5NjgyMzI1MzQ0FQIAERgSQTVCODY4NTYxMjlDNzUzMUZGAA==,919971335150,delivered,2025-05-27 14:34:30,,,,,,
2025-05-27 14:34:40,918929532648,724637984055655,wamid.HBgMOTE4ODk5Njk2MzIyFQIAERgSMDFFRDk1NEJGOTZDMDY0NEI3AA==,919717500303,delivered,2025-05-27 14:34:40,,,,,,
2025-05-27 14:32:03,918929546200,725569473962618,wamid.HBgMOTE5NzExMzY4NjQwFQIAERgSNjlCRTYyNDI2NDQ0OEU0QzIzAA==,918130527339,delivered,2025-05-27 14:32:03,,,,,,
2025-05-27 14:33:47,918929532648,724637984055655,wamid.HBgMOTE5MTQ5OTQxMjc4FQIAERgSRTVBOThDMjNDNERGMDA5ODhBAA==,919818191427,delivered,2025-05-27 14:33:47,,,,,,
2025-05-27 14:32:34,918929532648,724637984055655,wamid.HBgMOTE5ODczNzQxMTE3FQIAERgSQTlFRjkyRUI1NUQ3NjMwMDg2AA==,919910481349,delivered,2025-05-27 14:32:34,,,,,,
2025-05-27 14:36:06,918929532648,724637984055655,wamid.HBgMOTE4Mjg3ODI3MzQ0FQIAERgSNzM3MTYyN0IxRTVEQjU3MTFGAA==,919013618835,delivered,2025-05-27 14:36:06,,,,,,
2025-05-27 14:35:30,919205888736,650615708140466,wamid.HBgMOTE4NTg2OTYyNDMyFQIAERgSNDMyMzMxRTMzMjQxQUJFNEEyAA==,919810164782,delivered,2025-05-27 14:35:30,,,,,,
2025-05-27 14:35:14,918929546200,725569473962618,wamid.HBgMOTE5OTEwMjUzMDkyFQIAERgSOTA4NzVBMTdCMjc2NTAxRTMwAA==,918826061616,delivered,2025-05-27 14:35:14,,,,,,
2025-05-27 14:36:49,919205888736,650615708140466,wamid.HBgMOTE3MDE1OTc0Njg0FQIAERgSNDdDRDlEMTc0Q0U4Nzg4QURCAA==,918826055944,delivered,2025-05-27 14:36:49,,,,,,
2025-05-27 14:34:35,919205888736,650615708140466,wamid.HBgMOTE5ODc4OTg3OTA2FQIAERgSOTJEQUE4N0Q1QkZCOEVEQ0MxAA==,918527095840,delivered,2025-05-27 14:34:35,,,,,,
2025-05-27 14:36:00,919873744492,657469204124096,wamid.HBgMOTE5NzExMzQwNTA1FQIAERgSNENCRDg5MzIxQkY0NzNCNDBCAA==,919810801686,delivered,2025-05-27 14:36:00,,,,,,
2025-05-27 14:35:00,919205888736,650615708140466,wamid.HBgMOTE4ODczMDk2NTQ5FQIAERgSODc4OTlGMzgwN0YwRkNGMDExAA==,918130998920,delivered,2025-05-27 14:35:00,,,,,,
2025-05-27 14:33:26,919205888736,650615708140466,wamid.HBgMOTE4NzQzODEyODAwFQIAERgSQ0E4MTg3REJFNDE2NTVFRkQ3AA==,917042692111,delivered,2025-05-27 14:33:26,,,,,,
2025-05-27 14:35:33,918929546200,725569473962618,wamid.HBgMOTE5ODEwOTk5NzU0FQIAERgSNDE5OEFCRUJFOUFENTJFMDUwAA==,918826766880,delivered,2025-05-27 14:35:33,,,,,,
2025-05-27 14:32:14,918929546200,725569473962618,wamid.HBgMOTE5OTc0OTY2MDg4FQIAERgSRDYzMkU1RUFFMzZFOEU1NjhCAA==,918800194382,delivered,2025-05-27 14:32:14,,,,,,
2025-05-27 14:34:00,919205888736,650615708140466,wamid.HBgMOTE3NTAzNTY4ODEwFQIAERgSMDY1NkM1MTFFQTQwQjkyQURFAA==,919818672532,delivered,2025-05-27 14:34:00,,,,,,
2025-05-27 14:33:50,919205888736,650615708140466,wamid.HBgMOTE4MjA5MTc1OTUwFQIAERgSMUU0OUY1OUY4RUEwNTJCQkU0AA==,919910083599,delivered,2025-05-27 14:33:50,,,,,,
2025-05-27 14:36:08,919205888736,650615708140466,wamid.HBgMOTE3ODk2MDExOTU2FQIAERgSNDI4OTIzRTI1ODJBNjA2QTEwAA==,919818669694,delivered,2025-05-27 14:36:08,,,,,,
2025-05-27 14:36:17,918929532648,724637984055655,wamid.HBgMOTE5ODc0ODQwMDM2FQIAERgSQzRFMDFFMjYyMEY5RUM0RTlGAA==,919717636990,delivered,2025-05-27 14:36:17,,,,,,
2025-05-27 14:34:19,918929532648,724637984055655,wamid.HBgMOTE5ODk5OTA0ODQ0FQIAERgSQkZGNjlBNTRDOTg2NDdBQTgwAA==,919818245417,delivered,2025-05-27 14:34:19,,,,,,
2025-05-27 14:35:44,918929546200,725569473962618,wamid.HBgMOTE4OTQ5MTkyMjYxFQIAERgSMDQ3ODQ4MkRGMzVEREYzMkM2AA==,919810932432,delivered,2025-05-27 14:35:44,,,,,,
2025-05-27 14:33:13,919205888736,650615708140466,wamid.HBgMOTE4OTIwMDUwMTExFQIAERgSOUE5QjFBM0Q3RDhBOENFNDE1AA==,919871397700,delivered,2025-05-27 14:33:13,,,,,,
2025-05-27 14:34:30,919205888736,650615708140466,wamid.HBgMOTE4MDc2MTc2ODU2FQIAERgSMkVEQzU5MDJBMzYwNEJFMEFDAA==,919818694805,delivered,2025-05-27 14:34:30,,,,,,
2025-05-27 14:33:37,919873744492,657469204124096,wamid.HBgMOTE5NzExMzQwNTA1FQIAERgSOEQ1NjNFRjUxMkNBNzAyMDE3AA==,919910481348,delivered,2025-05-27 14:33:37,,,,,,
2025-05-27 14:34:59,919205888736,650615708140466,wamid.HBgMOTE4MzczOTMxMDYyFQIAERgSNUY0ODUyNjAyQjk1REYxREQwAA==,918826855595,delivered,2025-05-27 14:34:59,,,,,,
2025-05-27 14:34:15,918929532648,724637984055655,wamid.HBgMOTE5NjUwNjIxMjU3FQIAERgSODkzREI1RkFGMjUzQUQzOUU2AA==,919953682918,delivered,2025-05-27 14:34:15,,,,,,
2025-05-27 14:32:32,918929546200,725569473962618,wamid.HBgMOTE5NTYwMjIyNzk3FQIAERgSNDc2OTA2RkVCNkY2Njg1RTlDAA==,919958595479,delivered,2025-05-27 14:32:32,,,,,,
2025-05-27 14:32:08,918929546200,725569473962618,wamid.HBgMOTE3ODkzNjY2MzE1FQIAERgSMERCQjEzNjk0OTM3RTNCREIwAA==,919810154323,delivered,2025-05-27 14:32:08,,,,,,
2025-05-27 14:33:40,918929546200,725569473962618,wamid.HBgMOTE5NjUwNDE1MjcyFQIAERgSRDU1MjRFNUVGQjAwOUEwMzNDAA==,919810227916,delivered,2025-05-27 14:33:40,,,,,,
2025-05-27 14:36:18,919205888736,650615708140466,wamid.HBgMOTE5NjQzMDMzNjk1FQIAERgSN0RFNkQ5MTY2ODlGMTQ5RkJBAA==,919650033221,delivered,2025-05-27 14:36:18,,,,,,
2025-05-27 14:33:34,918929532648,724637984055655,wamid.HBgMOTE5ODEwMzQ3OTIxFQIAERgSNUY0QUY5MkIzRTE5NkRDNjM3AA==,919818996946,delivered,2025-05-27 14:33:34,,,,,,
2025-05-27 14:32:18,918929546200,725569473962618,wamid.HBgMOTE4ODYwODU5Nzg0FQIAERgSNEE5QURFNTAwM0MxODBCREYwAA==,919560194322,delivered,2025-05-27 14:32:18,,,,,,
2025-05-27 14:32:16,918929546200,725569473962618,wamid.HBgMOTE5NTgyODI0MzMxFQIAERgSMzJFRjYzRDI4MDA4MDMzQkNGAA==,919910045215,delivered,2025-05-27 14:32:16,,,,,,
2025-05-27 14:33:48,919205888736,650615708140466,wamid.HBgMOTE5ODk5NjM2MzcwFQIAERgSQjVCREY2NDlGOTg2OTdEMkM1AA==,919871216111,delivered,2025-05-27 14:33:48,,,,,,
2025-05-27 14:37:01,919205888736,650615708140466,wamid.HBgMOTE5OTU4MzkzNzY5FQIAERgSRTYyN0VBNTk1QzE3Q0RFMjU1AA==,919717636866,delivered,2025-05-27 14:37:01,,,,,,
