Date,display_phone_number,phone_number_id,waba_id,contact_wa_id,new_status,message_timestamp,error_code,error_message,contact_name,message_from,message_type,message_body
2025-05-27 14:29:14,918929546200,725569473962618,wamid.HBgMOTE4MjkwNDk4OTc5FQIAERgSMUMxRUY0ODE2NTg2M0MzMUU0AA==,919650018496,delivered,2025-05-27 14:29:14,,,,,,
2025-05-27 14:26:35,918929546200,725569473962618,wamid.HBgMOTE5NTk5NTA1NjAwFQIAERgSOTY0NThGQkU3NTlFODA5MDI4AA==,919871803300,delivered,2025-05-27 14:26:35,,,,,,
2025-05-27 14:30:15,918929546200,725569473962618,wamid.HBgMOTE5NzYxNTcxMjM0FQIAERgSRkExNzY0MTE5QzlCNjU0N0I1AA==,919599934266,delivered,2025-05-27 14:30:15,,,,,,
2025-05-27 14:27:36,919205888736,650615708140466,wamid.HBgMOTE5OTcwOTcwOTcwFQIAERgSOTZCNzdCODZEOEQ5NzAwQTRFAA==,919871797102,delivered,2025-05-27 14:27:36,,,,,,
2025-05-27 14:29:54,919205888736,650615708140466,wamid.HBgMOTE5NjQzMjMzNjQwFQIAERgSRDVENkEyNTg3QUE4MTE3M0ExAA==,918826554646,delivered,2025-05-27 14:29:54,,,,,,
2025-05-27 14:28:02,919205888736,650615708140466,wamid.HBgMOTE5MDY0MTEwNzI2FQIAERgSMTlFRDJFQ0FEOUU4QTVCRDMyAA==,919818911065,delivered,2025-05-27 14:28:02,,,,,,
2025-05-27 14:28:39,919205888736,650615708140466,wamid.HBgMOTE4ODczMDk2NTQ5FQIAERgSODc4OTlGMzgwN0YwRkNGMDExAA==,919910488079,delivered,2025-05-27 14:28:39,,,,,,
2025-05-27 14:26:28,919205888736,650615708140466,wamid.HBgMOTE3NDI4ODk5MDQzFQIAERgSNUYyRDlDNkRGQzgzOURGQkU3AA==,917042914615,delivered,2025-05-27 14:26:28,,,,,,
2025-05-27 14:29:55,918929546200,725569473962618,wamid.HBgMOTE4Nzc5OTAyODI5FQIAERgSQjA5MEMzNjU1MUIxNDdBQTY4AA==,919971164481,delivered,2025-05-27 14:29:55,,,,,,
2025-05-27 14:27:11,919205888736,650615708140466,wamid.HBgMOTE5NjQzMDMzNjk1FQIAERgSN0RFNkQ5MTY2ODlGMTQ5RkJBAA==,919818940001,delivered,2025-05-27 14:27:11,,,,,,
2025-05-27 14:25:44,918929546200,725569473962618,wamid.HBgMOTE5NTk5MDM4NzQwFQIAERgSNjkyQzk4MzVGNEUxQTU1OUZFAA==,919810011058,delivered,2025-05-27 14:25:44,,,,,,
2025-05-27 14:29:48,918929532648,724637984055655,wamid.HBgMOTE4MDkwMDk0MTU5FQIAERgSNDkwQjBBQjE4QTk3RkNBRjI3AA==,919810295048,delivered,2025-05-27 14:29:48,,,,,,
2025-05-27 14:27:02,918929532648,724637984055655,wamid.HBgMOTE4Njk5MDczNDc2FQIAERgSRTM0QjgxQ0Y0OTFEMTJENEEzAA==,918826699641,delivered,2025-05-27 14:27:02,,,,,,
2025-05-27 14:26:21,919205888736,650615708140466,wamid.HBgMOTE4ODgyMDgyNDg5FQIAERgSRDMzMTI4OEM0QkJBRENDRkYzAA==,919818001253,delivered,2025-05-27 14:26:21,,,,,,
2025-05-27 14:28:11,918929532648,724637984055655,wamid.HBgMOTE5MzE5MDkwOTIxFQIAERgSQTNBMTRFNTM5RTNEM0U5ODdDAA==,919810075120,delivered,2025-05-27 14:28:11,,,,,,
2025-05-27 14:29:07,918929546200,725569473962618,wamid.HBgMOTE5OTU4MjA0MDE4FQIAERgSREQ3OEZGRjU3N0Y0NzFBM0JBAA==,919810777917,delivered,2025-05-27 14:29:07,,,,,,
2025-05-27 14:25:59,918929546200,725569473962618,wamid.HBgMOTE5NjU0NjMxMzU1FQIAERgSQTg1M0MxQUM4MEQzRDU4QUU5AA==,919810003725,delivered,2025-05-27 14:25:59,,,,,,
2025-05-27 14:29:27,919205888736,650615708140466,wamid.HBgMOTE4ODAwOTMxMjA0FQIAERgSMUM4NzcxQ0FGQURBNEE3MEJCAA==,919560020811,delivered,2025-05-27 14:29:27,,,,,,
2025-05-27 14:27:41,918929532648,724637984055655,wamid.HBgMOTE4MzkwNzczMjMzFQIAERgSQjM5MTY4MjJGQ0E2MjQ4QzFBAA==,918527193104,delivered,2025-05-27 14:27:41,,,,,,
2025-05-27 14:25:47,918929532648,724637984055655,wamid.HBgMOTE5ODE4NDAwNzEyFQIAERgSNkI2QzZCQTdCMUVGODZFRUExAA==,919810390894,delivered,2025-05-27 14:25:47,,,,,,
2025-05-27 14:29:34,918929546200,725569473962618,wamid.HBgMOTE3Njc4NDE1NTY5FQIAERgSQTQxMzBBNzEzQzk1RTU3QzM5AA==,919818427072,delivered,2025-05-27 14:29:34,,,,,,
2025-05-27 14:29:51,918929546200,725569473962618,wamid.HBgMOTE3NjY4MzA4MzEwFQIAERgSNDI0QUZDRjMyQTdEMkIwQjk4AA==,919971386439,delivered,2025-05-27 14:29:51,,,,,,
2025-05-27 14:26:17,918929532648,724637984055655,wamid.HBgMOTE5MzE2MTE2Mzg5FQIAERgSRDg3NTVCQTg0NkM5NUE5ODZGAA==,919910821113,delivered,2025-05-27 14:26:17,,,,,,
2025-05-27 14:27:15,919205888736,650615708140466,wamid.HBgMOTE5OTU1Nzk0MzI2FQIAERgSOUQ5RkVGNzQ3RUUxQkIyQjQ4AA==,917042911334,delivered,2025-05-27 14:27:15,,,,,,
2025-05-27 14:28:19,919205888736,650615708140466,wamid.HBgMOTE4MDc2MTc2ODU2FQIAERgSMkVEQzU5MDJBMzYwNEJFMEFDAA==,919560563535,delivered,2025-05-27 14:28:19,,,,,,
2025-05-27 14:29:27,918929546200,725569473962618,wamid.HBgMOTE5ODE4ODQ0MDE5FQIAERgSRjA5QkU1RTUyODdCNzczNTgzAA==,918130378666,delivered,2025-05-27 14:29:27,,,,,,
2025-05-27 14:28:32,918929532648,724637984055655,wamid.HBgMOTE5NjY3NjE5MTgwFQIAERgSN0Y2MDQ3N0VFQ0RCNTA2MkQ4AA==,919599780293,delivered,2025-05-27 14:28:32,,,,,,
2025-05-27 14:29:21,918929532648,724637984055655,wamid.HBgMOTE5OTk5MjE5MDU5FQIAERgSRTA1QkE5NUE2M0EyMDFENzM4AA==,919818833164,delivered,2025-05-27 14:29:21,,,,,,
2025-05-27 14:26:13,918929532648,724637984055655,wamid.HBgMOTE5MzExNjU2Nzg0FQIAERgSQ0MxMUI4RkU4NkVDQTI0MDNGAA==,919958290244,delivered,2025-05-27 14:26:13,,,,,,
2025-05-27 14:27:03,918929546200,725569473962618,wamid.HBgMOTE5NTYwODYxMjY5FQIAERgSOTQ4RkE3NDlBRDhDQUZDMUJFAA==,919810191939,delivered,2025-05-27 14:27:03,,,,,,
2025-05-27 14:27:33,918929532648,724637984055655,wamid.HBgMOTE5OTg1NDk1NjgwFQIAERgSNkUxNjRBMjhFNEU2MDMzNkU0AA==,919990958664,delivered,2025-05-27 14:27:33,,,,,,
2025-05-27 14:28:43,919205888736,650615708140466,wamid.HBgMOTE5NzExNjE4MDgwFQIAERgSMURGQzFGQzAwOTYyNUQ1NTI2AA==,919810708097,delivered,2025-05-27 14:28:43,,,,,,
2025-05-27 14:30:09,918929546200,725569473962618,wamid.HBgMOTE5ODEwMzM3OTM0FQIAERgSNDRCNUIxN0JFQjdFRENCMkVGAA==,919599186225,delivered,2025-05-27 14:30:09,,,,,,
2025-05-27 14:26:29,919205888736,650615708140466,wamid.HBgMOTE4MTQ2MzY2MjA4FQIAERgSRTI5MTk3N0FFOUU3MEZFMkNFAA==,918826428877,delivered,2025-05-27 14:26:29,,,,,,
2025-05-27 14:27:20,918929546200,725569473962618,wamid.HBgMOTE3Mzg4NzM3MTExFQIAERgSMDhFM0NDQTdFRTE0OTFGRDM3AA==,918130378887,delivered,2025-05-27 14:27:20,,,,,,
2025-05-27 14:26:01,918929532648,724637984055655,wamid.HBgMOTE5MjExMjYzMTAyFQIAERgSNjgwOTY4MzhEM0UyODMxNDgxAA==,919818669292,delivered,2025-05-27 14:26:01,,,,,,
2025-05-27 14:28:29,919205888736,650615708140466,wamid.HBgMOTE4NTk1Njg3NzcyFQIAERgSQTAzMDA3NjBGMTc3NTEwRjI2AA==,919810760339,delivered,2025-05-27 14:28:29,,,,,,
2025-05-27 14:27:14,918929546200,725569473962618,wamid.HBgMOTE5NDU0NjM2MDk1FQIAERgSNTg2RkNGNTVEMTg5OTI2NjYwAA==,919871489858,delivered,2025-05-27 14:27:14,,,,,,
2025-05-27 14:29:09,918929546200,725569473962618,wamid.HBgMOTE3ODM4NTg1MTYwFQIAERgSQTcwNzJGRkQ5MEE3OUI3NzNBAA==,919810169005,delivered,2025-05-27 14:29:09,,,,,,
2025-05-27 14:26:41,918929546200,725569473962618,wamid.HBgMOTE5ODEwMjI1OTI0FQIAERgSMTFGQjRCMzUxODZFQTM2OEQ4AA==,918802072903,delivered,2025-05-27 14:26:41,,,,,,
2025-05-27 14:25:35,918929532648,724637984055655,wamid.HBgMOTE4ODcxMjI3NDM2FQIAERgSNUY4NjAzOTgxMTJBRTY2QjAwAA==,919871372261,delivered,2025-05-27 14:25:35,,,,,,
2025-05-27 14:26:18,918929546200,725569473962618,wamid.HBgMOTE5MTIzODUyMTYzFQIAERgSM0ZDM0IxRTdCMTg2RTIxMEI2AA==,919810674468,delivered,2025-05-27 14:26:18,,,,,,
2025-05-27 14:25:42,919205888736,650615708140466,wamid.HBgMOTE4NTg2OTYyNDMyFQIAERgSNDMyMzMxRTMzMjQxQUJFNEEyAA==,919650191611,delivered,2025-05-27 14:25:42,,,,,,
2025-05-27 14:26:12,918929532648,724637984055655,wamid.HBgMOTE2MjY0ODU1ODI3FQIAERgSQTg0RjY5Q0Q3QkI5MDdENUJGAA==,919810311537,delivered,2025-05-27 14:26:12,,,,,,
2025-05-27 14:27:08,918929532648,724637984055655,wamid.HBgMOTE5OTU4MTY2ODQxFQIAERgSRUExNDYyQTQyMUNDNkRBNEJGAA==,919810162701,delivered,2025-05-27 14:27:08,,,,,,
2025-05-27 14:28:16,919205888736,650615708140466,wamid.HBgMOTE3NTA1NzMzMzI5FQIAERgSQTU0Qjc0OEU4RDNFNzU3NDc3AA==,919818372158,delivered,2025-05-27 14:28:16,,,,,,
2025-05-27 14:28:39,919205888736,650615708140466,wamid.HBgMOTE5NDc5NjM3MjQ0FQIAERgSQTBFNjU1MEVFM0IwQUUxOEMyAA==,919810500290,delivered,2025-05-27 14:28:39,,,,,,
2025-05-27 14:28:40,918929546200,725569473962618,wamid.HBgMOTE5ODE4NjExNzg5FQIAERgSQjdBNzM5NzcyODFCQjYzMTRBAA==,919599196229,delivered,2025-05-27 14:28:40,,,,,,
2025-05-27 14:29:12,918929546200,725569473962618,wamid.HBgMOTE5ODk5ODg3NTkzFQIAERgSQkE0RDgxMTk1MjVFOTQxRUYxAA==,919810194144,delivered,2025-05-27 14:29:12,,,,,,
2025-05-27 14:26:48,918929546200,725569473962618,wamid.HBgMOTE5NzE3MTEwNTM1FQIAERgSRTBFRTAxNzlEMEIyMEU3RkRDAA==,919818638426,delivered,2025-05-27 14:26:48,,,,,,
2025-05-27 14:27:00,919873744492,657469204124096,wamid.HBgMOTE5NzExMzQwNTA1FQIAERgSMzk4MjVGMUY0NTY4NDQyQzEyAA==,919650389004,delivered,2025-05-27 14:27:00,,,,,,
2025-05-27 14:26:47,919205888736,650615708140466,wamid.HBgMOTE4ODQwMjcwMDY2FQIAERgSM0QxOTJFQzk1MzgyMjA0NzBFAA==,919871549797,delivered,2025-05-27 14:26:47,,,,,,
2025-05-27 14:26:09,919205888736,650615708140466,wamid.HBgMOTE4ODAwOTMxMjA0FQIAERgSNjI5MEZEQzE4REExRjY4NzdDAA==,919599051739,delivered,2025-05-27 14:26:09,,,,,,
2025-05-27 14:30:19,918929546200,725569473962618,wamid.HBgMOTE5ODkxMTI4MDA5FQIAERgSRkQzRDIwNjdENDkyRUZEMUZGAA==,918510858377,delivered,2025-05-27 14:30:19,,,,,,
2025-05-27 14:29:47,918929546200,725569473962618,wamid.HBgMOTE4OTQ5MTkyMjYxFQIAERgSMDQ3ODQ4MkRGMzVEREYzMkM2AA==,919810188410,delivered,2025-05-27 14:29:47,,,,,,
2025-05-27 14:27:48,918929546200,725569473962618,wamid.HBgMOTE5OTk5Njk3NTE1FQIAERgSMzMzNEZGODVBNDE5NEZGOTMwAA==,919599680407,delivered,2025-05-27 14:27:48,,,,,,
2025-05-27 14:28:31,918929532648,724637984055655,wamid.HBgMOTE5OTAwMDkwMjY5FQIAERgSQjhGRThFNDQ5Nzk4NUVDNjlEAA==,919311431857,delivered,2025-05-27 14:28:31,,,,,,
2025-05-27 14:28:21,918929546200,725569473962618,wamid.HBgMOTE4Mjg1NTgyOTQ2FQIAERgSRTM0NTFGQ0M5QzFBRkUwMDFEAA==,917042529377,delivered,2025-05-27 14:28:21,,,,,,
2025-05-27 14:28:38,918929546200,725569473962618,wamid.HBgMOTE5OTU4NTgwODc3FQIAERgSQkM2MDg3QjNCM0Q0N0ZEODBFAA==,919810066380,delivered,2025-05-27 14:28:38,,,,,,
2025-05-27 14:30:17,918929546200,725569473962618,wamid.HBgMOTE5MzExODMzMzY5FQIAERgSNkY2NjUwRjcyQUY1NUM1QzhGAA==,919650081401,delivered,2025-05-27 14:30:17,,,,,,
2025-05-27 14:26:23,918929532648,724637984055655,wamid.HBgMOTE5NjQzMDcwODA3FQIAERgSQTg2NEM4REUzRjBDMUExMkQ2AA==,919560013730,delivered,2025-05-27 14:26:23,,,,,,
2025-05-27 14:26:30,918929546200,725569473962618,wamid.HBgMOTE5ODk5ODg3NTkzFQIAERgSNjcyQ0I2REI1MTcyNUY2NThFAA==,919958110407,delivered,2025-05-27 14:26:30,,,,,,
2025-05-27 14:26:51,918929532648,724637984055655,wamid.HBgMOTE5OTEwNTA5MDg2FQIAERgSQzUxQ0QxQ0ZBRTcyMDIwRDk5AA==,919871133321,delivered,2025-05-27 14:26:51,,,,,,
2025-05-27 14:25:42,918929546200,725569473962618,wamid.HBgMOTE3NzU0OTY4MzE2FQIAERgSOEUzRTVBNEEzM0FCQUIxQUIxAA==,918130098900,delivered,2025-05-27 14:25:42,,,,,,
2025-05-27 14:28:46,918929546200,725569473962618,wamid.HBgMOTE5NzgxNDMwOTk5FQIAERgSRjQ1QTlBNjEwNDQ4NjY5NjExAA==,917042884247,delivered,2025-05-27 14:28:46,,,,,,
2025-05-27 14:29:28,918929546200,725569473962618,wamid.HBgMOTE5OTk5ODcwNTY0FQIAERgSODAzQTQ2ODE2Njk4REYxMDk5AA==,919871195431,delivered,2025-05-27 14:29:28,,,,,,
2025-05-27 14:30:09,919205888736,650615708140466,wamid.HBgMOTE5OTk5OTk3NjE4FQIAERgSRjM1NjBFRDRGMkIxN0JENUM1AA==,919818189040,delivered,2025-05-27 14:30:09,,,,,,
2025-05-27 14:30:02,918929546200,725569473962618,wamid.HBgMOTE4Mjg3MzY0NjQzFQIAERgSQkQyMkQ4QzRDRTZDNjU3NDAzAA==,918826478579,delivered,2025-05-27 14:30:02,,,,,,
2025-05-27 14:29:27,919873744492,657469204124096,wamid.HBgMOTE5NzExMzQwNTA1FQIAERgSMDlGNzBEQkNEQkRCOTcxQkE2AA==,919810212474,delivered,2025-05-27 14:29:27,,,,,,
2025-05-27 14:30:00,918929546200,725569473962618,wamid.HBgMOTE3MDExMjUwMTUyFQIAERgSMDRDODJGNDAyNDAzQjBDNTkzAA==,919716853099,delivered,2025-05-27 14:30:00,,,,,,
2025-05-27 14:29:41,918929546200,725569473962618,wamid.HBgMOTE5ODczNTM3OTcwFQIAERgSOTQzNjI4NDNCNUNFQjUzMzA0AA==,918800892924,delivered,2025-05-27 14:29:41,,,,,,
2025-05-27 14:29:59,919205888736,650615708140466,wamid.HBgMOTE5ODk2MTgyNDg3FQIAERgSQTlBOTJGNjgyQTA4MEREN0M3AA==,918130128333,delivered,2025-05-27 14:29:59,,,,,,
2025-05-27 14:26:46,918929546200,725569473962618,wamid.HBgMOTE5ODExNjY3Mjc0FQIAERgSMkQ4OTg5RDMxRDA1OEYyOTg3AA==,919958399299,delivered,2025-05-27 14:26:46,,,,,,
2025-05-27 14:27:20,919205888736,650615708140466,wamid.HBgMOTE4Mjg1NTU5MzE4FQIAERgSQkMyRjYwRkQxMjNCMTlCNzI5AA==,919718258000,delivered,2025-05-27 14:27:20,,,,,,
2025-05-27 14:28:18,918929532648,724637984055655,wamid.HBgMOTE5NzExNjE4MDgwFQIAERgSNkY5M0Q3RjQ1MDdCMjEwNUQ2AA==,917042883247,delivered,2025-05-27 14:28:18,,,,,,
2025-05-27 14:28:26,919205888736,650615708140466,wamid.HBgMOTE5OTk5ODA3MTgwFQIAERgSQzkwMUE2N0I1NThEMjk4NDYyAA==,919818330760,delivered,2025-05-27 14:28:26,,,,,,
2025-05-27 14:27:55,918929546200,725569473962618,wamid.HBgMOTE3Mzc3Nzg4ODg4FQIAERgSNzdDMTZGOTM5OENCNTM0NDA3AA==,919818574242,delivered,2025-05-27 14:27:55,,,,,,
2025-05-27 14:27:24,918929532648,724637984055655,wamid.HBgMOTE5OTUzMDM5OTM5FQIAERgSOTc2RUVGNUUyNzdCNTFCMjUxAA==,918826392820,delivered,2025-05-27 14:27:24,,,,,,
2025-05-27 14:28:41,918929532648,724637984055655,wamid.HBgMOTE5ODE1NDQxMzk5FQIAERgSREUwMzg1MjM1MTBERUJFRUMwAA==,919810609944,delivered,2025-05-27 14:28:41,,,,,,
2025-05-27 14:28:01,918929546200,725569473962618,wamid.HBgMOTE5MjIwMTQ0NTY2FQIAERgSMzVDODkwRUY2RDEyNjg5Qjg4AA==,919650901112,delivered,2025-05-27 14:28:01,,,,,,
2025-05-27 14:28:43,918929532648,724637984055655,wamid.HBgMOTE3OTg2MDE2MjkyFQIAERgSQjIzQkE0OTA3QkIwMzBCQkE0AA==,919910152012,delivered,2025-05-27 14:28:43,,,,,,
2025-05-27 14:30:16,918929546200,725569473962618,wamid.HBgMOTE4NTk1MDY2MDcwFQIAERgSMzZDN0YzQTBDMkE0NkQwN0NGAA==,919818329655,delivered,2025-05-27 14:30:16,,,,,,
2025-05-27 14:27:50,918929532648,724637984055655,wamid.HBgMOTE5OTExMjc2Mzk4FQIAERgSMzcwRUI2OTZEQUNEMDhDNTE5AA==,919810159601,delivered,2025-05-27 14:27:50,,,,,,
2025-05-27 14:30:18,918929532648,724637984055655,wamid.HBgMOTE5NDc5ODA3ODQ4FQIAERgSQkU1NEM3MzdDNTA0MTMyM0YyAA==,919599814203,delivered,2025-05-27 14:30:18,,,,,,
2025-05-27 14:27:56,918929532648,724637984055655,wamid.HBgMOTE5ODk5ODU4OTU0FQIAERgSNUIyN0U3ODM1MzU4OUI3NzhGAA==,918800599723,delivered,2025-05-27 14:27:56,,,,,,
2025-05-27 14:30:15,919205888736,650615708140466,wamid.HBgMOTE3OTA1ODA3MDIxFQIAERgSN0EwN0Q0QjE1N0ZCNjQ1NEZEAA==,918800318960,delivered,2025-05-27 14:30:15,,,,,,
2025-05-27 14:25:23,918929546200,725569473962618,wamid.HBgMOTE5NTgyODI0MzMxFQIAERgSMzJFRjYzRDI4MDA4MDMzQkNGAA==,919810909080,delivered,2025-05-27 14:25:23,,,,,,
2025-05-27 14:26:01,919205888736,650615708140466,wamid.HBgMOTE3OTgyODUxMDE0FQIAERgSRkQwMTVCQTJFMTAzMjVERUYyAA==,918130820058,delivered,2025-05-27 14:26:01,,,,,,
2025-05-27 14:25:32,918929546200,725569473962618,wamid.HBgMOTE5ODEwOTk5NzU0FQIAERgSNDE5OEFCRUJFOUFENTJFMDUwAA==,919871995576,delivered,2025-05-27 14:25:32,,,,,,
2025-05-27 14:28:31,918929546200,725569473962618,wamid.HBgMOTE3MDExNTMwNDM1FQIAERgSRDU2OTVGRDgwODBCQThBNDQ0AA==,919818065475,delivered,2025-05-27 14:28:31,,,,,,
2025-05-27 14:27:27,918929546200,725569473962618,wamid.HBgMOTE4MDc2NzQzNzEyFQIAERgSQTY5M0U0RDU3NUVBNkM5RjgxAA==,919811390983,delivered,2025-05-27 14:27:27,,,,,,
2025-05-27 14:29:32,919205888736,650615708140466,wamid.HBgMOTE5Mjg5Njc4NzA0FQIAERgSODI1QzI2Q0ZCRjkwMjA4MTNGAA==,919717833440,delivered,2025-05-27 14:29:32,,,,,,
2025-05-27 14:28:43,918929546200,725569473962618,wamid.HBgMOTE4NTcyMDI3NzI2FQIAERgSMzc5MjVBMzVGRThGNEE4Rjk3AA==,919650505394,delivered,2025-05-27 14:28:43,,,,,,
2025-05-27 14:28:12,918929532648,724637984055655,wamid.HBgMOTE5OTkwNzU0ODgzFQIAERgSN0UyNzQ4OUVFMjREOTNBMkUxAA==,919810611237,delivered,2025-05-27 14:28:12,,,,,,
2025-05-27 14:27:48,918929546200,725569473962618,wamid.HBgMOTE5MTQ5OTQxMjc4FQIAERgSMUQwNjZGMTYyNDY3MjRBOEM4AA==,919971853339,delivered,2025-05-27 14:27:48,,,,,,
2025-05-27 14:26:13,919205888736,650615708140466,wamid.HBgMOTE3ODk2MDExOTU2FQIAERgSNDI4OTIzRTI1ODJBNjA2QTEwAA==,919599486056,delivered,2025-05-27 14:26:13,,,,,,
2025-05-27 14:25:42,918929546200,725569473962618,wamid.HBgMOTE4ODYwODU5Nzg0FQIAERgSOEJGNjk5NjA2NTREMjNERTU4AA==,919818080100,delivered,2025-05-27 14:25:42,,,,,,
2025-05-27 14:27:32,918929546200,725569473962618,wamid.HBgMOTE4MDU5NTg5MjYwFQIAERgSNUJENjk4QkIwQjNENzlEMkQzAA==,919999210207,delivered,2025-05-27 14:27:32,,,,,,
2025-05-27 14:28:20,919205888736,650615708140466,wamid.HBgMOTE5NzExNjE4MDgwFQIAERgSQUM2ODUwOTIwQjc4QkQwRkE5AA==,919810100180,delivered,2025-05-27 14:28:20,,,,,,
2025-05-27 14:29:15,918929546200,725569473962618,wamid.HBgMOTE5NzExMzY4NjQwFQIAERgSNjlCRTYyNDI2NDQ0OEU0QzIzAA==,919560364367,delivered,2025-05-27 14:29:15,,,,,,
2025-05-27 14:29:35,918929627512,679864135212915,wamid.HBgMOTE5NzExMzQwNTA1FQIAERgSNzM1MUYwQUQ4N0Q4QkE3NThFAA==,919560029206,delivered,2025-05-27 14:29:35,,,,,,
2025-05-27 14:28:47,918929546200,725569473962618,wamid.HBgMOTE5NjI1MDE4OTQ4FQIAERgSMUE2NEE0ODBBMUU0MUU0M0M1AA==,918130290114,delivered,2025-05-27 14:28:47,,,,,,
2025-05-27 14:28:35,918929627512,679864135212915,wamid.HBgMOTE5NzExMzQwNTA1FQIAERgSQUQ1MkQzMzZERkQ5M0MzNEYwAA==,919599042438,delivered,2025-05-27 14:28:35,,,,,,
2025-05-27 14:28:49,918929546200,725569473962618,wamid.HBgMOTE5OTk5NjEyMTYyFQIAERgSQkNEODM1RkFCRDdEMkQ4RTg1AA==,919599780294,delivered,2025-05-27 14:28:49,,,,,,
2025-05-27 14:27:42,918929546200,725569473962618,wamid.HBgMOTE4ODAwOTMxMjA0FQIAERgSRkU1MDVFMURENzYzRDlFMUMzAA==,919810298737,delivered,2025-05-27 14:27:42,,,,,,
2025-05-27 14:28:17,918929532648,724637984055655,wamid.HBgMOTE5MDQxNTQwMjc3FQIAERgSODJCOTU2MEQyRERCQUI0RUFDAA==,919871215544,delivered,2025-05-27 14:28:17,,,,,,
2025-05-27 14:26:17,918929546200,725569473962618,wamid.HBgMOTE4ODYwODU5Nzg0FQIAERgSNEE5QURFNTAwM0MxODBCREYwAA==,919871076699,delivered,2025-05-27 14:26:17,,,,,,
2025-05-27 14:28:28,918929532648,724637984055655,wamid.HBgMOTE4ODYwMjAyMDAwFQIAERgSQUQ1NDIyQkZBOUZDMDY2Q0FGAA==,919599483934,delivered,2025-05-27 14:28:28,,,,,,
2025-05-27 14:26:03,919205888736,650615708140466,wamid.HBgMOTE5OTU4Mzk5OTIwFQIAERgSNUNFMzc5RDI2N0QyOTM1MkY0AA==,919599023794,delivered,2025-05-27 14:26:03,,,,,,
2025-05-27 14:27:16,919205888736,650615708140466,wamid.HBgMOTE4NzIzOTMwMTMxFQIAERgSMEU3NkIzNTVFQTM4QjdCRUQxAA==,919910261506,delivered,2025-05-27 14:27:16,,,,,,
2025-05-27 14:28:12,918929546200,725569473962618,wamid.HBgMOTE5NjUwMjYyNDY4FQIAERgSOTFBNkQ2MkE5NzA5NTk5RUEwAA==,919717494315,delivered,2025-05-27 14:28:12,,,,,,
2025-05-27 14:25:44,918929532648,724637984055655,wamid.HBgMOTE3MDQyODE2MzYwFQIAERgSRjgwNEZDNTc4RkUyMzQyOUFDAA==,918130666327,delivered,2025-05-27 14:25:44,,,,,,
2025-05-27 14:26:23,918929546200,725569473962618,wamid.HBgMOTE4ODgyMjI2MDY4FQIAERgSNzE1QTRBQTlCOEJGMkI5MTk5AA==,919910314222,delivered,2025-05-27 14:26:23,,,,,,
2025-05-27 14:27:59,919205888736,650615708140466,wamid.HBgMOTE4OTE4NzU4MTYyFQIAERgSMzFFRkQ3MzA5QjY2NTlBNzQ0AA==,919871396518,delivered,2025-05-27 14:27:59,,,,,,
2025-05-27 14:26:24,918929546200,725569473962618,wamid.HBgMOTE5NzE3MTEwNTM1FQIAERgSNzdFOTU3MTg4RjVEMzNCMTQ1AA==,919999987714,delivered,2025-05-27 14:26:24,,,,,,
2025-05-27 14:28:44,918929532648,724637984055655,wamid.HBgMOTE5MjA1MjAwMjM4FQIAERgSQUFFRThGMEU1RkU4QUI3MTI5AA==,919910766377,delivered,2025-05-27 14:28:44,,,,,,
2025-05-27 14:29:44,919873744492,657469204124096,wamid.HBgMOTE5NzExMzQwNTA1FQIAERgSOEQ1NjNFRjUxMkNBNzAyMDE3AA==,919818989910,delivered,2025-05-27 14:29:44,,,,,,
2025-05-27 14:28:33,918929546200,725569473962618,wamid.HBgMOTE5NTYwNzIyNTc2FQIAERgSOEFBMzFDMUJEOTVCRkFEQkFGAA==,919650050763,delivered,2025-05-27 14:28:33,,,,,,
2025-05-27 14:25:22,918929546200,725569473962618,wamid.HBgMOTE5ODE4NDAwNzEyFQIAERgSMUVEMzBBQkEyMUY3MEE2Qzk2AA==,917042612503,delivered,2025-05-27 14:25:22,,,,,,
2025-05-27 14:27:10,918929546200,725569473962618,wamid.HBgMOTE5NzE3MTEwNTM1FQIAERgSQTI5REZBM0JFMzVDNEFEOTZDAA==,919971999562,delivered,2025-05-27 14:27:10,,,,,,
2025-05-27 14:29:30,918929546200,725569473962618,wamid.HBgMOTE5OTcxMTE5NTYyFQIAERgSNDJBNUQwQ0EwMjQzNTJDRjkwAA==,919810798516,delivered,2025-05-27 14:29:30,,,,,,
2025-05-27 14:26:02,918929546200,725569473962618,wamid.HBgMOTE5OTk5MjE5MDU5FQIAERgSQzJGRkRFQUMxRDY4ODY1M0NEAA==,919810213956,delivered,2025-05-27 14:26:02,,,,,,
2025-05-27 14:27:31,919205888736,650615708140466,wamid.HBgMOTE4Mzc2OTk4ODA4FQIAERgSQ0RCMzE5OEJENkMyN0ExOEM2AA==,919958643737,delivered,2025-05-27 14:27:31,,,,,,
2025-05-27 14:28:24,918929546200,725569473962618,wamid.HBgMOTE3MjY4MDA2Nzk5FQIAERgSODg3RjU3OERCOTgzMzgxQUEyAA==,919810859399,delivered,2025-05-27 14:28:24,,,,,,
2025-05-27 14:29:58,918929546200,725569473962618,wamid.HBgMOTE5OTcxMTE5Nzc4FQIAERgSNDcwRkE2RDY1RkYwMERGQ0M0AA==,919599085024,delivered,2025-05-27 14:29:58,,,,,,
2025-05-27 14:29:59,919205888736,650615708140466,wamid.HBgMOTE5NDc5NjM3MjQ0FQIAERgSQTBFNjU1MEVFM0IwQUUxOEMyAA==,919810619912,delivered,2025-05-27 14:29:59,,,,,,
2025-05-27 14:27:05,918929532648,724637984055655,wamid.HBgMOTE4NTEwODQ5MDE4FQIAERgSQUQ0RjNDRkZDMTBFOTIyNEMxAA==,917042883549,delivered,2025-05-27 14:27:05,,,,,,
2025-05-27 14:27:04,918929546200,725569473962618,wamid.HBgMOTE4MDc2NzQzNzEyFQIAERgSMjIyNEFERjRCMDE5OERCMTY2AA==,919599489641,delivered,2025-05-27 14:27:04,,,,,,
2025-05-27 14:26:50,919205888736,650615708140466,wamid.HBgMOTE5MjA1NDUzNTQzFQIAERgSODQzNTY4Mjg4OUQzOTg1QkMyAA==,919818234060,delivered,2025-05-27 14:26:50,,,,,,
2025-05-27 14:26:55,919205888736,650615708140466,wamid.HBgMOTE5ODIxNDI4ODk2FQIAERgSMzZGOURENDQzOEJGNUQ3NzkyAA==,919555936025,delivered,2025-05-27 14:26:55,,,,,,
2025-05-27 14:29:26,918929532648,724637984055655,wamid.HBgMOTE5NzE3NTMzNTQyFQIAERgSRUEyM0ZFRDYwNTRFN0Q1MThCAA==,918800290591,delivered,2025-05-27 14:29:26,,,,,,
2025-05-27 14:25:21,918929532648,724637984055655,wamid.HBgMOTE5OTk5MzUxNDE3FQIAERgSOTU5QzE3NzQ4N0VFNTVFMUVEAA==,919971844229,delivered,2025-05-27 14:25:21,,,,,,
2025-05-27 14:29:28,918929546200,725569473962618,wamid.HBgMOTE4Nzc5OTAyODI5FQIAERgSQzUzRkZBNzM2OEY1MTFBRUFCAA==,919910362332,delivered,2025-05-27 14:29:28,,,,,,
2025-05-27 14:29:52,918929532648,724637984055655,wamid.HBgMOTE4NTI3ODQxMjAwFQIAERgSRDYzRUQ2MkZGNkI5NDJBMzk0AA==,919599601188,delivered,2025-05-27 14:29:52,,,,,,
2025-05-27 14:27:18,919205888736,650615708140466,wamid.HBgMOTE3NzU0OTY4MzE2FQIAERgSOUJFOEI2QkM0NDQ1MDczOThGAA==,919810055441,delivered,2025-05-27 14:27:18,,,,,,
2025-05-27 14:29:11,918929546200,725569473962618,wamid.HBgMOTE5OTUzNjU1MDk1FQIAERgSRTBERkE3MDNBNjQzMTkyQkU3AA==,917827984452,delivered,2025-05-27 14:29:11,,,,,,
2025-05-27 14:26:25,918929532648,724637984055655,wamid.HBgMOTE5NzE3NTMzNTQyFQIAERgSOTdGQjg5MUQyMjc2MzY1QTYwAA==,919999935611,delivered,2025-05-27 14:26:25,,,,,,
2025-05-27 14:27:23,918929546200,725569473962618,wamid.HBgMOTE5ODEwMjM3OTQzFQIAERgSQjQwREU5M0U5M0U5OEE5ODU4AA==,918800290635,delivered,2025-05-27 14:27:23,,,,,,
2025-05-27 14:29:59,918929546200,725569473962618,wamid.HBgMOTE4MDA5MzU0MDIxFQIAERgSMURCMjc3RTBCRjhBQjEwMzZGAA==,919871875282,delivered,2025-05-27 14:29:59,,,,,,
2025-05-27 14:26:52,919873744492,657469204124096,wamid.HBgMOTE5NzExMzQwNTA1FQIAERgSOEQ1NjNFRjUxMkNBNzAyMDE3AA==,919871614646,delivered,2025-05-27 14:26:52,,,,,,
2025-05-27 14:25:50,918929546200,725569473962618,wamid.HBgMOTE5OTk5MDA3OTU4FQIAERgSMkEyMjMzMzc4MTZCMkZEMDIzAA==,919560038885,delivered,2025-05-27 14:25:50,,,,,,
2025-05-27 14:25:34,919205888736,650615708140466,wamid.HBgMOTE4NjUwMDAyMjAyFQIAERgSQkM5NzdCNTMwNjJENjBCNjkwAA==,919910220044,delivered,2025-05-27 14:25:34,,,,,,
2025-05-27 14:29:22,918929532648,724637984055655,wamid.HBgMOTE5ODEwNDAyMzQ1FQIAERgSQkFBMjBGQ0JBODNCRDFFNDI3AA==,919810718445,delivered,2025-05-27 14:29:22,,,,,,
2025-05-27 14:27:51,918929532648,724637984055655,wamid.HBgMOTE5NzUzNjY4NDU2FQIAERgSNUEyOUYzQzIzRTZBQjVCNzM2AA==,919818098566,delivered,2025-05-27 14:27:51,,,,,,
2025-05-27 14:27:33,918929627512,679864135212915,wamid.HBgMOTE5NzExMzQwNTA1FQIAERgSNzM1MUYwQUQ4N0Q4QkE3NThFAA==,918527292287,delivered,2025-05-27 14:27:33,,,,,,
2025-05-27 14:28:50,918929532648,724637984055655,wamid.HBgMOTE4OTI5NzQ2ODIxFQIAERgSMUM2N0ZBQUZBMzMwOTI0QzNEAA==,919810205626,delivered,2025-05-27 14:28:50,,,,,,
2025-05-27 14:27:24,918929546200,725569473962618,wamid.HBgMOTE5MjIwMTQ0NTY2FQIAERgSOUFDRDBCNzFEREM5OTY3NzUwAA==,919818023966,delivered,2025-05-27 14:27:24,,,,,,
2025-05-27 14:30:00,918929532648,724637984055655,wamid.HBgMOTE5ODIxNTAzMDk4FQIAERgSMjhBRjcwRkM5QzlGNTE1MjZGAA==,917042609952,delivered,2025-05-27 14:30:00,,,,,,
2025-05-27 14:26:36,918929532648,724637984055655,wamid.HBgMOTE5OTcxODc0NTk4FQIAERgSRTBBQ0YzQ0I3NkY2MDU3RDhDAA==,919650511771,delivered,2025-05-27 14:26:36,,,,,,
2025-05-27 14:26:01,918929546200,725569473962618,wamid.HBgMOTE5NTYwMjIyNzk3FQIAERgSNDc2OTA2RkVCNkY2Njg1RTlDAA==,918826009838,delivered,2025-05-27 14:26:01,,,,,,
2025-05-27 14:27:02,919205888736,650615708140466,wamid.HBgMOTE5OTk5NTcxNjE2FQIAERgSRjM4RDFCNUIyRTE1Mzg5NDk1AA==,919818595404,delivered,2025-05-27 14:27:02,,,,,,
2025-05-27 14:29:27,918929546200,725569473962618,wamid.HBgMOTE5MTQ5OTQxMjc4FQIAERgSQ0QzQUM4RjFFMzAxOTk4MkRBAA==,919560114999,delivered,2025-05-27 14:29:27,,,,,,
2025-05-27 14:26:47,919205888736,650615708140466,wamid.HBgMOTE4MzA3ODQxODk4FQIAERgSNEY3NjAwREMzREYxM0YyMDQyAA==,919810321470,delivered,2025-05-27 14:26:47,,,,,,
2025-05-27 14:27:13,918929546200,725569473962618,wamid.HBgMOTE5ODE4NzE4NTE5FQIAERgSQjhBRTU0RjQ4MjE2RDA0QUY5AA==,919871066344,delivered,2025-05-27 14:27:13,,,,,,
2025-05-27 14:27:52,918929546200,725569473962618,wamid.HBgMOTE5NjgyNjEwNTIyFQIAERgSODM2RjhCRkQ3RUJBM0FGQTIxAA==,919810462576,delivered,2025-05-27 14:27:52,,,,,,
2025-05-27 14:30:08,918929532648,724637984055655,wamid.HBgMOTE3MDgyMDAwNDgwFQIAERgSMzQxRTBDQUU0QjczQzk0MTJCAA==,918130444599,delivered,2025-05-27 14:30:08,,,,,,
2025-05-27 14:28:18,918929532648,724637984055655,wamid.HBgMOTE4MDkzMzc3NDYzFQIAERgSRUZGNzNGMjg1M0NCMDhDRjc0AA==,919650222711,delivered,2025-05-27 14:28:18,,,,,,
2025-05-27 14:26:48,918929546200,725569473962618,wamid.HBgMOTE5ODEwOTk5NzU0FQIAERgSNEUzNjUwOTgyM0Y2MEY2MTBDAA==,919810088772,delivered,2025-05-27 14:26:48,,,,,,
2025-05-27 14:29:55,919205888736,650615708140466,wamid.HBgMOTE4MzczOTMxMDYyFQIAERgSNEYyQzYxQzk2RDdBMEQ2N0MxAA==,919871169753,delivered,2025-05-27 14:29:55,,,,,,
2025-05-27 14:27:51,918929532648,724637984055655,wamid.HBgMOTE5ODk5MDU4MTEwFQIAERgSRDk5NjIxNERCMDBBOTY4MzA1AA==,918826006970,delivered,2025-05-27 14:27:51,,,,,,
2025-05-27 14:28:28,918929546200,725569473962618,wamid.HBgMOTE4NTI3NzIwMDA2FQIAERgSNUIzMjc2NDNGQzhFMzJCMDdCAA==,918800117307,delivered,2025-05-27 14:28:28,,,,,,
2025-05-27 14:25:34,918929546200,725569473962618,wamid.HBgMOTE4MTc4MDkzNjc1FQIAERgSNENEMEEzRkU2MzY2NjAwN0IyAA==,919810629194,delivered,2025-05-27 14:25:34,,,,,,
2025-05-27 14:26:50,919205888736,650615708140466,wamid.HBgMOTE5ODEwOTk5NzU0FQIAERgSQjZFMEEyNzZDODM3RDUyNDdCAA==,919999248688,delivered,2025-05-27 14:26:50,,,,,,
2025-05-27 14:26:38,918929532648,724637984055655,wamid.HBgMOTE5NzczOTUyMTI2FQIAERgSMzAxNjk4MkQyNzFERDQ1RkU4AA==,919810014978,delivered,2025-05-27 14:26:38,,,,,,
2025-05-27 14:27:37,919205888736,650615708140466,wamid.HBgMOTE5OTU4MzkzNzY5FQIAERgSRTYyN0VBNTk1QzE3Q0RFMjU1AA==,919810175744,delivered,2025-05-27 14:27:37,,,,,,
2025-05-27 14:26:23,919205888736,650615708140466,wamid.HBgMOTE5ODcxNDUxNjc5FQIAERgSMkFGOTRGQjEwREEzRTM4RjVDAA==,919810134829,delivered,2025-05-27 14:26:23,,,,,,
2025-05-27 14:28:04,919205888736,650615708140466,wamid.HBgMOTE3MDE4MTQ4OTA2FQIAERgSRjcyOTQwNUQ4MkRDNTBFQTAyAA==,919811066770,delivered,2025-05-27 14:28:04,,,,,,
2025-05-27 14:29:52,919205888736,650615708140466,wamid.HBgMOTE4NjI3MDg2Mzg5FQIAERgSMTcyNEExODJDQjg4NUJDOTg2AA==,918130182289,delivered,2025-05-27 14:29:52,,,,,,
2025-05-27 14:26:15,918929546200,725569473962618,wamid.HBgMOTE3MDExMjUwMTUyFQIAERgSOEFDMjIzQTc0ODRGQ0M4OTMzAA==,917042871489,delivered,2025-05-27 14:26:15,,,,,,
2025-05-27 14:25:58,918929546200,725569473962618,wamid.HBgMOTE5OTg1NDk1NjgwFQIAERgSQzMzOEI1RkFFOUIxMzJBRjYwAA==,919818776418,delivered,2025-05-27 14:25:58,,,,,,
2025-05-27 14:25:51,918929546200,725569473962618,wamid.HBgMOTE5NjU0NTQ2Mjc0FQIAERgSQzE2Mjg3QUM3QjgyRUNFNEM2AA==,919599814202,delivered,2025-05-27 14:25:51,,,,,,
2025-05-27 14:28:57,919205888736,650615708140466,wamid.HBgMOTE5NTg0MjY4OTI0FQIAERgSQjdENjMxQUU0RjA3MEQ2OENDAA==,919818058680,delivered,2025-05-27 14:28:57,,,,,,
2025-05-27 14:30:13,919205888736,650615708140466,wamid.HBgMOTE5NjcwNzU5OTA4FQIAERgSQ0M2NEE5QTEzNTBCMUIzM0Q0AA==,918800586667,delivered,2025-05-27 14:30:13,,,,,,
2025-05-27 14:29:21,918929532648,724637984055655,wamid.HBgMOTE5NDM3MjEyMDY3FQIAERgSNjQ3Qjk0REE2NjNBNTA3RjdEAA==,919818241391,delivered,2025-05-27 14:29:21,,,,,,
2025-05-27 14:25:48,918929532648,724637984055655,wamid.HBgMOTE5ODEwMzQ3OTIxFQIAERgSRTA3MDg3QjU2MTEyMEJDM0MyAA==,917042579576,delivered,2025-05-27 14:25:48,,,,,,
2025-05-27 14:28:19,918929532648,724637984055655,wamid.HBgMOTE3MDExMTE4NjAwFQIAERgSNTFCQzU3NERCRDc3REQxNjY4AA==,919560035260,delivered,2025-05-27 14:28:19,,,,,,
2025-05-27 14:29:11,918929532648,724637984055655,wamid.HBgMOTE5NzUzNjY4NDU2FQIAERgSN0E5N0IzM0RCNkU5Q0RBRDFGAA==,919871063655,delivered,2025-05-27 14:29:11,,,,,,
2025-05-27 14:28:50,918929546200,725569473962618,wamid.HBgMOTE5NzExMzY4NjQwFQIAERgSNEMxRjZDMEIxQ0Y2N0YyOUEwAA==,919810650603,delivered,2025-05-27 14:28:50,,,,,,
2025-05-27 14:25:36,918929532648,724637984055655,wamid.HBgMOTE5NjQzMDcwODA3FQIAERgSMTAzRUQ0MEM1QTk0Q0UwQkMwAA==,919810175897,delivered,2025-05-27 14:25:36,,,,,,
2025-05-27 14:27:47,918929546200,725569473962618,wamid.HBgMOTE5NzE3OTYzNzQ1FQIAERgSQzExQ0RBMjBBMTAzRTU5N0UwAA==,919818801085,delivered,2025-05-27 14:27:47,,,,,,
2025-05-27 14:25:29,919205888736,650615708140466,wamid.HBgMOTE5ODEwMzE3MzA5FQIAERgSRkJERUU4NzFDQjcwQzIwQUU0AA==,919810030734,delivered,2025-05-27 14:25:29,,,,,,
2025-05-27 14:29:12,919873744492,657469204124096,wamid.HBgMOTE5NzExMzQwNTA1FQIAERgSMzk4MjVGMUY0NTY4NDQyQzEyAA==,919810169598,delivered,2025-05-27 14:29:12,,,,,,
2025-05-27 14:29:01,918929546200,725569473962618,wamid.HBgMOTE4MTc4Njc0OTMxFQIAERgSNThCNUFFRjI1MzNEQzFDMDZCAA==,919871590960,delivered,2025-05-27 14:29:01,,,,,,
2025-05-27 14:27:15,919205888736,650615708140466,wamid.HBgMOTE4MzgzOTk2ODczFQIAERgSRjY3MjY0RkNBQkM0REFFOEMwAA==,918527292099,delivered,2025-05-27 14:27:15,,,,,,
2025-05-27 14:27:13,918929546200,725569473962618,wamid.HBgMOTE3MDExNDU3MjQ1FQIAERgSQUY4RDc4REVCNjY5QUU5QTNBAA==,919560099544,delivered,2025-05-27 14:27:13,,,,,,
2025-05-27 14:28:47,918929532648,724637984055655,wamid.HBgMOTE4NTg1OTEyNTQ2FQIAERgSMzZFREM4OTJGQTc5RDhENEM0AA==,919810815894,delivered,2025-05-27 14:28:47,,,,,,
2025-05-27 14:27:55,918929532648,724637984055655,wamid.HBgMOTE4MDEwMTAyMjcwFQIAERgSMTZFNzJCRkVFQUFFNjZCQUI4AA==,919871092211,delivered,2025-05-27 14:27:55,,,,,,
2025-05-27 14:28:17,918929546200,725569473962618,wamid.HBgMOTE4MjE4NzQ1NTI1FQIAERgSODEyNzk0NzVGQjA5QjA3QTVGAA==,919717440086,delivered,2025-05-27 14:28:17,,,,,,
2025-05-27 14:28:00,918929546200,725569473962618,wamid.HBgMOTE5NjUwMjYyNDY4FQIAERgSMTA0MDFFNUZDODRDMkRBRUQ3AA==,919810462443,delivered,2025-05-27 14:28:00,,,,,,
2025-05-27 14:27:47,919205888736,650615708140466,wamid.HBgMOTE5ODI1OTkwMjU2FQIAERgSNUFBMTVFRjBDNkIxRTc0MkRGAA==,919910167376,delivered,2025-05-27 14:27:47,,,,,,
2025-05-27 14:25:44,918929532648,724637984055655,wamid.HBgMOTE5OTg4MDY4NjgyFQIAERgSQjFDODFFNjc1OTE3NkNCQkY2AA==,919810827130,delivered,2025-05-27 14:25:44,,,,,,
2025-05-27 14:27:41,919205888736,650615708140466,wamid.HBgMOTE4NzAwMjcyMzY3FQIAERgSRTg0Qzc5MkQxMzUyM0Y2QkZEAA==,918527843303,delivered,2025-05-27 14:27:41,,,,,,
2025-05-27 14:27:19,918929532648,724637984055655,wamid.HBgMOTE5ODMzMTA4NzcwFQIAERgSQjUyOUNFRERFMDQ2OTRCOTkyAA==,918527401480,delivered,2025-05-27 14:27:19,,,,,,
2025-05-27 14:26:05,918929532648,724637984055655,wamid.HBgMOTE4Njk5MDczNDc2FQIAERgSMTY2RDdGMkQxNkRCMDRBOUM4AA==,919958788665,delivered,2025-05-27 14:26:05,,,,,,
2025-05-27 14:26:51,919205888736,650615708140466,wamid.HBgMOTE5ODk2MTgyNDg3FQIAERgSOUM4MDhENTNBNDUyQzVGNjY2AA==,919871396936,delivered,2025-05-27 14:26:51,,,,,,
2025-05-27 14:28:38,918929546200,725569473962618,wamid.HBgMOTE5OTU4NTgwODc3FQIAERgSMzQ5OTg0QjM5NjcwQzU2MkVCAA==,919810053371,delivered,2025-05-27 14:28:38,,,,,,
2025-05-27 14:27:33,918929627512,679864135212915,wamid.HBgMOTE4Mjg1MDU1MTc2FQIAERgSRTM2QkVFMjRDM0E0OUYxMzNCAA==,919818672683,delivered,2025-05-27 14:27:33,,,,,,
2025-05-27 14:28:51,919205888736,650615708140466,wamid.HBgMOTE5NzczNTIzNzU1FQIAERgSRkMxRjk2NkVFMUQwOTI1QTg3AA==,919810370148,delivered,2025-05-27 14:28:51,,,,,,
2025-05-27 14:29:24,918929627512,679864135212915,wamid.HBgMOTE5NzExMzQwNTA1FQIAERgSQUQ1MkQzMzZERkQ5M0MzNEYwAA==,919560777087,delivered,2025-05-27 14:29:24,,,,,,
2025-05-27 14:27:53,919205888736,650615708140466,wamid.HBgMOTE5NjQ5MTM2ODM1FQIAERgSNzhDQTNERUYyREQ2RjNGMkRFAA==,919971492598,delivered,2025-05-27 14:27:53,,,,,,
2025-05-27 14:27:01,918929532648,724637984055655,wamid.HBgMOTE4MTMwNTEyMzM1FQIAERgSMkJEQzIyRkY2RjE2MUU3MkVDAA==,919810555237,delivered,2025-05-27 14:27:01,,,,,,
2025-05-27 14:29:21,918929532648,724637984055655,wamid.HBgMOTE5MzA2MDI4MDExFQIAERgSMzE3OTdCQjVFREJBRjY1OUQwAA==,919818048223,delivered,2025-05-27 14:29:21,,,,,,
2025-05-27 14:25:44,918929546200,725569473962618,wamid.HBgMOTE5OTc0OTY2MDg4FQIAERgSRDYzMkU1RUFFMzZFOEU1NjhCAA==,918800592528,delivered,2025-05-27 14:25:44,,,,,,
2025-05-27 14:26:26,919205888736,650615708140466,wamid.HBgMOTE5NjMwNTQ4OTYzFQIAERgSMzg3NENGN0Y1MUI1NTg0QjI4AA==,917042184510,delivered,2025-05-27 14:26:26,,,,,,
2025-05-27 14:25:31,918929532648,724637984055655,wamid.HBgMOTE5ODk5OTA4ODk4FQIAERgSMjdBNzMwQzUwNDg3MDQ2MkY5AA==,919818666143,delivered,2025-05-27 14:25:31,,,,,,
2025-05-27 14:27:05,918929546200,725569473962618,wamid.HBgMOTE5MjEyMDUzMTQ2FQIAERgSODE1Q0NCQkY4MjMwQ0IyNTZCAA==,918800290646,delivered,2025-05-27 14:27:05,,,,,,
2025-05-27 14:28:48,918929546200,725569473962618,wamid.HBgMOTE5NzE3MDA0MTc1FQIAERgSODIwQjE3Mzk1RkVDNjI0MDI4AA==,919999079877,delivered,2025-05-27 14:28:48,,,,,,
2025-05-27 14:28:14,919205888736,650615708140466,wamid.HBgMOTE5NzExMzQwNTA1FQIAERgSMTFFN0E4RjNDQTFEODIzQjA3AA==,919717172321,delivered,2025-05-27 14:28:14,,,,,,
2025-05-27 14:25:33,918929546200,725569473962618,wamid.HBgMOTE4MTc4MDkzNjc1FQIAERgSREQwMzlFOTNEMjIzMzE5NDg2AA==,918826273434,delivered,2025-05-27 14:25:33,,,,,,
2025-05-27 14:28:49,919205888736,650615708140466,wamid.HBgMOTE5NTgyODI3MzY4FQIAERgSOENDMTVDMkU3M0Y1MjI1OEU2AA==,919818174081,delivered,2025-05-27 14:28:49,,,,,,
2025-05-27 14:29:16,918929546200,725569473962618,wamid.HBgMOTE5ODczMDA4MjIyFQIAERgSQjRGNzZENTZFRjlBMEVBMjkwAA==,919971110645,delivered,2025-05-27 14:29:16,,,,,,
2025-05-27 14:25:19,918929532648,724637984055655,wamid.HBgMOTE5ODk5OTA0ODQ0FQIAERgSQkZGNjlBNTRDOTg2NDdBQTgwAA==,919818574973,delivered,2025-05-27 14:25:19,,,,,,
2025-05-27 14:26:15,919205888736,650615708140466,wamid.HBgMOTE5NTY4NDIyODUzFQIAERgSMTNCQUJGMUExNjYxMTdBMzVFAA==,918826398455,delivered,2025-05-27 14:26:15,,,,,,
2025-05-27 14:28:04,918929546200,725569473962618,wamid.HBgMOTE5NzExNDA0Njk2FQIAERgSOEM5QTU4M0M1ODZCNEIwREZFAA==,917042038691,delivered,2025-05-27 14:28:04,,,,,,
2025-05-27 14:27:40,919205888736,650615708140466,wamid.HBgMOTE3MDY1NTM2NzM2FQIAERgSMjI3MTY5QzM4NERBOUZFNkQ0AA==,919810163357,delivered,2025-05-27 14:27:40,,,,,,
2025-05-27 14:29:33,918929546200,725569473962618,wamid.HBgMOTE5ODEwMzQ3OTIxFQIAERgSNzBBMUNDNkJGM0FDQTE5MjgzAA==,919958002078,delivered,2025-05-27 14:29:33,,,,,,
2025-05-27 14:30:09,919205888736,650615708140466,wamid.HBgMOTE4MjA5MTc1OTUwFQIAERgSMUU0OUY1OUY4RUEwNTJCQkU0AA==,919650123899,delivered,2025-05-27 14:30:09,,,,,,
2025-05-27 14:28:41,918929532648,724637984055655,wamid.HBgMOTE4MDc3Mjk5MTQ0FQIAERgSNDdEMzVFNEVCMzY0NkQzRTE0AA==,919560103217,delivered,2025-05-27 14:28:41,,,,,,
2025-05-27 14:27:19,919205888736,650615708140466,wamid.HBgMOTE4ODgyMDgyNDg5FQIAERgSODc0MEZCMkVENjk4Nzc3QkVGAA==,919818998412,delivered,2025-05-27 14:27:19,,,,,,
2025-05-27 14:26:40,918929546200,725569473962618,wamid.HBgMOTE4NTk1NzkxOTE4FQIAERgSODAxMTEzQzNGRDNEMzQ4Rjg3AA==,919958223224,delivered,2025-05-27 14:26:40,,,,,,
2025-05-27 14:26:41,919205888736,650615708140466,wamid.HBgMOTE3MDg0MjM3MzkxFQIAERgSOTc1NEM1MDJDRTgxOEJEQkREAA==,919971212238,delivered,2025-05-27 14:26:41,,,,,,
2025-05-27 14:28:05,918929532648,724637984055655,wamid.HBgMOTE4ODI0OTMyNDU4FQIAERgSMjcyMTkwNUZGQkE4ODJGNkQxAA==,918130403333,delivered,2025-05-27 14:28:05,,,,,,
2025-05-27 14:26:19,919205888736,650615708140466,wamid.HBgMOTE4OTQ5Nzg2OTE2FQIAERgSOTk3NEU4MkQ2NUU0MDk2MkI1AA==,918527171608,delivered,2025-05-27 14:26:19,,,,,,
2025-05-27 14:27:47,919205888736,650615708140466,wamid.HBgMOTE4ODM5MTEwNDk5FQIAERgSNzY3MkMyRTE0REJGMzM5MTU0AA==,919971101437,delivered,2025-05-27 14:27:47,,,,,,
2025-05-27 14:27:59,918929546200,725569473962618,wamid.HBgMOTE4ODAwOTMxMjA0FQIAERgSNTFBQzQyRUI2QzU3QjU1Mzc4AA==,919810513829,delivered,2025-05-27 14:27:59,,,,,,
2025-05-27 14:30:14,919205888736,650615708140466,wamid.HBgMOTE4MTMwMzIyNTY0FQIAERgSQzhERUMzRDk3QkNDQzIzQzA0AA==,919910844001,delivered,2025-05-27 14:30:14,,,,,,
2025-05-27 14:25:36,918929532648,724637984055655,wamid.HBgMOTE5ODMzMTA4NzcwFQIAERgSNEJENzE2RjhGNUVBOUQxRTlDAA==,919910152532,delivered,2025-05-27 14:25:36,,,,,,
2025-05-27 14:27:26,918929546200,725569473962618,wamid.HBgMOTE5ODEwNzMwNDA0FQIAERgSMzk3OTFBMUNFRUU0MDkzMjQ1AA==,919810572288,delivered,2025-05-27 14:27:26,,,,,,
2025-05-27 14:25:20,918929546200,725569473962618,wamid.HBgMOTE5OTI4NTU1NzExFQIAERgSOTU1NEI1MUE5MUE2Q0ExQ0MwAA==,918527293070,delivered,2025-05-27 14:25:20,,,,,,
2025-05-27 14:29:03,919205888736,650615708140466,wamid.HBgMOTE5MDM0MjgzODc2FQIAERgSMjE1RDU4QzU1OTFBMkI5N0I5AA==,919560894882,delivered,2025-05-27 14:29:03,,,,,,
2025-05-27 14:29:57,918929546200,725569473962618,wamid.HBgMOTE4NzAwNzE4MjAxFQIAERgSRDYyQTE5MjkwNTE5RTAzQUE4AA==,919910923222,delivered,2025-05-27 14:29:57,,,,,,
2025-05-27 14:29:55,918929532648,724637984055655,wamid.HBgMOTE5NzExNjA3OTM5FQIAERgSRTk3QUNEQ0MyMjUxMjAwRkNGAA==,919810604323,delivered,2025-05-27 14:29:55,,,,,,
2025-05-27 14:26:00,918929546200,725569473962618,wamid.HBgMOTE3MDQyNDk4NDAyFQIAERgSMzkyMDNDMzE3NjgxQzE4QUY2AA==,919810822712,delivered,2025-05-27 14:26:00,,,,,,
2025-05-27 14:28:02,918929532648,724637984055655,wamid.HBgMOTE4NjUwMDAyMjAyFQIAERgSQzc0Qjg4NEEwQzk2NDhERjFFAA==,918826392788,delivered,2025-05-27 14:28:02,,,,,,
2025-05-27 14:26:45,919205888736,650615708140466,wamid.HBgMOTE5ODk5NjM2MzcwFQIAERgSQjVCREY2NDlGOTg2OTdEMkM1AA==,919818682226,delivered,2025-05-27 14:26:45,,,,,,
2025-05-27 14:28:54,918929546200,725569473962618,wamid.HBgMOTE5OTUzODY2NDQ0FQIAERgSQjJDNkJENzUzMzc2OEQxNkJEAA==,919871398742,delivered,2025-05-27 14:28:54,,,,,,
2025-05-27 14:29:53,918929532648,724637984055655,wamid.HBgMOTE5ODkxMjI2OTE1FQIAERgSNzY3RTFCMUZCMjczQ0M4RDM5AA==,919810085944,delivered,2025-05-27 14:29:53,,,,,,
2025-05-27 14:29:21,918929532648,724637984055655,wamid.HBgMOTE5MzExNjU2Nzg0FQIAERgSNUU1RUMzMTYyMkI1NTcwNEQzAA==,919810470585,delivered,2025-05-27 14:29:21,,,,,,
2025-05-27 14:28:07,918929546200,725569473962618,wamid.HBgMOTE5NjQ2NzcyMzYxFQIAERgSRjVBMkY3OEI2NDY1ODFEREZCAA==,919971997943,delivered,2025-05-27 14:28:07,,,,,,
2025-05-27 14:28:42,918929546200,725569473962618,wamid.HBgMOTE5OTk5Njk3NTE1FQIAERgSRjM2NDk5MkI0NzU3NTEzQzdBAA==,919599055687,delivered,2025-05-27 14:28:42,,,,,,
2025-05-27 14:25:31,918929546200,725569473962618,wamid.HBgMOTE4MDEwMTAyMjcwFQIAERgSQTU2MENEODUzMENDMzJFRkJFAA==,919599052746,delivered,2025-05-27 14:25:31,,,,,,
2025-05-27 14:28:29,918929546200,725569473962618,wamid.HBgMOTE5MDc5NjAzMTU2FQIAERgSRTYxN0I2ODVDRTU2MzA4RjA1AA==,919971489618,delivered,2025-05-27 14:28:29,,,,,,
2025-05-27 14:27:40,918929546200,725569473962618,wamid.HBgMOTE5OTg1NDk1NjgwFQIAERgSNjE4MTg1NEY1REMzQTVGODZFAA==,919818512676,delivered,2025-05-27 14:27:40,,,,,,
2025-05-27 14:28:45,918929532648,724637984055655,wamid.HBgMOTE2MjgwODY2MDM5FQIAERgSQzk2M0JDNTE0OTdEMEE1RTBDAA==,919958832858,delivered,2025-05-27 14:28:45,,,,,,
2025-05-27 14:26:57,919205888736,650615708140466,wamid.HBgMOTE5ODgzNjczMTQzFQIAERgSQzBDODU5RjI4ODExNTQ1QkY4AA==,918800145577,delivered,2025-05-27 14:26:57,,,,,,
2025-05-27 14:29:21,919205888736,650615708140466,wamid.HBgMOTE5ODkxNDE2ODU5FQIAERgSQ0VFMjUyM0JCODdFQTgzMjVCAA==,918527677052,delivered,2025-05-27 14:29:21,,,,,,
2025-05-27 14:29:12,918929546200,725569473962618,wamid.HBgMOTE5NzExNDA0Njk2FQIAERgSOUUwRkIzQjQ1MjBERUQ0QzREAA==,919810041060,delivered,2025-05-27 14:29:12,,,,,,
2025-05-27 14:29:54,919205888736,650615708140466,wamid.HBgMOTE4NDQ3NTMxMzMzFQIAERgSMTVFRkI2NkFBOEY4NjFGQUIzAA==,919599810175,delivered,2025-05-27 14:29:54,,,,,,
2025-05-27 14:25:56,919205888736,650615708140466,wamid.HBgMOTE3OTA1ODA3MDIxFQIAERgSQURCMDJGMTAxMEY2NEJBQzcxAA==,919717276975,delivered,2025-05-27 14:25:56,,,,,,
2025-05-27 14:29:15,918929546200,725569473962618,wamid.HBgMOTE5NTgyODI0MzMxFQIAERgSRUY5MjUyQTJDMDE4OUNCRkRGAA==,919971001302,delivered,2025-05-27 14:29:15,,,,,,
2025-05-27 14:29:35,918929546200,725569473962618,wamid.HBgMOTE5ODk2ODUxNzQ3FQIAERgSOEI3RDM3Mjc2RkY0RDYwQkRFAA==,919599487210,delivered,2025-05-27 14:29:35,,,,,,
2025-05-27 14:26:51,918929532648,724637984055655,wamid.HBgMOTE5ODE1NzE2OTg5FQIAERgSQkU5OUQ0MkM3ODg3QzQxRTY0AA==,919599109239,delivered,2025-05-27 14:26:51,,,,,,
2025-05-27 14:26:44,918929546200,725569473962618,wamid.HBgMOTE5ODk5ODg3NTkzFQIAERgSQzU0OTRFOTNGREYyQzhBODk4AA==,919810372320,delivered,2025-05-27 14:26:44,,,,,,
2025-05-27 14:29:43,918929546200,725569473962618,wamid.HBgMOTE5ODczNDQyNDY0FQIAERgSMEJCMTFGRDgwRjQ2NTU2QjU5AA==,917042361119,delivered,2025-05-27 14:29:43,,,,,,
2025-05-27 14:27:28,919205888736,650615708140466,wamid.HBgMOTE3NTAwMDg5OTkxFQIAERgSRkJGQzg0ODIzOEI3MUM3RUU4AA==,919818914045,delivered,2025-05-27 14:27:28,,,,,,
2025-05-27 14:29:49,918929532648,724637984055655,wamid.HBgMOTE3NzQwOTYyMDY0FQIAERgSMDM3NkNDMTkzRjQxMERDMDI0AA==,919818804110,delivered,2025-05-27 14:29:49,,,,,,
2025-05-27 14:25:50,918929546200,725569473962618,wamid.HBgMOTE4NTI3Mzg2MTc5FQIAERgSRjYyOEREMDNGQTcyNDQyQjk1AA==,919810025155,delivered,2025-05-27 14:25:50,,,,,,
2025-05-27 14:26:47,918929546200,725569473962618,wamid.HBgMOTE5NDI1NzA3NTYwFQIAERgSNUIxQURERTlENENCMzQxMjA0AA==,919599055810,delivered,2025-05-27 14:26:47,,,,,,
2025-05-27 14:29:51,919205888736,650615708140466,wamid.HBgMOTE4Mjk1NjAyNzY2FQIAERgSRjMxMDhBMDdGQTAyMzREQkYwAA==,919810399191,delivered,2025-05-27 14:29:51,,,,,,
2025-05-27 14:29:35,918929546200,725569473962618,wamid.HBgMOTE5NDEwNjA1MjU2FQIAERgSMzczRDY0MUQ0QjFBNkM0RUU2AA==,919899004655,delivered,2025-05-27 14:29:35,,,,,,
2025-05-27 14:29:00,918929546200,725569473962618,wamid.HBgMOTE5OTU4MDU5NTAwFQIAERgSM0M5NDQzQzM1QjMzOEQ1NjRGAA==,919910652221,delivered,2025-05-27 14:29:00,,,,,,
2025-05-27 14:27:34,919205888736,650615708140466,wamid.HBgMOTE4MjA3MDIzOTQ5FQIAERgSMTRCRTI1QUYwNjcyQzA3Nzk5AA==,919971991722,delivered,2025-05-27 14:27:34,,,,,,
2025-05-27 14:29:40,918929546200,725569473962618,wamid.HBgMOTE5NTgyODI0MzMxFQIAERgSMDBCNzFENTkzREQ3MDdBNzk5AA==,919810748756,delivered,2025-05-27 14:29:40,,,,,,
2025-05-27 14:27:26,918929532648,724637984055655,wamid.HBgMOTE5MzE5OTcyMTcyFQIAERgSRTJEQTg0MDYzMzcyNjM4NjkwAA==,919958992599,delivered,2025-05-27 14:27:26,,,,,,
2025-05-27 14:28:30,919205888736,650615708140466,wamid.HBgMOTE4ODEwNjQ3MzM3FQIAERgSQUVFRUM0NTZGODdCRjEwQzI5AA==,918800674490,delivered,2025-05-27 14:28:30,,,,,,
2025-05-27 14:28:52,919205888736,650615708140466,wamid.HBgMOTE5OTUzNjg0NzMzFQIAERgSQzJFMDcxOTc2MkNDMTQ3MkNEAA==,919910891595,delivered,2025-05-27 14:28:52,,,,,,
2025-05-27 14:27:46,918929546200,725569473962618,wamid.HBgMOTE4NzAwMjkyNjY0FQIAERgSQ0I5NUY2NEJCRUE4RjU5RkU0AA==,919717490952,delivered,2025-05-27 14:27:46,,,,,,
2025-05-27 14:26:05,918929546200,725569473962618,wamid.HBgMOTE5NDU0NjM2MDk1FQIAERgSNzY5REQzMTk3M0Q5OTZBREJCAA==,919313804002,delivered,2025-05-27 14:26:05,,,,,,
2025-05-27 14:29:46,918929546200,725569473962618,wamid.HBgMOTE3Njc4NDE1NTY5FQIAERgSMDc0MTA2N0IwNjkzQkI5NDkwAA==,919871227777,delivered,2025-05-27 14:29:46,,,,,,
2025-05-27 14:29:08,918929546200,725569473962618,wamid.HBgMOTE5OTcxMTE5NTYyFQIAERgSODgzMzI1QjI2NTUwMDY2ODdFAA==,919310796773,delivered,2025-05-27 14:29:08,,,,,,
2025-05-27 14:29:29,918929546200,725569473962618,wamid.HBgMOTE5ODEyOTI3MzMzFQIAERgSQzJFODc4NjE5QUQyMUVCNEQ1AA==,919810979863,delivered,2025-05-27 14:29:29,,,,,,
2025-05-27 14:27:51,919205888736,650615708140466,wamid.HBgMOTE5OTcxODc5NjQxFQIAERgSRDdENEUyQjJFMDQxMDRENUM5AA==,919871405772,delivered,2025-05-27 14:27:51,,,,,,
2025-05-27 14:26:42,918929546200,725569473962618,wamid.HBgMOTE5NjU0NTQ2Mjc0FQIAERgSNDQ0QzMyOTg0RjBFREM4Q0FGAA==,919810301370,delivered,2025-05-27 14:26:42,,,,,,
2025-05-27 14:26:11,919205888736,650615708140466,wamid.HBgMOTE4OTIwMDUwMTExFQIAERgSOUE5QjFBM0Q3RDhBOENFNDE1AA==,919810092369,delivered,2025-05-27 14:26:11,,,,,,
2025-05-27 14:29:07,919205888736,650615708140466,wamid.HBgMOTE3NTAzNTY4ODEwFQIAERgSMDY1NkM1MTFFQTQwQjkyQURFAA==,919810910780,delivered,2025-05-27 14:29:07,,,,,,
2025-05-27 14:29:09,919205888736,650615708140466,wamid.HBgMOTE2MjY2NDE1NDk0FQIAERgSOEQyMUE4RDk3QjU2MTgwRkJGAA==,919810009082,delivered,2025-05-27 14:29:09,,,,,,
2025-05-27 14:28:29,918929546200,725569473962618,wamid.HBgMOTE5ODczNDMxODAxFQIAERgSN0U4MkRDMjAzMzEzOEI4QzgyAA==,919810394787,delivered,2025-05-27 14:28:29,,,,,,
2025-05-27 14:30:06,918929546200,725569473962618,wamid.HBgMOTE5NjU0NTQyNDkwFQIAERgSMDQxRDRERTNDNUE5RDNBRjZGAA==,919599036788,delivered,2025-05-27 14:30:06,,,,,,
2025-05-27 14:30:13,918929546200,725569473962618,wamid.HBgMOTE5NjU0NDM3ODQ5FQIAERgSRDcxRjc2NDU5RjU5M0MxNjc2AA==,919818146657,delivered,2025-05-27 14:30:13,,,,,,
2025-05-27 14:28:07,918929546200,725569473962618,wamid.HBgMOTE3NzE4ODI4NTIwFQIAERgSRDUzMzE4Qzg1RDJERjQ4RUQ2AA==,919599186222,delivered,2025-05-27 14:28:07,,,,,,
2025-05-27 14:28:24,919205888736,650615708140466,wamid.HBgMOTE5ODgzNjczMTQzFQIAERgSRDM3RTEwOEMwQTVEOEJBNzUzAA==,919818318791,delivered,2025-05-27 14:28:24,,,,,,
2025-05-27 14:28:45,918929532648,724637984055655,wamid.HBgMOTE5OTU4OTEwMjkyFQIAERgSRDc5Q0JBQzBBN0Y3NjFGMDNEAA==,918527295714,delivered,2025-05-27 14:28:45,,,,,,
2025-05-27 14:25:25,918929546200,725569473962618,wamid.HBgMOTE5ODA5MzczODM5FQIAERgSMkUzREI2RTI4NkRENzk3MTY4AA==,919910072745,delivered,2025-05-27 14:25:25,,,,,,
2025-05-27 14:29:26,918929546200,725569473962618,wamid.HBgMOTE5ODczNDQyNDY0FQIAERgSNkQ2MTM2REM1OTc2MTk0NUFBAA==,919871390301,delivered,2025-05-27 14:29:26,,,,,,
2025-05-27 14:25:49,918929546200,725569473962618,wamid.HBgMOTE5ODk5ODg3NTkzFQIAERgSMjBFQzhBMUZEOUZGMEEyNzM4AA==,919599107851,delivered,2025-05-27 14:25:49,,,,,,
2025-05-27 14:28:38,918929546200,725569473962618,wamid.HBgMOTE5NjUwNjcxNjUzFQIAERgSMzE4QzZGQTVFQkMyRjBBRUI2AA==,919818655399,delivered,2025-05-27 14:28:38,,,,,,
2025-05-27 14:29:41,918929546200,725569473962618,wamid.HBgMOTE5ODcxOTY4MzA1FQIAERgSMTJBMTJBNDFGQzBDMzQwNEI0AA==,917042277824,delivered,2025-05-27 14:29:41,,,,,,
2025-05-27 14:28:35,918929546200,725569473962618,wamid.HBgMOTE5NTk5NTg4Nzk3FQIAERgSMjE1RTIzOEQxRkM2NTBBRjc4AA==,919310048029,delivered,2025-05-27 14:28:35,,,,,,
2025-05-27 14:25:47,918929532648,724637984055655,wamid.HBgMOTE5NjI1Mjc3MzA1FQIAERgSMzkwODEwMkI4QjRDQTBCNDc5AA==,919910028871,delivered,2025-05-27 14:25:47,,,,,,
2025-05-27 14:29:05,918929532648,724637984055655,wamid.HBgMOTE5NjUwNjIxMjU3FQIAERgSQjYzMjlDMDc1MzFGQ0VCQTJBAA==,919599813082,delivered,2025-05-27 14:29:05,,,,,,
2025-05-27 14:30:14,918929546200,725569473962618,wamid.HBgMOTE4NzU1MTA1MjUyFQIAERgSNTJBRThBRTFBRjBBNUI5RkVFAA==,919810258650,delivered,2025-05-27 14:30:14,,,,,,
2025-05-27 14:27:36,918929546200,725569473962618,wamid.HBgMOTE5OTEwODgzOTAwFQIAERgSQzA2Mzg5QjUwOUM2MzhEQkQ2AA==,919811122550,delivered,2025-05-27 14:27:36,,,,,,
2025-05-27 14:26:25,918929546200,725569473962618,wamid.HBgMOTE5OTk5MzkyOTg2FQIAERgSRDQwNzFGMUI3MEIzQUVCQTRFAA==,919810143213,delivered,2025-05-27 14:26:25,,,,,,
2025-05-27 14:29:13,918929532648,724637984055655,wamid.HBgMOTE5Nzc5MDgxOTA2FQIAERgSNDM0OEQzM0ZBMDQ5QkNFREIzAA==,919810104963,delivered,2025-05-27 14:29:13,,,,,,
2025-05-27 14:28:31,918929532648,724637984055655,wamid.HBgMOTE5NTM3MDMzMjk2FQIAERgSQjU0QzI2QTdGRjdCRDdDQjdBAA==,918826867400,delivered,2025-05-27 14:28:31,,,,,,
2025-05-27 14:26:04,918929546200,725569473962618,wamid.HBgMOTE5OTI3MDEzMDAwFQIAERgSOEI4Q0Y0Nzc4MEY2NjFEMjdDAA==,919810976642,delivered,2025-05-27 14:26:04,,,,,,
2025-05-27 14:28:36,918929532648,724637984055655,wamid.HBgMOTE5OTk5MjE5MDU5FQIAERgSOTUyRjA0RDcyMjNCMjI5QTBFAA==,919818984000,delivered,2025-05-27 14:28:36,,,,,,
2025-05-27 14:29:10,919205888736,650615708140466,wamid.HBgMOTE5NjI1NTI1Nzk0FQIAERgSNzE5NUFERjA0NTdDMzdFRjg0AA==,919654625645,delivered,2025-05-27 14:29:10,,,,,,
2025-05-27 14:27:23,918929546200,725569473962618,wamid.HBgMOTE2Mzc1MDY1NjA1FQIAERgSOTRFQjRERTY0MjQ0QTcyRThFAA==,919910340234,delivered,2025-05-27 14:27:23,,,,,,
2025-05-27 14:29:50,918929532648,724637984055655,wamid.HBgMOTE5ODc0ODQwMDM2FQIAERgSQzRFMDFFMjYyMEY5RUM0RTlGAA==,917042039207,delivered,2025-05-27 14:29:50,,,,,,
2025-05-27 14:28:46,919205888736,650615708140466,wamid.HBgMOTE5MTQ5MDUxMTQ1FQIAERgSQzE5RUIzNkQyMUY5RjkwM0RDAA==,919971741888,delivered,2025-05-27 14:28:46,,,,,,
2025-05-27 14:25:57,918929546200,725569473962618,wamid.HBgMOTE5ODIxOTkzOTY5FQIAERgSOTQyNUUyRDczMDZCQUJBODQ5AA==,919311360138,delivered,2025-05-27 14:25:57,,,,,,
2025-05-27 14:25:24,918929546200,725569473962618,wamid.HBgMOTE4NzAwMjkyNjY0FQIAERgSNkE2NUI2QkJEMkVBMzk1N0FFAA==,919810071733,delivered,2025-05-27 14:25:24,,,,,,
2025-05-27 14:30:11,918929546200,725569473962618,wamid.HBgMOTE5ODE5NDM3NDg5FQIAERgSMjAwODNENTI5MjczMzJCMTlDAA==,919871577289,delivered,2025-05-27 14:30:11,,,,,,
2025-05-27 14:30:08,918929546200,725569473962618,wamid.HBgMOTE5NzExNjE4MDgwFQIAERgSNUVBN0Y5RjhERDYzQ0JBRDVEAA==,919910390621,delivered,2025-05-27 14:30:08,,,,,,
2025-05-27 14:28:45,919205888736,650615708140466,wamid.HBgMOTE4MzY4OTgxNTQxFQIAERgSQkM5RUVBRTlCNDY1RkJBMDIwAA==,919818427290,delivered,2025-05-27 14:28:45,,,,,,
2025-05-27 14:28:03,918929546200,725569473962618,wamid.HBgMOTE5OTcxMTE5Nzc4FQIAERgSMzUyNjQyQzIzRDg4RjUyQjA4AA==,919971392461,delivered,2025-05-27 14:28:03,,,,,,
2025-05-27 14:25:47,918929546200,725569473962618,wamid.HBgMOTE5OTc0OTY2MDg4FQIAERgSQTBENDAyNzcyOUM2QThGRTAxAA==,919560647666,delivered,2025-05-27 14:25:47,,,,,,
2025-05-27 14:27:41,918929532648,724637984055655,wamid.HBgMOTE4Mjk5ODAwNDI4FQIAERgSQjkzRjYwRUJDRjdEMkRDNUI1AA==,918826897365,delivered,2025-05-27 14:27:41,,,,,,
2025-05-27 14:25:21,918929546200,725569473962618,wamid.HBgMOTE4MjE4NzQ1NTI1FQIAERgSODYyNzZFMEU4REI3MjQwMERBAA==,919810149042,delivered,2025-05-27 14:25:21,,,,,,
2025-05-27 14:26:12,918929532648,724637984055655,wamid.HBgMOTE5OTg1NDk1NjgwFQIAERgSNDRGM0Q5QzhEREFBNDFFRDhDAA==,919910375884,delivered,2025-05-27 14:26:12,,,,,,
2025-05-27 14:25:40,918929546200,725569473962618,wamid.HBgMOTE5MjIwMTQ0NTY2FQIAERgSODEyODlENUZDMDQ5NDUyMkY5AA==,919810224260,delivered,2025-05-27 14:25:40,,,,,,
2025-05-27 14:26:00,919205888736,650615708140466,wamid.HBgMOTE5ODYzNjMzMTc4FQIAERgSOTdGMUJFREUzMTU2QTFBRjdDAA==,919910488075,delivered,2025-05-27 14:26:00,,,,,,
2025-05-27 14:29:17,918929532648,724637984055655,wamid.HBgMOTE5OTk5NzU1NTYyFQIAERgSRkQwN0E1MTk5MDFCRTI5NzVEAA==,919717844776,delivered,2025-05-27 14:29:17,,,,,,
2025-05-27 14:25:32,918929546200,725569473962618,wamid.HBgMOTE5OTY3Mzk2NjY2FQIAERgSNkU4OUJENjI1MERCRUVDMEQwAA==,919958283338,delivered,2025-05-27 14:25:32,,,,,,
2025-05-27 14:25:27,918929532648,724637984055655,wamid.HBgMOTE4Mjg3MTE2NzY5FQIAERgSNDEwMzk2OTlGNkMxQkM2Nzk4AA==,919999010999,delivered,2025-05-27 14:25:27,,,,,,
2025-05-27 14:26:06,918929532648,724637984055655,wamid.HBgMOTE5NzE2MDM4ODA1FQIAERgSQjc5RjQwMTE1MDRBMjBBNEQ4AA==,919871707173,delivered,2025-05-27 14:26:06,,,,,,
2025-05-27 14:28:51,918929546200,725569473962618,wamid.HBgMOTE5ODc2NzU3NDE1FQIAERgSNTU5MzkyNzIzRjBBMzMzQ0MyAA==,919810337212,delivered,2025-05-27 14:28:51,,,,,,
2025-05-27 14:29:37,918929532648,724637984055655,wamid.HBgMOTE5NjUwMjM5NTE3FQIAERgSQkYxM0FGNjcwMzA5ODc2RTBBAA==,919810304772,delivered,2025-05-27 14:29:37,,,,,,
2025-05-27 14:28:58,918929532648,724637984055655,wamid.HBgMOTE5ODEwMzQ3OTIxFQIAERgSNUY0QUY5MkIzRTE5NkRDNjM3AA==,919582287203,delivered,2025-05-27 14:28:58,,,,,,
2025-05-27 14:27:22,919205888736,650615708140466,wamid.HBgMOTE5ODExNDk4NzU2FQIAERgSOEIzRTQ3REY1MEExQkRFRDBCAA==,919599558584,delivered,2025-05-27 14:27:22,,,,,,
2025-05-27 14:28:14,918929546200,725569473962618,wamid.HBgMOTE3MDUxNTgxMjg2FQIAERgSQTNEQjQ5RTUxMjU5M0ZGRkI5AA==,919599186229,delivered,2025-05-27 14:28:14,,,,,,
2025-05-27 14:25:39,918929532648,724637984055655,wamid.HBgMOTE4Mjg3ODI3MzQ0FQIAERgSNzM3MTYyN0IxRTVEQjU3MTFGAA==,919810653669,delivered,2025-05-27 14:25:39,,,,,,
2025-05-27 14:25:45,918929546200,725569473962618,wamid.HBgMOTE5MTM2Mzc5NzYzFQIAERgSRTRGNTREMDExNjIzMTFBMTA0AA==,918800733277,delivered,2025-05-27 14:25:45,,,,,,
2025-05-27 14:29:02,918929546200,725569473962618,wamid.HBgMOTE3Mzc3Nzg4ODg4FQIAERgSMTREMzQ4RTYyQUVCQUE4M0Y1AA==,919810069249,delivered,2025-05-27 14:29:02,,,,,,
2025-05-27 14:29:17,919205888736,650615708140466,wamid.HBgMOTE4OTU2MTAwMDA1FQIAERgSQkM2MzNDRkMyMTI0QzE5RTFDAA==,919871943610,delivered,2025-05-27 14:29:17,,,,,,
2025-05-27 14:27:53,918929532648,724637984055655,wamid.HBgMOTE5NTY5ODA5MDEyFQIAERgSQUQ3RUFDMDIwNzkyOTc0QTY3AA==,918130655544,delivered,2025-05-27 14:27:53,,,,,,
2025-05-27 14:29:34,919205888736,650615708140466,wamid.HBgMOTE4NzAwMDEyMTYyFQIAERgSNkE0OTk1NTEyRjM2Nzg0OTdEAA==,917042346102,delivered,2025-05-27 14:29:34,,,,,,
2025-05-27 14:25:28,919205888736,650615708140466,wamid.HBgMOTE4ODAwOTMxMjA0FQIAERgSMUM4NzcxQ0FGQURBNEE3MEJCAA==,919811149994,delivered,2025-05-27 14:25:28,,,,,,
2025-05-27 14:30:03,918929532648,724637984055655,wamid.HBgMOTE3MDQyODE2MzYwFQIAERgSQjk4RTYxQTFBRDMzRDBDNUI3AA==,919818682151,delivered,2025-05-27 14:30:03,,,,,,
2025-05-27 14:28:59,918929546200,725569473962618,wamid.HBgMOTE5OTU4MTExNzY5FQIAERgSMEE1ODA5QUU5RENBNkEyQTE5AA==,919910199595,delivered,2025-05-27 14:28:59,,,,,,
2025-05-27 14:29:16,918929546200,725569473962618,wamid.HBgMOTE5ODExNzY1MDI4FQIAERgSMjhDMUUzOTk2MUVFRTk3NUI4AA==,919717790921,delivered,2025-05-27 14:29:16,,,,,,
2025-05-27 14:29:45,919205888736,650615708140466,wamid.HBgMOTE3OTg1NzEyNDc4FQIAERgSMDE3QUMzQjQ4OThCRTc3MTI3AA==,919810357389,delivered,2025-05-27 14:29:45,,,,,,
2025-05-27 14:25:22,918929546200,725569473962618,wamid.HBgMOTE5ODA5MzczODM5FQIAERgSMDVEQjdBNkUwNDEyODIyMDg3AA==,918527300988,delivered,2025-05-27 14:25:22,,,,,,
2025-05-27 14:27:25,918929546200,725569473962618,wamid.HBgMOTE4ODE2OTUwMDI3FQIAERgSNTk4MjdCMjAyNjM4REFCRENEAA==,919560900996,delivered,2025-05-27 14:27:25,,,,,,
2025-05-27 14:27:12,919205888736,650615708140466,wamid.HBgMOTE2MzYxMTYxODM2FQIAERgSRjZGM0VCQjlEMkY1Qzc3RjA2AA==,918800662362,delivered,2025-05-27 14:27:12,,,,,,
2025-05-27 14:25:26,918929546200,725569473962618,wamid.HBgMOTE5ODczNDQyNDY0FQIAERgSNEU1NTZERDYxRjNDNjAxMjk4AA==,919818233441,delivered,2025-05-27 14:25:26,,,,,,
2025-05-27 14:27:51,918929546200,725569473962618,wamid.HBgMOTE5OTUzNjU1MDk1FQIAERgSNEM1MDFFNDQ4OTM2NUI5MTFDAA==,919599295701,delivered,2025-05-27 14:27:51,,,,,,
2025-05-27 14:26:51,918929532648,724637984055655,wamid.HBgMOTE5NjUwNjIxMjU3FQIAERgSODkzREI1RkFGMjUzQUQzOUU2AA==,919810194373,delivered,2025-05-27 14:26:51,,,,,,
2025-05-27 14:26:19,918929532648,724637984055655,wamid.HBgMOTE5MDEzMDU3MDE2FQIAERgSNjM2NDNCRkRBQjMzMzYzNThCAA==,919818368417,delivered,2025-05-27 14:26:19,,,,,,
2025-05-27 14:27:11,918929546200,725569473962618,wamid.HBgMOTE5NjU0NjMxMzU1FQIAERgSOTk2QkE4RTdDNzE5NjRBRjM5AA==,918527293014,delivered,2025-05-27 14:27:11,,,,,,
2025-05-27 14:27:15,919205888736,650615708140466,wamid.HBgMOTE4NzQzODEyODAwFQIAERgSRjAzNjZGNzk3NDJFRTIyNDgzAA==,919818203205,delivered,2025-05-27 14:27:15,,,,,,
2025-05-27 14:27:21,919205888736,650615708140466,wamid.HBgMOTE4ODAyMDgxNjg4FQIAERgSMzk4RTRENUZDQkU4RkY2NUY1AA==,919810017198,delivered,2025-05-27 14:27:21,,,,,,
2025-05-27 14:26:37,918929546200,725569473962618,wamid.HBgMOTE5OTk5OTU4Mzg5FQIAERgSMjQ1ODMwMjFENjI1Q0U5QjFFAA==,919811174324,delivered,2025-05-27 14:26:37,,,,,,
2025-05-27 14:27:50,918929546200,725569473962618,wamid.HBgMOTE5NzExNDUwNDY1FQIAERgSRTc3MTEwRUZENDk2MENFMkYzAA==,919818727755,delivered,2025-05-27 14:27:50,,,,,,
2025-05-27 14:27:25,918929532648,724637984055655,wamid.HBgMOTE4ODk5Njk2MzIyFQIAERgSMDFFRDk1NEJGOTZDMDY0NEI3AA==,919810009901,delivered,2025-05-27 14:27:25,,,,,,
2025-05-27 14:25:59,918929532648,724637984055655,wamid.HBgMOTE5MTQ5OTQxMjc4FQIAERgSRTVBOThDMjNDNERGMDA5ODhBAA==,919818435347,delivered,2025-05-27 14:25:59,,,,,,
2025-05-27 14:26:54,919205888736,650615708140466,wamid.HBgMOTE5NzgyMzAyNDQ0FQIAERgSMjU0MjcxN0M4NDk5NDhDNUQwAA==,919871144950,delivered,2025-05-27 14:26:54,,,,,,
2025-05-27 14:26:03,918929546200,725569473962618,wamid.HBgMOTE5OTk5MDA3OTU4FQIAERgSQkJGMzkxRkQ4Q0VCRjNFRDM4AA==,919818649379,delivered,2025-05-27 14:26:03,,,,,,
2025-05-27 14:25:28,918929546200,725569473962618,wamid.HBgMOTE5NjUwNDE1MjcyFQIAERgSNDU4MDQ5RUU3RjcwRDBFN0IyAA==,919910395037,delivered,2025-05-27 14:25:28,,,,,,
2025-05-27 14:29:21,918929546200,725569473962618,wamid.HBgMOTE3Njc4NDE1NTY5FQIAERgSMjA3RjY1MTAxODY5NEJDOEVDAA==,919971100390,delivered,2025-05-27 14:29:21,,,,,,
2025-05-27 14:29:21,918929546200,725569473962618,wamid.HBgMOTE5OTEwMjUzMDkyFQIAERgSOTA4NzVBMTdCMjc2NTAxRTMwAA==,918527204766,delivered,2025-05-27 14:29:21,,,,,,
2025-05-27 14:27:56,919205888736,650615708140466,wamid.HBgMOTE5NjMwNTQ4OTYzFQIAERgSMzg3NENGN0Y1MUI1NTg0QjI4AA==,919818212033,delivered,2025-05-27 14:27:56,,,,,,
2025-05-27 14:25:57,918929532648,724637984055655,wamid.HBgMOTE4ODYwMjIxNDk3FQIAERgSNjg2QTk4REU4MzI3QjFFMjEzAA==,919818815057,delivered,2025-05-27 14:25:57,,,,,,
2025-05-27 14:27:06,919205888736,650615708140466,wamid.HBgMOTE4ODAwOTMxMjA0FQIAERgSNjMzNkYyREVBOUMxNTc4QjQwAA==,919871597330,delivered,2025-05-27 14:27:06,,,,,,
2025-05-27 14:28:25,918929532648,724637984055655,wamid.HBgMOTE5OTUzODkyMjAyFQIAERgSODIzRkY1MzgzQUY2QTk1NzU1AA==,919871109814,delivered,2025-05-27 14:28:25,,,,,,
2025-05-27 14:25:20,918929532648,724637984055655,wamid.HBgMOTE5NjI1NzIwOTE3FQIAERgSRDI1NzY2RTYxMDc5Nzk3QkRGAA==,918130295261,delivered,2025-05-27 14:25:20,,,,,,
2025-05-27 14:28:59,918929546200,725569473962618,wamid.HBgMOTE5ODExODAwNDQxFQIAERgSMUIwOEFCMEQwMDhGM0QxQjE5AA==,919958698360,delivered,2025-05-27 14:28:59,,,,,,
2025-05-27 14:28:55,918929532648,724637984055655,wamid.HBgMOTE5NDU0NjM2MDk1FQIAERgSQzI5NjBCMkZGMjUzRjlFMzgzAA==,919818094469,delivered,2025-05-27 14:28:55,,,,,,
2025-05-27 14:25:53,918929532648,724637984055655,wamid.HBgMOTE5ODEwMTY5MzY3FQIAERgSOEJCMDBGQjg2QTZGQ0E3REM2AA==,919718321113,delivered,2025-05-27 14:25:53,,,,,,
2025-05-27 14:26:02,919205888736,650615708140466,wamid.HBgMOTE5OTUzNzc3NzcxFQIAERgSQjFGMjM3NkJENjgzRUM3QUUzAA==,919910064511,delivered,2025-05-27 14:26:02,,,,,,
2025-05-27 14:29:39,918929532648,724637984055655,wamid.HBgMOTE4NDU5NzExMTExFQIAERgSQjQ4QkNBMDJCRkY5NkE2QjZGAA==,919810643142,delivered,2025-05-27 14:29:39,,,,,,
2025-05-27 14:25:58,919205888736,650615708140466,wamid.HBgMOTE5NzczODk4MDc1FQIAERgSQjNEQzRFRDQ2OEEwQ0JDMzEwAA==,919717593750,delivered,2025-05-27 14:25:58,,,,,,
2025-05-27 14:28:06,918929546200,725569473962618,wamid.HBgMOTE5NjY3NDUzMDkxFQIAERgSODAxNDk3Njc3NTE5REExRENEAA==,918130779714,delivered,2025-05-27 14:28:06,,,,,,
2025-05-27 14:29:25,918929546200,725569473962618,wamid.HBgMOTE5OTk5NjEyMTYyFQIAERgSNEQwNjYxNjA2QTc4MzQzNkVEAA==,919599700313,delivered,2025-05-27 14:29:25,,,,,,
2025-05-27 14:29:57,918929546200,725569473962618,wamid.HBgMOTE4NDQ3Mjg0MDU1FQIAERgSMzQ0MDJDQTIxNzlBNkQzMURDAA==,919599934899,delivered,2025-05-27 14:29:57,,,,,,
2025-05-27 14:29:21,918929546200,725569473962618,wamid.HBgMOTE5NTYwMzkzOTY2FQIAERgSMEM2MDZBMDNFQTEyMDk1M0QwAA==,919818001752,delivered,2025-05-27 14:29:21,,,,,,
2025-05-27 14:27:38,918929546200,725569473962618,wamid.HBgMOTE5NzE2ODk0NDM0FQIAERgSNUEzNkZCM0MwODFBQkIxRUYxAA==,919971596142,delivered,2025-05-27 14:27:38,,,,,,
2025-05-27 14:29:45,918929532648,724637984055655,wamid.HBgMOTE5NjY3NjE5MTgwFQIAERgSM0ZFMzFFNDZFNDZBQjE3NjNFAA==,919810742851,delivered,2025-05-27 14:29:45,,,,,,
2025-05-27 14:27:34,918929546200,725569473962618,wamid.HBgMOTE5OTk5MjE5MDU5FQIAERgSRTg2MDZBMDdFNEI4OTMwNjUwAA==,919871766666,delivered,2025-05-27 14:27:34,,,,,,
2025-05-27 14:25:20,918929532648,724637984055655,wamid.HBgMOTE5ODczODE1MTExFQIAERgSMTU0NzhENTk0NzA2MkQxNTY0AA==,919810778786,delivered,2025-05-27 14:25:20,,,,,,
2025-05-27 14:28:52,918929546200,725569473962618,wamid.HBgMOTE5ODUwODMxMjAyFQIAERgSMjE0RUYzRTU3MkE2NzY3MEM0AA==,919717908892,delivered,2025-05-27 14:28:52,,,,,,
2025-05-27 14:27:47,918929532648,724637984055655,wamid.HBgMOTE4MDc3Mjk5MTQ0FQIAERgSQjQ3NzY4ODIxRUM3QzA3OTgyAA==,919599816144,delivered,2025-05-27 14:27:47,,,,,,
2025-05-27 14:30:18,919873744492,657469204124096,wamid.HBgMOTE5NzExMzQwNTA1FQIAERgSNENCRDg5MzIxQkY0NzNCNDBCAA==,919871394370,delivered,2025-05-27 14:30:18,,,,,,
2025-05-27 14:29:36,918929532648,724637984055655,wamid.HBgMOTE3NjY4NzIwNTEzFQIAERgSRERBMTQ0QzI3RkMzNUE3RTFEAA==,919818448885,delivered,2025-05-27 14:29:36,,,,,,
2025-05-27 14:28:50,918929546200,725569473962618,wamid.HBgMOTE3ODM4MjQ1NDk0FQIAERgSQzMxOTlCRjNEQTRGMkI3NEQzAA==,919873980631,delivered,2025-05-27 14:28:50,,,,,,
2025-05-27 14:25:43,918929546200,725569473962618,wamid.HBgMOTE4NTI3NzIwMDA2FQIAERgSNEExNUQ5MzA3NzQ1MENBNTNEAA==,919871296503,delivered,2025-05-27 14:25:43,,,,,,
2025-05-27 14:26:43,918929532648,724637984055655,wamid.HBgMOTE3NzAxOTc3Mjg5FQIAERgSMzY4M0VGNzM2QUY1QkMwMTYzAA==,919810136764,delivered,2025-05-27 14:26:43,,,,,,
2025-05-27 14:29:34,918929532648,724637984055655,wamid.HBgMOTE5OTg1NDk1NjgwFQIAERgSNDM2MkVBNjBGMDI0MDIzMjdCAA==,919958004390,delivered,2025-05-27 14:29:34,,,,,,
2025-05-27 14:26:21,918929532648,724637984055655,wamid.HBgMOTE4Nzk3NjE2ODkwFQIAERgSM0VFOEZDRjE3RUE0RjFEOEY1AA==,919818315047,delivered,2025-05-27 14:26:21,,,,,,
2025-05-27 14:26:14,918929546200,725569473962618,wamid.HBgMOTE5NjUwNDE1MjcyFQIAERgSRDU1MjRFNUVGQjAwOUEwMzNDAA==,919873100640,delivered,2025-05-27 14:26:14,,,,,,
2025-05-27 14:28:50,918929532648,724637984055655,wamid.HBgMOTE2MjY0ODU1ODI3FQIAERgSNzExRTE1NDdDQkI5QkEyQzNEAA==,919818798519,delivered,2025-05-27 14:28:50,,,,,,
2025-05-27 14:28:43,918929546200,725569473962618,wamid.HBgMOTE5OTU4MDU5NTAwFQIAERgSMDU0ODA3MTY4NTI5RTk4MUY1AA==,918130394359,delivered,2025-05-27 14:28:43,,,,,,
2025-05-27 14:30:01,918929532648,724637984055655,wamid.HBgMOTE5NjkxMDUwNTg1FQIAERgSOENFREZFQkRDODJDQTlEQUEzAA==,919818010797,delivered,2025-05-27 14:30:01,,,,,,
2025-05-27 14:26:48,918929546200,725569473962618,wamid.HBgMOTE4ODAwNTUyOTU4FQIAERgSNjY4MTFBNDMzMUE1Q0M2OERBAA==,919958890585,delivered,2025-05-27 14:26:48,,,,,,
2025-05-27 14:30:16,918929532648,724637984055655,wamid.HBgMOTE4MDc3Mjk5MTQ0FQIAERgSMjIwOUU3OUY3ODQyRTAzQjg0AA==,919910375585,delivered,2025-05-27 14:30:16,,,,,,
2025-05-27 14:28:43,918929532648,724637984055655,wamid.HBgMOTE4MDc2NTc5MjU2FQIAERgSQjk1RDgzM0Y0MTU0MjYzQTU2AA==,919810292363,delivered,2025-05-27 14:28:43,,,,,,
2025-05-27 14:25:46,918929532648,724637984055655,wamid.HBgMOTE5ODczNzQxMTE3FQIAERgSQTlFRjkyRUI1NUQ3NjMwMDg2AA==,919810893031,delivered,2025-05-27 14:25:46,,,,,,
2025-05-27 14:29:02,918929546200,725569473962618,wamid.HBgMOTE5NzE3MTEwNTM1FQIAERgSRjc2MThGNUJDMUE2MDQ1RkZBAA==,919810206482,delivered,2025-05-27 14:29:02,,,,,,
2025-05-27 14:26:43,918929532648,724637984055655,wamid.HBgMOTE5OTUzMDM5OTM5FQIAERgSNzRGMjQ5RjA3NEY2MUM1NThGAA==,918527421123,delivered,2025-05-27 14:26:43,,,,,,
2025-05-27 14:29:18,919205888736,650615708140466,wamid.HBgMOTE5ODA3MDQwODQwFQIAERgSRjhEMEM2RDc4NUYyM0U3MTkyAA==,919810530691,delivered,2025-05-27 14:29:18,,,,,,
2025-05-27 14:28:23,918929532648,724637984055655,wamid.HBgMOTE4NDQ1MTcyMzk3FQIAERgSMEM1NkY1MjdCMzEwRkNFMTJDAA==,919810486020,delivered,2025-05-27 14:28:23,,,,,,
2025-05-27 14:29:34,918929546200,725569473962618,wamid.HBgMOTE4MDc2NzQzNzEyFQIAERgSREU2MjEwMTMxNjFBMThERTc3AA==,918826398506,delivered,2025-05-27 14:29:34,,,,,,
2025-05-27 14:27:21,919205888736,650615708140466,wamid.HBgMOTE4NzAwMzQzMzczFQIAERgSQjNENEI2QzYwQTBDQTZDRDQzAA==,918130198650,delivered,2025-05-27 14:27:21,,,,,,
2025-05-27 14:29:21,918929546200,725569473962618,wamid.HBgMOTE5ODExNzcyMjg5FQIAERgSRjZGNDg0NzIwQjNGODFBOEVEAA==,917042915148,delivered,2025-05-27 14:29:21,,,,,,
2025-05-27 14:27:30,918929532648,724637984055655,wamid.HBgMOTE4MTk1OTUyMzQ1FQIAERgSODc2NEI2NDlDRTFBOTcxMDJFAA==,919650850333,delivered,2025-05-27 14:27:30,,,,,,
2025-05-27 14:28:13,918929532648,724637984055655,wamid.HBgMOTE5NjI1MDE4OTQ4FQIAERgSRUNGREIyMzcwRjhCNjMxMEUwAA==,919818219748,delivered,2025-05-27 14:28:13,,,,,,
2025-05-27 14:29:09,918929532648,724637984055655,wamid.HBgMOTE3OTgyODUxMDE0FQIAERgSNzkxMzMyNkVCOTExRTg2MEJFAA==,919899747790,delivered,2025-05-27 14:29:09,,,,,,
2025-05-27 14:29:56,918929546200,725569473962618,wamid.HBgMOTE5ODQ5OTMyOTg3FQIAERgSODc2MEMxOUU0N0NDNjVBQTREAA==,919599203229,delivered,2025-05-27 14:29:56,,,,,,
2025-05-27 14:26:11,919205888736,650615708140466,wamid.HBgMOTE5ODc4OTg3OTA2FQIAERgSOTJEQUE4N0Q1QkZCOEVEQ0MxAA==,919958006801,delivered,2025-05-27 14:26:11,,,,,,
2025-05-27 14:27:20,919873744492,657469204124096,wamid.HBgMOTE5NzExMzQwNTA1FQIAERgSNENCRDg5MzIxQkY0NzNCNDBCAA==,919871065420,delivered,2025-05-27 14:27:20,,,,,,
2025-05-27 14:29:37,918929546200,725569473962618,wamid.HBgMOTE5NTYwNzQwMDMzFQIAERgSNkEzMTQyOTdFMTI5Mzk3MkQxAA==,919650021250,delivered,2025-05-27 14:29:37,,,,,,
2025-05-27 14:28:09,919205888736,650615708140466,wamid.HBgMOTE5MDQ0ODAzOTM3FQIAERgSNEI3MEJCQTQ4RjlFQ0Q2MjI5AA==,919810779114,delivered,2025-05-27 14:28:09,,,,,,
2025-05-27 14:25:45,918929546200,725569473962618,wamid.HBgMOTE5OTcxMzA3NzYyFQIAERgSMDA3NTk3NzIxQzIyRThGNTU4AA==,917042871706,delivered,2025-05-27 14:25:45,,,,,,
2025-05-27 14:28:19,918929532648,724637984055655,wamid.HBgMOTE5NjgyNjEwNTIyFQIAERgSRkY5QjE5NjE4QzA0NjREMjNBAA==,919810201297,delivered,2025-05-27 14:28:19,,,,,,
2025-05-27 14:28:23,918929532648,724637984055655,wamid.HBgMOTE4ODAwOTMxMjA0FQIAERgSN0U4OUNDNzY0MjNCMTRFNEVGAA==,919910375578,delivered,2025-05-27 14:28:23,,,,,,
2025-05-27 14:28:07,919205888736,650615708140466,wamid.HBgMOTE3OTczNzg3Nzc0FQIAERgSRkRBMERCNTFBN0QwODZGODVCAA==,919810643336,delivered,2025-05-27 14:28:07,,,,,,
2025-05-27 14:30:09,918929546200,725569473962618,wamid.HBgMOTE5ODEwMzQ3OTIxFQIAERgSMUEzNTI1MzZCNTZDQjcyM0FCAA==,919810429525,delivered,2025-05-27 14:30:09,,,,,,
2025-05-27 14:27:54,918929546200,725569473962618,wamid.HBgMOTE5OTAyODU1NDc3FQIAERgSOTNGQTRBM0YwNkNGNzYyNDcxAA==,919717033915,delivered,2025-05-27 14:27:54,,,,,,
2025-05-27 14:29:50,918929546200,725569473962618,wamid.HBgMOTE5NzE2NzUwMjcwFQIAERgSQjg3NzJFNTM5NjIzMTQ0MDJFAA==,919818101176,delivered,2025-05-27 14:29:50,,,,,,
2025-05-27 14:27:16,918929546200,725569473962618,wamid.HBgMOTE4MTMwNDQxOTc1FQIAERgSQjdCMDU4QzA4OEZBOEEzODczAA==,919560007444,delivered,2025-05-27 14:27:16,,,,,,
2025-05-27 14:28:48,919205888736,650615708140466,wamid.HBgMOTE3Mjk1ODAzMDkzFQIAERgSMkE3MTk4M0I2RThCREQ3NkMyAA==,919650021538,delivered,2025-05-27 14:28:48,,,,,,
2025-05-27 14:28:52,918929546200,725569473962618,wamid.HBgMOTE3NTA2Njk0NTYzFQIAERgSODg0RkM0MDE4NDExRDYwNTJBAA==,917042410097,delivered,2025-05-27 14:28:52,,,,,,
2025-05-27 14:27:44,918929546200,725569473962618,wamid.HBgMOTE4ODc5ODAwNDA0FQIAERgSNjBFMEQyMjMzNjc2RDM1QzYzAA==,919810987574,delivered,2025-05-27 14:27:44,,,,,,
2025-05-27 14:25:49,918929546200,725569473962618,wamid.HBgMOTE5ODEwMzQ3OTIxFQIAERgSRDREODY1NTlDNkYxMzczNjQzAA==,919810007028,delivered,2025-05-27 14:25:49,,,,,,
2025-05-27 14:25:24,919205888736,650615708140466,wamid.HBgMOTE5NzE3NzU2NDk5FQIAERgSMkNCRDJBQjNGMjc2MjQwNjNDAA==,919810430882,delivered,2025-05-27 14:25:24,,,,,,
2025-05-27 14:28:30,918929546200,725569473962618,wamid.HBgMOTE5NjU0NjMxMzU1FQIAERgSQkJBODM3MTlCMEI5RjRGRkE1AA==,919810177609,delivered,2025-05-27 14:28:30,,,,,,
2025-05-27 14:29:16,918929546200,725569473962618,wamid.HBgMOTE4OTI4MjE3ODk0FQIAERgSRUVDNERDMjczMDM5MzM5MDIzAA==,919810602044,delivered,2025-05-27 14:29:16,,,,,,
2025-05-27 14:26:55,918929532648,724637984055655,wamid.HBgMOTE5ODExNDQ5Nzk3FQIAERgSRjAxREQ0Q0FBN0ZDOEJCMDQ4AA==,919599423361,delivered,2025-05-27 14:26:55,,,,,,
2025-05-27 14:26:39,919205888736,650615708140466,wamid.HBgMOTE4Mjg3Mjc1MTgxFQIAERgSQjA4QUFDQTAwQzk0MDE1RkQ3AA==,917042972423,delivered,2025-05-27 14:26:39,,,,,,
2025-05-27 14:28:02,919205888736,650615708140466,wamid.HBgMOTE4OTIwNjEzMTAwFQIAERgSRDZFMUZBQ0Q2MzYwNUUyRjNEAA==,919810121997,delivered,2025-05-27 14:28:02,,,,,,
2025-05-27 14:25:45,919205888736,650615708140466,wamid.HBgMOTE4MzgzODYxNzMwFQIAERgSMjE1MjBCQkYyRTEzMUMyMTA0AA==,919810082665,delivered,2025-05-27 14:25:45,,,,,,
2025-05-27 14:27:53,919205888736,650615708140466,wamid.HBgMOTE5ODczNTAwMDkyFQIAERgSQjA5NzU0OENCNTA0RkRCRUU2AA==,919958764656,delivered,2025-05-27 14:27:53,,,,,,
2025-05-27 14:29:48,918929532648,724637984055655,wamid.HBgMOTE5ODcxMTI1MTE1FQIAERgSRUMyM0MwQ0VGMThFMjc4RjFCAA==,919868153006,delivered,2025-05-27 14:29:48,,,,,,
2025-05-27 14:29:34,918929546200,725569473962618,wamid.HBgMOTE4NTk1NTk0NjcyFQIAERgSNTRDNTg5OEQ0REU5OEUyRkM3AA==,919910047244,delivered,2025-05-27 14:29:34,,,,,,
2025-05-27 14:28:11,918929546200,725569473962618,wamid.HBgMOTE4MTQ2MTk3ODc5FQIAERgSRTFDQzZBNkMyREEyQkM4QkQxAA==,919818094395,delivered,2025-05-27 14:28:11,,,,,,
2025-05-27 14:29:26,919205888736,650615708140466,wamid.HBgMOTE5NzExMzQwNTA1FQIAERgSRThDQzNBNzgyN0I0NUJFMzNDAA==,919871793952,delivered,2025-05-27 14:29:26,,,,,,
2025-05-27 14:25:51,918929532648,724637984055655,wamid.HBgMOTE4MjgzODEzMTIwFQIAERgSM0UzMjdENjk4QzBCMUI1NzIyAA==,919643402518,delivered,2025-05-27 14:25:51,,,,,,
2025-05-27 14:29:17,919205888736,650615708140466,wamid.HBgMOTE4ODAwOTgwMDkwFQIAERgSMDZGNEZFMDVFODIxNDM0NDhFAA==,919560897936,delivered,2025-05-27 14:29:17,,,,,,
2025-05-27 14:27:51,919205888736,650615708140466,wamid.HBgMOTE4ODAwNzIyNjg4FQIAERgSNjc1NDc4Q0M2MDhGQjE5RUJFAA==,919971201333,delivered,2025-05-27 14:27:51,,,,,,
2025-05-27 14:28:30,918929546200,725569473962618,wamid.HBgMOTE5OTcxNjM4MjMzFQIAERgSQTE5RjBENTk1NEJGMDdFNEI2AA==,919599050738,delivered,2025-05-27 14:28:30,,,,,,
2025-05-27 14:29:11,918929532648,724637984055655,wamid.HBgMOTE5ODk5OTY0MDc3FQIAERgSMkI2OEIwOUI4RENENjI5Q0RGAA==,917840004220,delivered,2025-05-27 14:29:11,,,,,,
2025-05-27 14:26:06,919205888736,650615708140466,wamid.HBgMOTE5OTcxOTkyMTg5FQIAERgSNDVCODIwRTc4RUFGMkNGNUU1AA==,919717716611,delivered,2025-05-27 14:26:06,,,,,,
2025-05-27 14:27:03,918929546200,725569473962618,wamid.HBgMOTE5MTIyODU5MzY3FQIAERgSQ0UwRTJEM0E0MkMyREZDQ0Y4AA==,919818998664,delivered,2025-05-27 14:27:03,,,,,,
2025-05-27 14:29:21,918929532648,724637984055655,wamid.HBgMOTE5NTE1NzMzNDIyFQIAERgSRDI3Rjg0RkRFQjNEMzc2RjI3AA==,919810038603,delivered,2025-05-27 14:29:21,,,,,,
2025-05-27 14:28:36,918929532648,724637984055655,wamid.HBgMOTE5NzE3NzI5MDA1FQIAERgSRThFMkUyQkQ3RjYzMTc0MDg2AA==,919599780283,delivered,2025-05-27 14:28:36,,,,,,
2025-05-27 14:26:27,918929532648,724637984055655,wamid.HBgMOTE4ODI0OTMyNDU4FQIAERgSNkY4QUVGOEVBNEE0MzY1QkE2AA==,919810827059,delivered,2025-05-27 14:26:27,,,,,,
2025-05-27 14:25:25,918929546200,725569473962618,wamid.HBgMOTE5ODcxMTI1MTE1FQIAERgSRkE5Q0I1QzQyRkZBQjA1MjdGAA==,919910499954,delivered,2025-05-27 14:25:25,,,,,,
2025-05-27 14:28:41,918929532648,724637984055655,wamid.HBgMOTE5NTQwNTk3NzcwFQIAERgSMTE4QzE3RTQyNTI2NkVCNkI5AA==,918826392817,delivered,2025-05-27 14:28:41,,,,,,
2025-05-27 14:27:42,918929546200,725569473962618,wamid.HBgMOTE4NTg2OTMzMzc4FQIAERgSNjZEN0E5Mzk1MTgwN0I5ODQ4AA==,919810119109,delivered,2025-05-27 14:27:42,,,,,,
2025-05-27 14:29:13,918929532648,724637984055655,wamid.HBgMOTE5OTk5ODE2NjY4FQIAERgSMDNERkI1QUExOEM2MUY4N0U5AA==,919810502489,delivered,2025-05-27 14:29:13,,,,,,
2025-05-27 14:29:47,919205888736,650615708140466,wamid.HBgMOTE4MzQwMzIyNDU1FQIAERgSODU2RDlDM0FBRDNCMjBDQ0U0AA==,919810309891,delivered,2025-05-27 14:29:47,,,,,,
2025-05-27 14:28:46,919205888736,650615708140466,wamid.HBgMOTE2MjA1MTU2Mzg3FQIAERgSQzZCMTJGNURBQUZGOTM5REEyAA==,918527292297,delivered,2025-05-27 14:28:46,,,,,,
2025-05-27 14:30:03,919205888736,650615708140466,wamid.HBgMOTE5ODczMzEwMTM2FQIAERgSRjA2MDMzMzM2NDk0OTgyNjBFAA==,919871860808,delivered,2025-05-27 14:30:03,,,,,,
2025-05-27 14:29:15,918929546200,725569473962618,wamid.HBgMOTE5ODE4NDAwNzEyFQIAERgSNkM2OTRFMEY4QUQ2MDQyRjYwAA==,917042601263,delivered,2025-05-27 14:29:15,,,,,,
2025-05-27 14:30:01,918929532648,724637984055655,wamid.HBgMOTE5ODk5MTQ2MTcxFQIAERgSNjlBM0M1Rjg5QzNCODNCQ0NFAA==,919818245522,delivered,2025-05-27 14:30:01,,,,,,
2025-05-27 14:26:42,918929546200,725569473962618,wamid.HBgMOTE5ODEwMTEwNTA1FQIAERgSQkJGQTU3RDlEQ0ZFMkJFOTdGAA==,919910391657,delivered,2025-05-27 14:26:42,,,,,,
2025-05-27 14:26:03,918929546200,725569473962618,wamid.HBgMOTE5NjgyMzI1MzQ0FQIAERgSQTVCODY4NTYxMjlDNzUzMUZGAA==,919810976107,delivered,2025-05-27 14:26:03,,,,,,
2025-05-27 14:27:49,918929546200,725569473962618,wamid.HBgMOTE3Njc4NDE1NTY5FQIAERgSQjZFOEMyRUU2MjY0MjNBRDM2AA==,919810328000,delivered,2025-05-27 14:27:49,,,,,,
2025-05-27 14:30:03,918929546200,725569473962618,wamid.HBgMOTE5OTEwMDAwMzI0FQIAERgSRTdCMTY0MzNCN0YwM0VFMjNGAA==,919717889718,delivered,2025-05-27 14:30:03,,,,,,
2025-05-27 14:29:43,919205888736,650615708140466,wamid.HBgMOTE5NTgyNjQ2OTQzFQIAERgSNjkzRTMzMTM5NUNBRjExODBDAA==,919910270797,delivered,2025-05-27 14:29:43,,,,,,
2025-05-27 14:28:31,918929532648,724637984055655,wamid.HBgMOTE5ODEwMjM3OTQzFQIAERgSMTRGNTJGNzA0NUY2NURBMEU5AA==,919212739125,delivered,2025-05-27 14:28:31,,,,,,
2025-05-27 14:29:06,918929546200,725569473962618,wamid.HBgMOTE5NjU0NTQyNDkwFQIAERgSQjBFMDM5RTkxRTdFRkM5NUVDAA==,919810609921,delivered,2025-05-27 14:29:06,,,,,,
2025-05-27 14:26:00,918929532648,724637984055655,wamid.HBgMOTE3MDA0MTAzMTc0FQIAERgSQjE1NTAwMEUxOTNEMTlFNzlEAA==,919871798506,delivered,2025-05-27 14:26:00,,,,,,
2025-05-27 14:26:06,919205888736,650615708140466,wamid.HBgMOTE3MjE3ODg5MzkxFQIAERgSNzM2NkM2OUEwQTNBNTI2RTBEAA==,917042316444,delivered,2025-05-27 14:26:06,,,,,,
2025-05-27 14:27:10,918929532648,724637984055655,wamid.HBgMOTE5NzE3NzU5OTgwFQIAERgSOTAwMzFGMjcyNEQ2NTMyNTNCAA==,919810230503,delivered,2025-05-27 14:27:10,,,,,,
2025-05-27 14:26:29,918929546200,725569473962618,wamid.HBgMOTE5NTYwNzIyNTc2FQIAERgSNjRFMEQzNjJDQTUxN0I3Q0JFAA==,919810152138,delivered,2025-05-27 14:26:29,,,,,,
2025-05-27 14:28:00,918929532648,724637984055655,wamid.HBgMOTE3OTgyNjMwNTA4FQIAERgSNUNGQzZDNzU5RDYzMUY1OTIyAA==,918882920542,delivered,2025-05-27 14:28:00,,,,,,
2025-05-27 14:26:18,918929532648,724637984055655,wamid.HBgMOTE4NTI3NDAxNjYwFQIAERgSODZBRTdGMjkwQTlFOTI1RjY2AA==,918800290620,delivered,2025-05-27 14:26:18,,,,,,
2025-05-27 14:29:11,918929546200,725569473962618,wamid.HBgMOTE4Njg1ODA5MjIxFQIAERgSODM1RjZDNjk5OTgyODUxNzg4AA==,919910016247,delivered,2025-05-27 14:29:11,,,,,,
2025-05-27 14:30:17,919205888736,650615708140466,wamid.HBgMOTE4ODY1MDM0NzExFQIAERgSOERGQ0YxNUFGRDBENjYwNDBEAA==,919810608678,delivered,2025-05-27 14:30:17,,,,,,
2025-05-27 14:29:37,919205888736,650615708140466,wamid.HBgMOTE5OTU4MzkzNzY5FQIAERgSRTYyN0VBNTk1QzE3Q0RFMjU1AA==,919958009948,delivered,2025-05-27 14:29:37,,,,,,
2025-05-27 14:28:12,918929546200,725569473962618,wamid.HBgMOTE3Mzc3Nzg4ODg4FQIAERgSQ0RDQTVGNTgyNThCNkU0MDM0AA==,919910177767,delivered,2025-05-27 14:28:12,,,,,,
2025-05-27 14:27:01,919205888736,650615708140466,wamid.HBgMOTE5MTQ5MDc5MjUwFQIAERgSNDc4NUIyMzVCNTMxMDkzNUU3AA==,917042495121,delivered,2025-05-27 14:27:01,,,,,,
2025-05-27 14:28:20,918929532648,724637984055655,wamid.HBgMOTE5ODg4NzY3OTA4FQIAERgSQjhFNDc4QkMyM0RENUM4REE1AA==,919599780307,delivered,2025-05-27 14:28:20,,,,,,
2025-05-27 14:25:42,918929532648,724637984055655,wamid.HBgMOTE5NzExNjYyMjA0FQIAERgSREU0Rjg5MDNGQzI4QzI2OUVCAA==,919818673582,delivered,2025-05-27 14:25:42,,,,,,
2025-05-27 14:29:30,918929546200,725569473962618,wamid.HBgMOTE3NzE4ODI4NTIwFQIAERgSN0JFNjdCM0FBODUxRkZFODUzAA==,919910170411,delivered,2025-05-27 14:29:30,,,,,,
2025-05-27 14:27:14,919205888736,650615708140466,wamid.HBgMOTE5ODEwNzA3OTgzFQIAERgSNDI4NTNCQjcyQjlGQUZFRkIzAA==,919810065543,delivered,2025-05-27 14:27:14,,,,,,
2025-05-27 14:28:44,918929546200,725569473962618,wamid.HBgMOTE5ODcxOTY4MzA1FQIAERgSRUY0Mjc0OUJFMEQ2N0Q0NDI5AA==,919971922008,delivered,2025-05-27 14:28:44,,,,,,
2025-05-27 14:27:50,919205888736,650615708140466,wamid.HBgMOTE4MzczOTMxMDYyFQIAERgSNUY0ODUyNjAyQjk1REYxREQwAA==,919871144311,delivered,2025-05-27 14:27:50,,,,,,
2025-05-27 14:27:28,918929532648,724637984055655,wamid.HBgMOTE3MzAzMzk5MzQwFQIAERgSNjE5OTY5NjREOTkwMjZGQzMyAA==,919818679688,delivered,2025-05-27 14:27:28,,,,,,
2025-05-27 14:29:09,918929532648,724637984055655,wamid.HBgMOTE2MzgxODcwNzg5FQIAERgSNTFDMzlGOEQ3QTUzMjZFMEVFAA==,919810312492,delivered,2025-05-27 14:29:09,,,,,,
2025-05-27 14:26:57,918929546200,725569473962618,wamid.HBgMOTE5ODEwMzQ3OTIxFQIAERgSODI3NTQzQzczNzg0MjAzMTM4AA==,917042090088,delivered,2025-05-27 14:26:57,,,,,,
2025-05-27 14:28:58,918929546200,725569473962618,wamid.HBgMOTE5ODExNjQyNTYyFQIAERgSQ0MzMEI5OEM1ODc3Nzc4Mzc3AA==,918800338895,delivered,2025-05-27 14:28:58,,,,,,
2025-05-27 14:30:10,919873744492,657469204124096,wamid.HBgMOTE5NzExMzQwNTA1FQIAERgSMDlGNzBEQkNEQkRCOTcxQkE2AA==,919599289531,delivered,2025-05-27 14:30:10,,,,,,
2025-05-27 14:26:58,919205888736,650615708140466,wamid.HBgMOTE5NjQ5MTM2ODM1FQIAERgSNTU0QzUxRjY0NEUzNDk2MTY0AA==,919871163063,delivered,2025-05-27 14:26:58,,,,,,
2025-05-27 14:27:36,918929546200,725569473962618,wamid.HBgMOTE5NzExNjE4MDgwFQIAERgSQzA3NkY3RTNGNzc0N0JEMDgyAA==,919871552024,delivered,2025-05-27 14:27:36,,,,,,
2025-05-27 14:29:53,918929546200,725569473962618,wamid.HBgMOTE5OTU4MDM2NjM2FQIAERgSREIzN0I2MjZGNDBEOTM5REZFAA==,919599489332,delivered,2025-05-27 14:29:53,,,,,,
2025-05-27 14:27:04,919205888736,650615708140466,wamid.HBgMOTE3MDE1OTc0Njg0FQIAERgSNDdDRDlEMTc0Q0U4Nzg4QURCAA==,919818697696,delivered,2025-05-27 14:27:04,,,,,,
2025-05-27 14:29:57,918929546200,725569473962618,wamid.HBgMOTE4MTc4MDkzNjc1FQIAERgSNzcxMjQzRTRCMjlBRTFGQzc4AA==,919599816418,delivered,2025-05-27 14:29:57,,,,,,
2025-05-27 14:25:31,919205888736,650615708140466,wamid.HBgMOTE3MDE1OTc0Njg0FQIAERgSRUU0OTNBNzlENzI2RTI2REI2AA==,919810411000,delivered,2025-05-27 14:25:31,,,,,,
2025-05-27 14:27:34,918929532648,724637984055655,wamid.HBgMOTE3ODM4OTk5NDg0FQIAERgSREUzMzcxM0VFRjczMzg1NzI1AA==,919871313644,delivered,2025-05-27 14:27:34,,,,,,
2025-05-27 14:27:38,918929546200,725569473962618,wamid.HBgMOTE3ODkzNjY2MzE1FQIAERgSMERCQjEzNjk0OTM3RTNCREIwAA==,919818669065,delivered,2025-05-27 14:27:38,,,,,,
2025-05-27 14:27:35,918929546200,725569473962618,wamid.HBgMOTE4NjAwMTQxODU4FQIAERgSN0ZGMjYyMUEyRDdDRTM1MkEyAA==,919810704824,delivered,2025-05-27 14:27:35,,,,,,
2025-05-27 14:28:05,919205888736,650615708140466,wamid.HBgMOTE5NzExMTc5OTc5FQIAERgSRjczMTJCM0ZEMjQ4MTdCOTFBAA==,918130183693,delivered,2025-05-27 14:28:05,,,,,,
2025-05-27 14:30:03,919205888736,650615708140466,wamid.HBgMOTE4NzQzODEyODAwFQIAERgSQ0E4MTg3REJFNDE2NTVFRkQ3AA==,919818774747,delivered,2025-05-27 14:30:03,,,,,,
2025-05-27 14:28:31,918929546200,725569473962618,wamid.HBgMOTE4NzAwMjkyNjY0FQIAERgSMzk5NzVENDMxNDAwNzFDNTNEAA==,919810136659,delivered,2025-05-27 14:28:31,,,,,,
2025-05-27 14:26:10,918929532648,724637984055655,wamid.HBgMOTE5ODEwNjk5NjY1FQIAERgSNDhFODIyODQ3QTQ1RENDMkI5AA==,919910488072,delivered,2025-05-27 14:26:10,,,,,,
2025-05-27 14:27:47,918929532648,724637984055655,wamid.HBgMOTE5OTU4NzI0NDQyFQIAERgSQ0E3NEYxNzY3QjIyQ0RDMkRGAA==,919818659151,delivered,2025-05-27 14:27:47,,,,,,
2025-05-27 14:27:32,918929532648,724637984055655,wamid.HBgMOTE4OTI5NzQ2ODIxFQIAERgSNjcwNTg0RkNCOEY1OTVGMDMxAA==,919810920200,delivered,2025-05-27 14:27:32,,,,,,
2025-05-27 14:28:35,918929532648,724637984055655,wamid.HBgMOTE4NjkwODc3MTk5FQIAERgSQ0I1M0RBMEFFRkMxMUVERDVDAA==,919971490678,delivered,2025-05-27 14:28:35,,,,,,
2025-05-27 14:25:32,919205888736,650615708140466,wamid.HBgMOTE5NzE3OTgzMzU4FQIAERgSMjZGMjI4NTc0REE1RkYxQTJBAA==,918010274676,delivered,2025-05-27 14:25:32,,,,,,
2025-05-27 14:28:45,919205888736,650615708140466,wamid.HBgMOTE5NjY3Nzc4MzA5FQIAERgSRTU0MjBGMUEwMkMwMTUxNzFCAA==,919818010618,delivered,2025-05-27 14:28:45,,,,,,
2025-05-27 14:26:47,918929532648,724637984055655,wamid.HBgMOTE5NzE3NzU5OTgwFQIAERgSQzQ5MTNEMThBMTRGREMxMEUyAA==,919818489914,delivered,2025-05-27 14:26:47,,,,,,
2025-05-27 14:28:59,918929546200,725569473962618,wamid.HBgMOTE4MDU5NTg5MjYwFQIAERgSNTc1NEYyNDNCMDA5Q0EzNjMzAA==,919910236525,delivered,2025-05-27 14:28:59,,,,,,
2025-05-27 14:26:16,918929532648,724637984055655,wamid.HBgMOTE3OTcyNjI0MzA0FQIAERgSRjJDNUMwMDk4NUZFODdGRUIxAA==,919650002751,delivered,2025-05-27 14:26:16,,,,,,
2025-05-27 14:26:05,918929546200,725569473962618,wamid.HBgMOTE4OTI4MjE3ODk0FQIAERgSMTk0MTgwMjUxODRGNTQ2MUE2AA==,919910064512,delivered,2025-05-27 14:26:05,,,,,,
