Date,display_phone_number,phone_number_id,waba_id,contact_wa_id,new_status,message_timestamp,error_code,error_message,contact_name,message_from,message_type,message_body
2025-05-28 16:50:35,919990493933,604345419439317,wamid.HBgMOTE4MDU3ODA4MDMxFQIAERgSNEYzNTI1RkVENjgwRDVBQTY0AA==,918057808031,failed,1748431234,131049,This message was not delivered to maintain healthy ecosystem engagement.,,,,
2025-05-28 16:52:48,919990493933,604345419439317,wamid.HBgMOTE4ODAwMTM0MDM0FQIAERgSNTAzMDExNzMxMTBEMzAyNEVEAA==,918800134034,delivered,1748431368,,,,,,
2025-05-28 17:10:11,919990493933,604345419439317,wamid.HBgMOTE5MDkzMTYwMzg3FQIAERgSRjZCM0FBRDI4Qzk3QzYwQzMxAA==,919093160387,delivered,1748432410,,,,,,
2025-05-28 16:50:35,919990493933,604345419439317,wamid.HBgMOTE5MTA4NDYwNDk0FQIAERgSOTUxM0U5Q0FFMjkzMEIxMzkyAA==,919108460494,failed,1748431234,131049,This message was not delivered to maintain healthy ecosystem engagement.,,,,
2025-05-28 16:50:35,919990493933,604345419439317,wamid.HBgMOTE5NzExNDg5NDk5FQIAERgSMEYxMjJBQjQ1RDA4M0YzNUY4AA==,919711489499,failed,1748431234,131049,This message was not delivered to maintain healthy ecosystem engagement.,,,,
2025-05-28 16:50:35,919990493933,604345419439317,wamid.HBgMOTE5ODcxNjY0OTMzFQIAERgSQTFDODg5QTVGODE2MjE0RUQ1AA==,919871664933,failed,1748431234,131049,This message was not delivered to maintain healthy ecosystem engagement.,,,,
2025-05-28 16:50:36,919990493933,604345419439317,wamid.HBgMOTE5ODczNDYyODA2FQIAERgSODk2QjE0ODhFNUYwMTMyOERCAA==,919873462806,failed,1748431235,131049,This message was not delivered to maintain healthy ecosystem engagement.,,,,
2025-05-28 16:51:37,919990493933,604345419439317,wamid.HBgMOTE5ODkxOTE5ODM0FQIAERgSMzBGNkRFMDI2RkVGRjJEMjlBAA==,919891919834,delivered,1748431296,,,,,,
2025-05-28 16:50:35,919990493933,604345419439317,wamid.HBgMOTE5OTUzODUwNTI3FQIAERgSNzE4MkFCOUM5NDRFNjczQ0U0AA==,919953850527,failed,1748431234,131049,This message was not delivered to maintain healthy ecosystem engagement.,,,,
