Date,display_phone_number,phone_number_id,waba_id,contact_wa_id,new_status,message_timestamp,error_code,error_message,contact_name,message_from,message_type,message_body
2025-06-04 18:11:27,919990493933,604345419439317,wamid.HBgMOTE4MDU3ODA4MDMxFQIAERgSQUMxMkQ4NDQ3OEI3NzhGMjlBAA==,918057808031,failed,1749032545,131049,This message was not delivered to maintain healthy ecosystem engagement.,,,,
2025-06-04 19:38:28,919990493933,604345419439317,wamid.HBgMOTE4MDc2NTc0OTU0FQIAERgSRDFCODUzQjNFMUM1MjIxMzFCAA==,918076574954,failed,1749032545,131026,Message undeliverable,,,,
2025-06-04 18:02:54,919990493933,604345419439317,wamid.HBgMOTE4MTc4MDAyOTY0FQIAERgSQkNCNzk5MDE3MjAzQkJGN0I4AA==,918178002964,failed,1749032545,131048,Spam Rate limit hit,,,,
2025-06-04 20:02:54,919990493933,604345419439317,wamid.HBgMOTE4ODAwMTM0MDM0FQIAERgSNDI5RjQ1NEJBOUJGNEUxMjg4AA==,918800134034,failed,1749032545,131048,Spam Rate limit hit,,,,
2025-06-04 16:49:23,919990493933,604345419439317,wamid.HBgMOTE4ODAwMjA2MDkxFQIAERgSMDY5RDMzRTg1QTRCRjQ2RUE5AA==,918800206091,failed,1749032546,131048,Spam Rate limit hit,,,,
2025-06-04 20:18:13,919990493933,604345419439317,wamid.HBgMOTE4ODYwMzgzNjY1FQIAERgSQUQ1QTQzMDA4RDFGMUVFRjA1AA==,918860383665,failed,1749032545,131048,Spam Rate limit hit,,,,
2025-06-04 18:28:33,919990493933,604345419439317,wamid.HBgMOTE5MDkzMTYwMzg3FQIAERgSQTYxMzdERUZDRTlDMDRGOUJBAA==,919093160387,failed,1749032545,131049,This message was not delivered to maintain healthy ecosystem engagement.,,,,
2025-06-04 17:27:44,919990493933,604345419439317,wamid.HBgMOTE5MjEzMTM2MzU3FQIAERgSRjlFNTgxNDFFRUE4NDYwRThBAA==,919213136357,failed,1749032545,131048,Spam Rate limit hit,,,,
2025-06-04 18:18:15,919990493933,604345419439317,wamid.HBgMOTE5NTYwMDMwMjYyFQIAERgSNDkwNzBCNDc1RDEwNjk5MEUwAA==,919560030262,failed,1749032545,131048,Spam Rate limit hit,,,,
2025-06-04 19:36:34,919990493933,604345419439317,wamid.HBgMOTE5NTYwNDMzMDYzFQIAERgSQTJEN0EwQjE5QzkyNTZERERCAA==,919560433063,failed,1749032545,131048,Spam Rate limit hit,,,,
2025-06-04 17:29:45,919990493933,604345419439317,wamid.HBgMOTE5NjQzNDY2NzgwFQIAERgSRDlENjI5QjAwM0YzNUU4NUU2AA==,919643466780,failed,1749032546,131048,Spam Rate limit hit,,,,
2025-06-05 19:24:30,919990493933,604345419439317,wamid.HBgMOTE5NjUwNzQ3NDYwFQIAERgSMUVFRDFERjMwODQ3QTEzQUJGAA==,919650747460,failed,1749032546,131049,This message was not delivered to maintain healthy ecosystem engagement.,,,,
2025-06-04 16:52:25,919990493933,604345419439317,wamid.HBgMOTE5NjU0NDMxMjE4FQIAERgSRjRGNzAzMTQ5RjkxM0VCNEE0AA==,919654431218,failed,1749032545,131048,Spam Rate limit hit,,,,
2025-06-05 02:39:58,919990493933,604345419439317,wamid.HBgMOTE5NzExNDg5NDk5FQIAERgSQzBCOURDOTRCRTFDNzRCMUE4AA==,919711489499,failed,1749032545,131049,This message was not delivered to maintain healthy ecosystem engagement.,,,,
2025-06-05 19:41:13,919990493933,604345419439317,wamid.HBgMOTE5ODcxNjY0OTMzFQIAERgSNzcxNEQxMUQxRUIzNkEyQUUzAA==,919871664933,failed,1749032545,131049,This message was not delivered to maintain healthy ecosystem engagement.,,,,
2025-06-05 16:54:42,919990493933,604345419439317,wamid.HBgMOTE5ODcxNjk0NTkzFQIAERgSNUE0QzI5NzhBNTBCMEIzREUwAA==,919871694593,failed,1749032545,131048,Spam Rate limit hit,,,,
2025-06-04 19:40:34,919990493933,604345419439317,wamid.HBgMOTE5ODczMTA3OTg2FQIAERgSQ0UxNzVGODE2MEQwOUNCMzNGAA==,919873107986,failed,1749032545,131048,Spam Rate limit hit,,,,
2025-06-05 19:30:42,919990493933,604345419439317,wamid.HBgMOTE5ODczNDYyODA2FQIAERgSNDNEQTMwQkQzQjIxNjVDOTk3AA==,919873462806,delivered,1749033968,,,,,,
2025-06-04 19:45:56,919990493933,604345419439317,wamid.HBgMOTE5ODk5MTU3NTYzFQIAERgSQjMyNTdBMDQzNUZFMTc3MUQ3AA==,919899157563,failed,1749032545,131048,Spam Rate limit hit,,,,
2025-06-04 18:53:13,919990493933,604345419439317,wamid.HBgMOTE5ODk5Mjg0ODA1FQIAERgSNEExNDJFODRBMEI2NTk0QjVBAA==,919899284805,failed,1749032546,131048,Spam Rate limit hit,,,,
2025-06-04 18:38:24,919990493933,604345419439317,wamid.HBgMOTE5ODk5NzE1OTAyFQIAERgSQzkyMzExNDVDNDI1ODk1RTFEAA==,919899715902,failed,1749032545,130472,User's number is part of an experiment,,,,
2025-06-04 18:08:28,919990493933,604345419439317,wamid.HBgMOTE5OTEwMTU3OTAyFQIAERgSNzcwMDY3RDdEOERFMDhFMTFCAA==,919910157902,failed,1749032545,131026,Message undeliverable,,,,
2025-06-04 15:52:45,919990493933,604345419439317,wamid.HBgMOTE5OTUzODUwNTI3FQIAERgSRDRDREQxRENDRTI2RURCQUI3AA==,919953850527,failed,1749032545,131049,This message was not delivered to maintain healthy ecosystem engagement.,,,,
2025-06-04 15:52:44,919990493933,604345419439317,wamid.HBgMOTE5OTkwMjE4MDI4FQIAERgSQzcyQkE2RUZDMzg2REFENDlGAA==,919990218028,failed,1749032545,131048,Spam Rate limit hit,,,,
2025-06-04 15:57:14,918929546200,725569473962618,wamid.HBgMOTE5OTk5ODcwNTY0FQIAERgSODAzQTQ2ODE2Njk4REYxMDk5AA==,919313891660,delivered,2025-06-04 15:57:14,,,,,,
2025-06-04 15:52:55,919205888736,650615708140466,wamid.HBgMOTE5OTcxODc5NjQxFQIAERgSRDdENEUyQjJFMDQxMDRENUM5AA==,918130402593,delivered,2025-06-04 15:52:55,,,,,,
2025-06-04 15:54:33,918929546200,725569473962618,wamid.HBgMOTE5ODczNDQyNDY0FQIAERgSNEU1NTZERDYxRjNDNjAxMjk4AA==,919953324785,delivered,2025-06-04 15:54:33,,,,,,
2025-06-04 15:54:44,918929532648,724637984055655,wamid.HBgMOTE5ODEwNDAyMzQ1FQIAERgSQkFBMjBGQ0JBODNCRDFFNDI3AA==,918076345273,delivered,2025-06-04 15:54:44,,,,,,
2025-06-04 15:56:51,919205888736,650615708140466,wamid.HBgMOTE4ODgyMDgyNDg5FQIAERgSRDMzMTI4OEM0QkJBRENDRkYzAA==,918882746162,delivered,2025-06-04 15:56:51,,,,,,
2025-06-04 15:56:00,919205888736,650615708140466,wamid.HBgMOTE4MzA3ODQxODk4FQIAERgSNEY3NjAwREMzREYxM0YyMDQyAA==,917840025569,delivered,2025-06-04 15:56:00,,,,,,
2025-06-04 15:53:22,918929546200,725569473962618,wamid.HBgMOTE4ODAwNTUyOTU4FQIAERgSNjY4MTFBNDMzMUE1Q0M2OERBAA==,918800865223,delivered,2025-06-04 15:53:22,,,,,,
2025-06-04 15:55:00,918929546200,725569473962618,wamid.HBgMOTE5OTI3MDEzMDAwFQIAERgSOEI4Q0Y0Nzc4MEY2NjFEMjdDAA==,919810314225,delivered,2025-06-04 15:55:00,,,,,,
2025-06-04 15:56:55,918929532648,724637984055655,wamid.HBgMOTE4ODcxMjI3NDM2FQIAERgSNUY4NjAzOTgxMTJBRTY2QjAwAA==,919899521585,delivered,2025-06-04 15:56:55,,,,,,
