Date,display_phone_number,phone_number_id,waba_id,contact_wa_id,new_status,message_timestamp,error_code,error_message,contact_name,message_from,message_type,message_body
2025-05-28 11:24:09,918929546200,725569473962618,wamid.HBgMOTE5NjUwNjcxNjUzFQIAERgSMzE4QzZGQTVFQkMyRjBBRUI2AA==,919093160387,delivered,2025-05-28 11:24:09,,,,,,
2025-05-28 11:23:47,919205888736,650615708140466,wamid.HBgMOTE4NzQzODEyODAwFQIAERgSRjAzNjZGNzk3NDJFRTIyNDgzAA==,919108460494,delivered,2025-05-28 11:23:47,,,,,,
2025-05-28 11:27:01,918929546200,725569473962618,wamid.HBgMOTE4Nzc5OTAyODI5FQIAERgSQjA5MEMzNjU1MUIxNDdBQTY4AA==,919891919834,delivered,2025-05-28 11:27:01,,,,,,
2025-05-28 11:27:52,919205888736,650615708140466,wamid.HBgMOTE4Mjk1NjAyNzY2FQIAERgSRjMxMDhBMDdGQTAyMzREQkYwAA==,919871664933,delivered,2025-05-28 11:27:52,,,,,,
2025-05-28 11:28:28,918929546200,725569473962618,wamid.HBgMOTE5OTI3MDEzMDAwFQIAERgSOEI4Q0Y0Nzc4MEY2NjFEMjdDAA==,919953850527,delivered,2025-05-28 11:28:28,,,,,,
2025-05-28 11:27:07,919205888736,650615708140466,wamid.HBgMOTE5NjMwNTQ4OTYzFQIAERgSMzg3NENGN0Y1MUI1NTg0QjI4AA==,917667240109,delivered,2025-05-28 11:27:07,,,,,,
2025-05-28 11:25:25,919205888736,650615708140466,wamid.HBgMOTE3OTg1NzEyNDc4FQIAERgSMDE3QUMzQjQ4OThCRTc3MTI3AA==,918800134034,delivered,2025-05-28 11:25:25,,,,,,
2025-05-28 11:28:23,918929532648,724637984055655,wamid.HBgMOTE5NDU0NjM2MDk1FQIAERgSQzI5NjBCMkZGMjUzRjlFMzgzAA==,919711489499,delivered,2025-05-28 11:28:23,,,,,,
2025-05-28 11:25:37,919205888736,650615708140466,wamid.HBgMOTE3ODk2MDExOTU2FQIAERgSNDI4OTIzRTI1ODJBNjA2QTEwAA==,919873462806,delivered,2025-05-28 11:25:37,,,,,,
2025-05-28 11:24:29,918929532648,724637984055655,wamid.HBgMOTE5ODEwMTY5MzY3FQIAERgSOEJCMDBGQjg2QTZGQ0E3REM2AA==,918057808031,delivered,2025-05-28 11:24:29,,,,,,
