Date,display_phone_number,phone_number_id,waba_id,contact_wa_id,new_status,message_timestamp,error_code,error_message,contact_name,message_from,message_type,message_body
2025-05-28 16:53:40,919990493933,604345419439317,wamid.HBgMOTE4MDU3ODA4MDMxFQIAERgSRTMyNUI1QTU0NDk0MzJDMkI2AA==,918057808031,failed,1748431419,131049,This message was not delivered to maintain healthy ecosystem engagement.,,,,
2025-05-28 16:53:40,919990493933,604345419439317,wamid.HBgMOTE4ODAwMTM0MDM0FQIAERgSOUE1OTM0OUE3MkU1NDM5RjkxAA==,918800134034,failed,1748431419,131049,This message was not delivered to maintain healthy ecosystem engagement.,,,,
2025-05-28 16:53:40,919990493933,604345419439317,wamid.HBgMOTE5MDkzMTYwMzg3FQIAERgSMEY3NjEwQTdBNTA2QjFDODhBAA==,919093160387,failed,1748431419,131049,This message was not delivered to maintain healthy ecosystem engagement.,,,,
2025-05-28 16:53:40,919990493933,604345419439317,wamid.HBgMOTE5MTA4NDYwNDk0FQIAERgSRUFGODIxOTM2MjkzMDVCNTdEAA==,919108460494,failed,1748431419,131049,This message was not delivered to maintain healthy ecosystem engagement.,,,,
2025-05-28 16:53:40,919990493933,604345419439317,wamid.HBgMOTE5NzExNDg5NDk5FQIAERgSRTU4QjJCMjgyQjc2MzI1MEY1AA==,919711489499,failed,1748431419,131049,This message was not delivered to maintain healthy ecosystem engagement.,,,,
2025-05-28 16:53:40,919990493933,604345419439317,wamid.HBgMOTE5ODcxNjY0OTMzFQIAERgSRDM1MzY0NjZDMkY2OTczNzJBAA==,919871664933,failed,1748431419,131049,This message was not delivered to maintain healthy ecosystem engagement.,,,,
2025-05-28 16:53:40,919990493933,604345419439317,wamid.HBgMOTE5ODczNDYyODA2FQIAERgSMEM0NEFGQ0Q2MDNGMjFFNkYwAA==,919873462806,failed,1748431419,131049,This message was not delivered to maintain healthy ecosystem engagement.,,,,
2025-05-28 16:53:41,919990493933,604345419439317,wamid.HBgMOTE5ODkxOTE5ODM0FQIAERgSMjlCQ0Y0RDk2OUNBQTNBNEY2AA==,919891919834,delivered,1748431420,,,,,,
2025-05-28 16:53:40,919990493933,604345419439317,wamid.HBgMOTE5OTUzODUwNTI3FQIAERgSM0VCRkM5OTg0MjE5RjM2MkZGAA==,919953850527,failed,1748431419,131049,This message was not delivered to maintain healthy ecosystem engagement.,,,,
