Date,display_phone_number,phone_number_id,waba_id,contact_wa_id,new_status,message_timestamp,error_code,error_message,contact_name,message_from,message_type,message_body
2025-07-09 17:04:03,918929546200,725569473962618,wamid.HBgMOTE5NjgyNjEwNTIyFQIAERgSODM2RjhCRkQ3RUJBM0FGQTIxAA==,919818398553,delivered,2025-07-09 17:04:03,,,,,,
2025-07-09 17:07:09,918929532648,724637984055655,wamid.HBgMOTE4NDQ1MTcyMzk3FQIAERgSMEM1NkY1MjdCMzEwRkNFMTJDAA==,919811892329,delivered,2025-07-09 17:07:09,,,,,,
2025-07-09 17:03:31,918929546200,725569473962618,wamid.HBgMOTE5NzExNDA0Njk2FQIAERgSOEM5QTU4M0M1ODZCNEIwREZFAA==,919810873186,delivered,2025-07-09 17:03:31,,,,,,
2025-07-09 17:03:33,918929532648,724637984055655,wamid.HBgMOTE5MzA2MDI4MDExFQIAERgSMzE3OTdCQjVFREJBRjY1OUQwAA==,919711570791,delivered,2025-07-09 17:03:33,,,,,,
2025-07-09 17:07:38,918929546200,725569473962618,wamid.HBgMOTE4MjkwNDk4OTc5FQIAERgSMUMxRUY0ODE2NTg2M0MzMUU0AA==,919810914417,delivered,2025-07-09 17:07:38,,,,,,
2025-07-09 17:07:12,919205888736,650615708140466,wamid.HBgMOTE4Mjg1NTU5MzE4FQIAERgSQkMyRjYwRkQxMjNCMTlCNzI5AA==,919811456942,delivered,2025-07-09 17:07:12,,,,,,
2025-07-09 17:06:21,918929532648,724637984055655,wamid.HBgMOTE4MTMwNTEyMzM1FQIAERgSMkJEQzIyRkY2RjE2MUU3MkVDAA==,919654984651,delivered,2025-07-09 17:06:21,,,,,,
2025-07-09 17:03:27,918929532648,724637984055655,wamid.HBgMOTE2MzgxODcwNzg5FQIAERgSNTFDMzlGOEQ3QTUzMjZFMEVFAA==,919718174031,delivered,2025-07-09 17:03:27,,,,,,
2025-07-09 17:04:19,918929546200,725569473962618,wamid.HBgMOTE4MDc2NzQzNzEyFQIAERgSREU2MjEwMTMxNjFBMThERTc3AA==,919582598005,delivered,2025-07-09 17:04:19,,,,,,
2025-07-09 17:04:35,918929546200,725569473962618,wamid.HBgMOTE3Njc4NDE1NTY5FQIAERgSMDc0MTA2N0IwNjkzQkI5NDkwAA==,919773912214,delivered,2025-07-09 17:04:35,,,,,,
2025-07-09 17:07:39,919205888736,650615708140466,wamid.HBgMOTE4ODczMDk2NTQ5FQIAERgSODc4OTlGMzgwN0YwRkNGMDExAA==,919680194768,delivered,2025-07-09 17:07:39,,,,,,
2025-07-09 17:07:05,918929532648,724637984055655,wamid.HBgMOTE5NzUzNjY4NDU2FQIAERgSN0E5N0IzM0RCNkU5Q0RBRDFGAA==,919811874684,delivered,2025-07-09 17:07:05,,,,,,
2025-07-09 17:04:12,919205888736,650615708140466,wamid.HBgMOTE5OTUzNjg0NzMzFQIAERgSQzJFMDcxOTc2MkNDMTQ3MkNEAA==,919711570088,delivered,2025-07-09 17:04:12,,,,,,
2025-07-09 17:06:08,918929627512,679864135212915,wamid.HBgMOTE4Mjg1MDU1MTc2FQIAERgSRTM2QkVFMjRDM0E0OUYxMzNCAA==,919818344484,delivered,2025-07-09 17:06:08,,,,,,
2025-07-09 17:06:06,919205888736,650615708140466,wamid.HBgMOTE3OTg1NzEyNDc4FQIAERgSMDE3QUMzQjQ4OThCRTc3MTI3AA==,919654242382,delivered,2025-07-09 17:06:06,,,,,,
2025-07-09 17:06:59,919205888736,650615708140466,wamid.HBgMOTE5ODEwOTk5NzU0FQIAERgSQjZFMEEyNzZDODM3RDUyNDdCAA==,919868920480,delivered,2025-07-09 17:06:59,,,,,,
2025-07-09 17:07:43,918929532648,724637984055655,wamid.HBgMOTE5OTUzODkyMjAyFQIAERgSODIzRkY1MzgzQUY2QTk1NzU1AA==,919810503201,delivered,2025-07-09 17:07:43,,,,,,
2025-07-09 17:05:47,918929546200,725569473962618,wamid.HBgMOTE4MTQ2MTk3ODc5FQIAERgSRTFDQzZBNkMyREEyQkM4QkQxAA==,919650450814,delivered,2025-07-09 17:05:47,,,,,,
2025-07-09 17:04:12,918929532648,724637984055655,wamid.HBgMOTE4ODYwMjAyMDAwFQIAERgSQUQ1NDIyQkZBOUZDMDY2Q0FGAA==,919811710145,delivered,2025-07-09 17:04:12,,,,,,
2025-07-09 17:05:38,918929532648,724637984055655,wamid.HBgMOTE3ODM4OTk5NDg0FQIAERgSREUzMzcxM0VFRjczMzg1NzI1AA==,919811586079,delivered,2025-07-09 17:05:38,,,,,,
2025-07-09 17:05:38,918929532648,724637984055655,wamid.HBgMOTE5ODkxMjI2OTE1FQIAERgSNzY3RTFCMUZCMjczQ0M4RDM5AA==,919718149304,delivered,2025-07-09 17:05:38,,,,,,
2025-07-09 17:04:04,918929546200,725569473962618,wamid.HBgMOTE5NjU0NjMxMzU1FQIAERgSQTg1M0MxQUM4MEQzRDU4QUU5AA==,919654750723,delivered,2025-07-09 17:04:04,,,,,,
2025-07-09 17:06:31,919205888736,650615708140466,wamid.HBgMOTE5ODk2MTgyNDg3FQIAERgSOUM4MDhENTNBNDUyQzVGNjY2AA==,919718929233,delivered,2025-07-09 17:06:31,,,,,,
2025-07-09 17:02:53,918929546200,725569473962618,wamid.HBgMOTE5ODk5ODg3NTkzFQIAERgSNjcyQ0I2REI1MTcyNUY2NThFAA==,919871211249,delivered,2025-07-09 17:02:53,,,,,,
2025-07-09 17:03:18,918929546200,725569473962618,wamid.HBgMOTE5NTk5MDM4NzQwFQIAERgSNjkyQzk4MzVGNEUxQTU1OUZFAA==,919871020558,delivered,2025-07-09 17:03:18,,,,,,
2025-07-09 17:02:56,918929546200,725569473962618,wamid.HBgMOTE5ODcxMTI1MTE1FQIAERgSRkE5Q0I1QzQyRkZBQjA1MjdGAA==,919810779709,delivered,2025-07-09 17:02:56,,,,,,
2025-07-09 17:04:31,918929546200,725569473962618,wamid.HBgMOTE5ODEwMzQ3OTIxFQIAERgSRDREODY1NTlDNkYxMzczNjQzAA==,919729505770,delivered,2025-07-09 17:04:31,,,,,,
2025-07-09 17:05:38,918929532648,724637984055655,wamid.HBgMOTE5ODEwMzQ3OTIxFQIAERgSNUY0QUY5MkIzRTE5NkRDNjM3AA==,919716583462,delivered,2025-07-09 17:05:38,,,,,,
2025-07-09 17:05:03,919873744492,657469204124096,wamid.HBgMOTE5NzExMzQwNTA1FQIAERgSMDlGNzBEQkNEQkRCOTcxQkE2AA==,919650240003,delivered,2025-07-09 17:05:03,,,,,,
2025-07-09 17:03:32,919205888736,650615708140466,wamid.HBgMOTE5ODgzNjczMTQzFQIAERgSRDM3RTEwOEMwQTVEOEJBNzUzAA==,919818861370,delivered,2025-07-09 17:03:32,,,,,,
2025-07-09 17:07:27,918929546200,725569473962618,wamid.HBgMOTE5ODExNzcyMjg5FQIAERgSRjZGNDg0NzIwQjNGODFBOEVEAA==,919856485622,delivered,2025-07-09 17:07:27,,,,,,
2025-07-09 17:02:52,918929532648,724637984055655,wamid.HBgMOTE5OTU4OTEwMjkyFQIAERgSRDc5Q0JBQzBBN0Y3NjFGMDNEAA==,919729029029,delivered,2025-07-09 17:02:52,,,,,,
2025-07-09 17:03:15,918929532648,724637984055655,wamid.HBgMOTE5NTY5ODA5MDEyFQIAERgSQUQ3RUFDMDIwNzkyOTc0QTY3AA==,919654755317,delivered,2025-07-09 17:03:15,,,,,,
2025-07-09 17:06:14,918929546200,725569473962618,wamid.HBgMOTE3ODM4MjQ1NDk0FQIAERgSQzMxOTlCRjNEQTRGMkI3NEQzAA==,919811049831,delivered,2025-07-09 17:06:14,,,,,,
2025-07-09 17:06:20,919205888736,650615708140466,wamid.HBgMOTE5NjQzMjMzNjQwFQIAERgSRDVENkEyNTg3QUE4MTE3M0ExAA==,919811361760,delivered,2025-07-09 17:06:20,,,,,,
2025-07-09 17:05:21,918929546200,725569473962618,wamid.HBgMOTE3NzE4ODI4NTIwFQIAERgSRDUzMzE4Qzg1RDJERjQ4RUQ2AA==,919811980239,delivered,2025-07-09 17:05:21,,,,,,
2025-07-09 17:03:32,918929532648,724637984055655,wamid.HBgMOTE5OTg1NDk1NjgwFQIAERgSNDRGM0Q5QzhEREFBNDFFRDhDAA==,919871047535,delivered,2025-07-09 17:03:32,,,,,,
2025-07-09 17:05:11,918929546200,725569473962618,wamid.HBgMOTE5ODE4NzE4NTE5FQIAERgSQjhBRTU0RjQ4MjE2RDA0QUY5AA==,919811083852,delivered,2025-07-09 17:05:11,,,,,,
2025-07-09 17:05:17,918929546200,725569473962618,wamid.HBgMOTE5MTIzODUyMTYzFQIAERgSM0ZDM0IxRTdCMTg2RTIxMEI2AA==,919811136921,delivered,2025-07-09 17:05:17,,,,,,
2025-07-09 17:06:58,918929546200,725569473962618,wamid.HBgMOTE5NTYwMjIyNzk3FQIAERgSNDc2OTA2RkVCNkY2Njg1RTlDAA==,919711050380,delivered,2025-07-09 17:06:58,,,,,,
2025-07-09 17:05:56,918929546200,725569473962618,wamid.HBgMOTE5ODIxOTkzOTY5FQIAERgSOTQyNUUyRDczMDZCQUJBODQ5AA==,919717968886,delivered,2025-07-09 17:05:56,,,,,,
2025-07-09 17:07:24,918929546200,725569473962618,wamid.HBgMOTE5ODczNDQyNDY0FQIAERgSMEJCMTFGRDgwRjQ2NTU2QjU5AA==,919818162050,delivered,2025-07-09 17:07:24,,,,,,
2025-07-09 17:07:09,919205888736,650615708140466,wamid.HBgMOTE4MTQ2MzY2MjA4FQIAERgSRTI5MTk3N0FFOUU3MEZFMkNFAA==,919654707389,delivered,2025-07-09 17:07:09,,,,,,
2025-07-09 17:06:48,918929546200,725569473962618,wamid.HBgMOTE5ODczNDQyNDY0FQIAERgSNkQ2MTM2REM1OTc2MTk0NUFBAA==,919818180525,delivered,2025-07-09 17:06:48,,,,,,
2025-07-09 17:04:41,918929546200,725569473962618,wamid.HBgMOTE4ODc5ODAwNDA0FQIAERgSNjBFMEQyMjMzNjc2RDM1QzYzAA==,919873111092,delivered,2025-07-09 17:04:41,,,,,,
2025-07-09 17:06:02,919205888736,650615708140466,wamid.HBgMOTE5NTY4NDIyODUzFQIAERgSMTNCQUJGMUExNjYxMTdBMzVFAA==,919810652481,delivered,2025-07-09 17:06:02,,,,,,
2025-07-09 17:06:56,918929627512,679864135212915,wamid.HBgMOTE5NzExMzQwNTA1FQIAERgSNzM1MUYwQUQ4N0Q4QkE3NThFAA==,919582298806,delivered,2025-07-09 17:06:56,,,,,,
2025-07-09 17:06:21,919205888736,650615708140466,wamid.HBgMOTE4MzgzODYxNzMwFQIAERgSMjE1MjBCQkYyRTEzMUMyMTA0AA==,919810589277,delivered,2025-07-09 17:06:21,,,,,,
2025-07-09 17:06:13,918929546200,725569473962618,wamid.HBgMOTE5ODE4NDAwNzEyFQIAERgSMUVEMzBBQkEyMUY3MEE2Qzk2AA==,919818548194,delivered,2025-07-09 17:06:13,,,,,,
2025-07-09 17:05:27,919205888736,650615708140466,wamid.HBgMOTE5NjY3Nzc4MzA5FQIAERgSRTU0MjBGMUEwMkMwMTUxNzFCAA==,919758463215,delivered,2025-07-09 17:05:27,,,,,,
2025-07-09 17:05:41,918929532648,724637984055655,wamid.HBgMOTE4MDkzMzc3NDYzFQIAERgSRUZGNzNGMjg1M0NCMDhDRjc0AA==,919718800915,delivered,2025-07-09 17:05:41,,,,,,
2025-07-09 17:03:37,918929546200,725569473962618,wamid.HBgMOTE5ODExNjQyNTYyFQIAERgSQ0MzMEI5OEM1ODc3Nzc4Mzc3AA==,919868829716,delivered,2025-07-09 17:03:37,,,,,,
2025-07-09 17:02:59,918929532648,724637984055655,wamid.HBgMOTE5NDU0NjM2MDk1FQIAERgSQzI5NjBCMkZGMjUzRjlFMzgzAA==,919711965906,delivered,2025-07-09 17:02:59,,,,,,
2025-07-09 17:03:27,919205888736,650615708140466,wamid.HBgMOTE4MzgzOTk2ODczFQIAERgSRjY3MjY0RkNBQkM0REFFOEMwAA==,919818568360,delivered,2025-07-09 17:03:27,,,,,,
2025-07-09 17:06:30,919205888736,650615708140466,wamid.HBgMOTE5ODYzNjMzMTc4FQIAERgSOTdGMUJFREUzMTU2QTFBRjdDAA==,919758053801,delivered,2025-07-09 17:06:30,,,,,,
2025-07-09 17:07:09,918929546200,725569473962618,wamid.HBgMOTE5NDI1NzA3NTYwFQIAERgSNUIxQURERTlENENCMzQxMjA0AA==,919811896294,delivered,2025-07-09 17:07:09,,,,,,
2025-07-09 17:07:01,918929546200,725569473962618,wamid.HBgMOTE5NTk5NTg4Nzk3FQIAERgSMjE1RTIzOEQxRkM2NTBBRjc4AA==,919873169026,delivered,2025-07-09 17:07:01,,,,,,
2025-07-09 17:03:43,919205888736,650615708140466,wamid.HBgMOTE5MDM0MjgzODc2FQIAERgSMjE1RDU4QzU1OTFBMkI5N0I5AA==,919873038111,delivered,2025-07-09 17:03:43,,,,,,
2025-07-09 17:05:42,918929627512,679864135212915,wamid.HBgMOTE5NzExMzQwNTA1FQIAERgSQUQ1MkQzMzZERkQ5M0MzNEYwAA==,919871473306,delivered,2025-07-09 17:05:42,,,,,,
2025-07-09 17:05:36,918929546200,725569473962618,wamid.HBgMOTE5OTEwMjUzMDkyFQIAERgSOTA4NzVBMTdCMjc2NTAxRTMwAA==,919716108681,delivered,2025-07-09 17:05:36,,,,,,
2025-07-09 17:05:26,918929546200,725569473962618,wamid.HBgMOTE3MjY4MDA2Nzk5FQIAERgSODg3RjU3OERCOTgzMzgxQUEyAA==,919810841957,delivered,2025-07-09 17:05:26,,,,,,
2025-07-09 17:07:15,918929627512,679864135212915,wamid.HBgMOTE5NzExMzQwNTA1FQIAERgSQUQ1MkQzMzZERkQ5M0MzNEYwAA==,919873271530,delivered,2025-07-09 17:07:15,,,,,,
2025-07-09 17:06:53,918929532648,724637984055655,wamid.HBgMOTE5NjQzMDcwODA3FQIAERgSMTAzRUQ0MEM1QTk0Q0UwQkMwAA==,919811349515,delivered,2025-07-09 17:06:53,,,,,,
2025-07-09 17:04:01,918929546200,725569473962618,wamid.HBgMOTE4MDU5NTg5MjYwFQIAERgSNTc1NEYyNDNCMDA5Q0EzNjMzAA==,919718531928,delivered,2025-07-09 17:04:01,,,,,,
2025-07-09 17:07:10,918929546200,725569473962618,wamid.HBgMOTE4NDQ3Mjg0MDU1FQIAERgSMzQ0MDJDQTIxNzlBNkQzMURDAA==,919873140491,delivered,2025-07-09 17:07:10,,,,,,
2025-07-09 17:04:53,918929546200,725569473962618,wamid.HBgMOTE5NTk5NTA1NjAwFQIAERgSOTY0NThGQkU3NTlFODA5MDI4AA==,919866992486,delivered,2025-07-09 17:04:53,,,,,,
2025-07-09 17:03:33,918929532648,724637984055655,wamid.HBgMOTE4Mjg3ODI3MzQ0FQIAERgSNzM3MTYyN0IxRTVEQjU3MTFGAA==,919873260210,delivered,2025-07-09 17:03:33,,,,,,
2025-07-09 17:05:11,918929546200,725569473962618,wamid.HBgMOTE4NTI3Mzg2MTc5FQIAERgSRjYyOEREMDNGQTcyNDQyQjk1AA==,919711150031,delivered,2025-07-09 17:05:11,,,,,,
2025-07-09 17:07:14,919205888736,650615708140466,wamid.HBgMOTE5NTgyNjQ2OTQzFQIAERgSNjkzRTMzMTM5NUNBRjExODBDAA==,919716904446,delivered,2025-07-09 17:07:14,,,,,,
2025-07-09 17:04:18,919205888736,650615708140466,wamid.HBgMOTE4MzczOTMxMDYyFQIAERgSNUY0ODUyNjAyQjk1REYxREQwAA==,919716950001,delivered,2025-07-09 17:04:18,,,,,,
2025-07-09 17:06:13,918929546200,725569473962618,wamid.HBgMOTE5NTYwNzIyNTc2FQIAERgSNjRFMEQzNjJDQTUxN0I3Q0JFAA==,919818113529,delivered,2025-07-09 17:06:13,,,,,,
2025-07-09 17:05:37,918929546200,725569473962618,wamid.HBgMOTE5NzExNjE4MDgwFQIAERgSQzA3NkY3RTNGNzc0N0JEMDgyAA==,919643605921,delivered,2025-07-09 17:05:37,,,,,,
2025-07-09 17:07:28,919205888736,650615708140466,wamid.HBgMOTE5NzczODk4MDc1FQIAERgSQjNEQzRFRDQ2OEEwQ0JDMzEwAA==,919811506247,delivered,2025-07-09 17:07:28,,,,,,
2025-07-09 17:06:29,918929546200,725569473962618,wamid.HBgMOTE4NzAwNzE4MjAxFQIAERgSRDYyQTE5MjkwNTE5RTAzQUE4AA==,919711148514,delivered,2025-07-09 17:06:29,,,,,,
2025-07-09 17:07:29,918929546200,725569473962618,wamid.HBgMOTE4OTI4MjE3ODk0FQIAERgSRUVDNERDMjczMDM5MzM5MDIzAA==,919711186175,delivered,2025-07-09 17:07:29,,,,,,
2025-07-09 17:03:45,919205888736,650615708140466,wamid.HBgMOTE4MzA3ODQxODk4FQIAERgSNEY3NjAwREMzREYxM0YyMDQyAA==,919716217197,delivered,2025-07-09 17:03:45,,,,,,
2025-07-09 17:05:16,919205888736,650615708140466,wamid.HBgMOTE2MzYxMTYxODM2FQIAERgSRjZGM0VCQjlEMkY1Qzc3RjA2AA==,919871200110,delivered,2025-07-09 17:05:16,,,,,,
2025-07-09 17:03:44,918929546200,725569473962618,wamid.HBgMOTE3MDExMjUwMTUyFQIAERgSMDRDODJGNDAyNDAzQjBDNTkzAA==,919728242576,delivered,2025-07-09 17:03:44,,,,,,
2025-07-09 17:05:54,918929546200,725569473962618,wamid.HBgMOTE5MTM2Mzc5NzYzFQIAERgSRTRGNTREMDExNjIzMTFBMTA0AA==,919671454563,delivered,2025-07-09 17:05:54,,,,,,
2025-07-09 17:04:18,918929546200,725569473962618,wamid.HBgMOTE4MTc4MDkzNjc1FQIAERgSREQwMzlFOTNEMjIzMzE5NDg2AA==,919717761976,delivered,2025-07-09 17:04:18,,,,,,
2025-07-09 17:07:15,918929532648,724637984055655,wamid.HBgMOTE5OTk5MzUxNDE3FQIAERgSOTU5QzE3NzQ4N0VFNTVFMUVEAA==,919717175617,delivered,2025-07-09 17:07:15,,,,,,
2025-07-09 17:05:29,918929532648,724637984055655,wamid.HBgMOTE4MDc3Mjk5MTQ0FQIAERgSNDdEMzVFNEVCMzY0NkQzRTE0AA==,919810855763,delivered,2025-07-09 17:05:29,,,,,,
2025-07-09 17:05:20,918929532648,724637984055655,wamid.HBgMOTE4NTEwODQ5MDE4FQIAERgSQUQ0RjNDRkZDMTBFOTIyNEMxAA==,919818067655,delivered,2025-07-09 17:05:20,,,,,,
2025-07-09 17:04:07,919205888736,650615708140466,wamid.HBgMOTE3ODk2MDExOTU2FQIAERgSNDI4OTIzRTI1ODJBNjA2QTEwAA==,919871362146,delivered,2025-07-09 17:04:07,,,,,,
2025-07-09 17:07:16,918929546200,725569473962618,wamid.HBgMOTE5OTc0OTY2MDg4FQIAERgSQTBENDAyNzcyOUM2QThGRTAxAA==,919582352534,delivered,2025-07-09 17:07:16,,,,,,
2025-07-09 17:07:16,918929546200,725569473962618,wamid.HBgMOTE5NDU0NjM2MDk1FQIAERgSNzY5REQzMTk3M0Q5OTZBREJCAA==,919818635653,delivered,2025-07-09 17:07:16,,,,,,
2025-07-09 17:05:45,918929532648,724637984055655,wamid.HBgMOTE5ODExNDQ5Nzk3FQIAERgSRjAxREQ0Q0FBN0ZDOEJCMDQ4AA==,919811708904,delivered,2025-07-09 17:05:45,,,,,,
2025-07-09 17:03:43,919205888736,650615708140466,wamid.HBgMOTE5ODkxNDE2ODU5FQIAERgSQ0VFMjUyM0JCODdFQTgzMjVCAA==,919718856232,delivered,2025-07-09 17:03:43,,,,,,
2025-07-09 17:06:27,918929532648,724637984055655,wamid.HBgMOTE5ODk5MTQ2MTcxFQIAERgSNjlBM0M1Rjg5QzNCODNCQ0NFAA==,919871537697,delivered,2025-07-09 17:06:27,,,,,,
2025-07-09 17:04:12,919205888736,650615708140466,wamid.HBgMOTE3MjE3ODg5MzkxFQIAERgSNzM2NkM2OUEwQTNBNTI2RTBEAA==,919818584769,delivered,2025-07-09 17:04:12,,,,,,
2025-07-09 17:07:15,918929532648,724637984055655,wamid.HBgMOTE4ODYwMjIxNDk3FQIAERgSNjg2QTk4REU4MzI3QjFFMjEzAA==,919811196731,delivered,2025-07-09 17:07:15,,,,,,
2025-07-09 17:05:19,919205888736,650615708140466,wamid.HBgMOTE3MDE1OTc0Njg0FQIAERgSRUU0OTNBNzlENzI2RTI2REI2AA==,919711179846,delivered,2025-07-09 17:05:19,,,,,,
2025-07-09 17:07:23,918929532648,724637984055655,wamid.HBgMOTE3MDQyODE2MzYwFQIAERgSQjk4RTYxQTFBRDMzRDBDNUI3AA==,919718920342,delivered,2025-07-09 17:07:23,,,,,,
2025-07-09 17:06:21,918929546200,725569473962618,wamid.HBgMOTE4ODgyMjI2MDY4FQIAERgSNzE1QTRBQTlCOEJGMkI5MTk5AA==,919718109963,delivered,2025-07-09 17:06:21,,,,,,
2025-07-09 17:03:15,919205888736,650615708140466,wamid.HBgMOTE4ODAwOTMxMjA0FQIAERgSMUM4NzcxQ0FGQURBNEE3MEJCAA==,919818463744,delivered,2025-07-09 17:03:15,,,,,,
2025-07-09 17:04:44,918929546200,725569473962618,wamid.HBgMOTE5NjU0NTQ2Mjc0FQIAERgSQzE2Mjg3QUM3QjgyRUNFNEM2AA==,919818589479,delivered,2025-07-09 17:04:44,,,,,,
2025-07-09 17:02:50,919205888736,650615708140466,wamid.HBgMOTE5MDQ0ODAzOTM3FQIAERgSNEI3MEJCQTQ4RjlFQ0Q2MjI5AA==,919718196902,delivered,2025-07-09 17:02:50,,,,,,
2025-07-09 17:03:20,918929532648,724637984055655,wamid.HBgMOTE5OTUzMDM5OTM5FQIAERgSOTc2RUVGNUUyNzdCNTFCMjUxAA==,919728791929,delivered,2025-07-09 17:03:20,,,,,,
2025-07-09 17:04:26,919205888736,650615708140466,wamid.HBgMOTE5OTcxOTkyMTg5FQIAERgSNDVCODIwRTc4RUFGMkNGNUU1AA==,919717722887,delivered,2025-07-09 17:04:26,,,,,,
2025-07-09 17:06:44,918929546200,725569473962618,wamid.HBgMOTE5ODExODAwNDQxFQIAERgSMUIwOEFCMEQwMDhGM0QxQjE5AA==,919811485007,delivered,2025-07-09 17:06:44,,,,,,
2025-07-09 17:07:47,918929546200,725569473962618,wamid.HBgMOTE4ODYwODU5Nzg0FQIAERgSOEJGNjk5NjA2NTREMjNERTU4AA==,919810901100,delivered,2025-07-09 17:07:47,,,,,,
2025-07-09 17:06:24,919873744492,657469204124096,wamid.HBgMOTE5NzExMzQwNTA1FQIAERgSOEQ1NjNFRjUxMkNBNzAyMDE3AA==,919810406617,delivered,2025-07-09 17:06:24,,,,,,
2025-07-09 17:05:35,919205888736,650615708140466,wamid.HBgMOTE5OTk5OTk3NjE4FQIAERgSRjM1NjBFRDRGMkIxN0JENUM1AA==,919822125454,delivered,2025-07-09 17:05:35,,,,,,
2025-07-09 17:03:55,918929532648,724637984055655,wamid.HBgMOTE2MjgwODY2MDM5FQIAERgSQzk2M0JDNTE0OTdEMEE1RTBDAA==,919759292124,delivered,2025-07-09 17:03:55,,,,,,
2025-07-09 17:05:52,918929546200,725569473962618,wamid.HBgMOTE4MDU5NTg5MjYwFQIAERgSNUJENjk4QkIwQjNENzlEMkQzAA==,919818464778,delivered,2025-07-09 17:05:52,,,,,,
2025-07-09 17:06:30,918929546200,725569473962618,wamid.HBgMOTE5NTgyODI0MzMxFQIAERgSMzJFRjYzRDI4MDA4MDMzQkNGAA==,919717852964,delivered,2025-07-09 17:06:30,,,,,,
2025-07-09 17:06:33,918929546200,725569473962618,wamid.HBgMOTE5NjI1MDE4OTQ4FQIAERgSMUE2NEE0ODBBMUU0MUU0M0M1AA==,919818960474,delivered,2025-07-09 17:06:33,,,,,,
2025-07-09 17:02:59,918929532648,724637984055655,wamid.HBgMOTE5OTk5MjE5MDU5FQIAERgSRTA1QkE5NUE2M0EyMDFENzM4AA==,919717322490,delivered,2025-07-09 17:02:59,,,,,,
2025-07-09 17:05:19,919205888736,650615708140466,wamid.HBgMOTE4MDc2MTc2ODU2FQIAERgSMkVEQzU5MDJBMzYwNEJFMEFDAA==,919871840068,delivered,2025-07-09 17:05:19,,,,,,
2025-07-09 17:03:39,918929532648,724637984055655,wamid.HBgMOTE4Mjk5ODAwNDI4FQIAERgSQjkzRjYwRUJDRjdEMkRDNUI1AA==,919811097993,delivered,2025-07-09 17:03:39,,,,,,
2025-07-09 17:02:58,918929532648,724637984055655,wamid.HBgMOTE4OTI5NzQ2ODIxFQIAERgSMUM2N0ZBQUZBMzMwOTI0QzNEAA==,919745681589,delivered,2025-07-09 17:02:58,,,,,,
2025-07-09 17:03:26,918929546200,725569473962618,wamid.HBgMOTE5OTcxMTE5NTYyFQIAERgSODgzMzI1QjI2NTUwMDY2ODdFAA==,919718689174,delivered,2025-07-09 17:03:26,,,,,,
2025-07-09 17:04:24,918929532648,724637984055655,wamid.HBgMOTE5NjI1MDE4OTQ4FQIAERgSRUNGREIyMzcwRjhCNjMxMEUwAA==,919811289864,delivered,2025-07-09 17:04:24,,,,,,
2025-07-09 17:07:13,918929532648,724637984055655,wamid.HBgMOTE5OTkwNzU0ODgzFQIAERgSN0UyNzQ4OUVFMjREOTNBMkUxAA==,919634565569,delivered,2025-07-09 17:07:13,,,,,,
2025-07-09 17:05:18,919205888736,650615708140466,wamid.HBgMOTE4NzAwMzQzMzczFQIAERgSQjNENEI2QzYwQTBDQTZDRDQzAA==,919582456697,delivered,2025-07-09 17:05:18,,,,,,
2025-07-09 17:03:08,918929546200,725569473962618,wamid.HBgMOTE5NDU0NjM2MDk1FQIAERgSNTg2RkNGNTVEMTg5OTI2NjYwAA==,919582295270,delivered,2025-07-09 17:03:08,,,,,,
2025-07-09 17:06:48,919205888736,650615708140466,wamid.HBgMOTE3NTAwMDg5OTkxFQIAERgSRkJGQzg0ODIzOEI3MUM3RUU4AA==,919821059688,delivered,2025-07-09 17:06:48,,,,,,
2025-07-09 17:06:22,918929546200,725569473962618,wamid.HBgMOTE5OTUzODY2NDQ0FQIAERgSQjJDNkJENzUzMzc2OEQxNkJEAA==,919871131829,delivered,2025-07-09 17:06:22,,,,,,
2025-07-09 17:06:58,919205888736,650615708140466,wamid.HBgMOTE5NjMwNTQ4OTYzFQIAERgSMzg3NENGN0Y1MUI1NTg0QjI4AA==,919656485413,delivered,2025-07-09 17:06:58,,,,,,
2025-07-09 17:04:13,918929532648,724637984055655,wamid.HBgMOTE5OTUzMDM5OTM5FQIAERgSNzRGMjQ5RjA3NEY2MUM1NThGAA==,919711865273,delivered,2025-07-09 17:04:13,,,,,,
2025-07-09 17:07:24,918929546200,725569473962618,wamid.HBgMOTE4Mjg1NTgyOTQ2FQIAERgSRTM0NTFGQ0M5QzFBRkUwMDFEAA==,919818690849,delivered,2025-07-09 17:07:24,,,,,,
2025-07-09 17:05:51,919205888736,650615708140466,wamid.HBgMOTE5NzExMzQwNTA1FQIAERgSRThDQzNBNzgyN0I0NUJFMzNDAA==,919811987601,delivered,2025-07-09 17:05:51,,,,,,
2025-07-09 17:06:24,918929532648,724637984055655,wamid.HBgMOTE3MzAzMzk5MzQwFQIAERgSNjE5OTY5NjREOTkwMjZGQzMyAA==,919728077779,delivered,2025-07-09 17:06:24,,,,,,
2025-07-09 17:07:09,919205888736,650615708140466,wamid.HBgMOTE4NDQ3NTMxMzMzFQIAERgSMTVFRkI2NkFBOEY4NjFGQUIzAA==,919716457846,delivered,2025-07-09 17:07:09,,,,,,
2025-07-09 17:06:33,918929532648,724637984055655,wamid.HBgMOTE5NzE3NTMzNTQyFQIAERgSRUEyM0ZFRDYwNTRFN0Q1MThCAA==,919758214536,delivered,2025-07-09 17:06:33,,,,,,
2025-07-09 17:06:39,918929532648,724637984055655,wamid.HBgMOTE5Nzc5MDgxOTA2FQIAERgSNDM0OEQzM0ZBMDQ5QkNFREIzAA==,919818311588,delivered,2025-07-09 17:06:39,,,,,,
2025-07-09 17:07:41,919205888736,650615708140466,wamid.HBgMOTE5OTU4MzkzNzY5FQIAERgSRTYyN0VBNTk1QzE3Q0RFMjU1AA==,919718279314,delivered,2025-07-09 17:07:41,,,,,,
2025-07-09 17:05:15,919205888736,650615708140466,wamid.HBgMOTE4ODAwOTMxMjA0FQIAERgSMUM4NzcxQ0FGQURBNEE3MEJCAA==,919810358412,delivered,2025-07-09 17:05:15,,,,,,
2025-07-09 17:07:06,918929532648,724637984055655,wamid.HBgMOTE4NjkwODc3MTk5FQIAERgSQ0I1M0RBMEFFRkMxMUVERDVDAA==,919582352711,delivered,2025-07-09 17:07:06,,,,,,
2025-07-09 17:04:15,918929546200,725569473962618,wamid.HBgMOTE5MjEyMDUzMTQ2FQIAERgSODE1Q0NCQkY4MjMwQ0IyNTZCAA==,919811000246,delivered,2025-07-09 17:04:15,,,,,,
2025-07-09 17:03:37,918929532648,724637984055655,wamid.HBgMOTE4ODI0OTMyNDU4FQIAERgSNkY4QUVGOEVBNEE0MzY1QkE2AA==,919811957324,delivered,2025-07-09 17:03:37,,,,,,
2025-07-09 17:04:00,918929546200,725569473962618,wamid.HBgMOTE4NTcyMDI3NzI2FQIAERgSMzc5MjVBMzVGRThGNEE4Rjk3AA==,919717778427,delivered,2025-07-09 17:04:00,,,,,,
2025-07-09 17:03:50,918929546200,725569473962618,wamid.HBgMOTE3Mzc3Nzg4ODg4FQIAERgSNzdDMTZGOTM5OENCNTM0NDA3AA==,919811458795,delivered,2025-07-09 17:03:50,,,,,,
2025-07-09 17:07:44,918929532648,724637984055655,wamid.HBgMOTE5NjY3NjE5MTgwFQIAERgSN0Y2MDQ3N0VFQ0RCNTA2MkQ4AA==,919711000341,delivered,2025-07-09 17:07:44,,,,,,
2025-07-09 17:03:59,918929532648,724637984055655,wamid.HBgMOTE5NzczOTUyMTI2FQIAERgSMzAxNjk4MkQyNzFERDQ1RkU4AA==,919582638618,delivered,2025-07-09 17:03:59,,,,,,
2025-07-09 17:06:43,918929546200,725569473962618,wamid.HBgMOTE5OTcxMTE5Nzc4FQIAERgSMzUyNjQyQzIzRDg4RjUyQjA4AA==,919650131518,delivered,2025-07-09 17:06:43,,,,,,
2025-07-09 17:06:05,918929532648,724637984055655,wamid.HBgMOTE5NTQwNTk3NzcwFQIAERgSMTE4QzE3RTQyNTI2NkVCNkI5AA==,919711658553,delivered,2025-07-09 17:06:05,,,,,,
2025-07-09 17:04:52,919205888736,650615708140466,wamid.HBgMOTE4ODAwOTgwMDkwFQIAERgSMDZGNEZFMDVFODIxNDM0NDhFAA==,919813271421,delivered,2025-07-09 17:04:52,,,,,,
2025-07-09 17:04:48,918929532648,724637984055655,wamid.HBgMOTE4MTk1OTUyMzQ1FQIAERgSODc2NEI2NDlDRTFBOTcxMDJFAA==,919811168295,delivered,2025-07-09 17:04:48,,,,,,
2025-07-09 17:03:16,918929546200,725569473962618,wamid.HBgMOTE5ODUwODMxMjAyFQIAERgSMjE0RUYzRTU3MkE2NzY3MEM0AA==,919810442641,delivered,2025-07-09 17:03:16,,,,,,
2025-07-09 17:07:16,918929546200,725569473962618,wamid.HBgMOTE4OTI4MjE3ODk0FQIAERgSMTk0MTgwMjUxODRGNTQ2MUE2AA==,919643116670,delivered,2025-07-09 17:07:16,,,,,,
2025-07-09 17:05:51,918929546200,725569473962618,wamid.HBgMOTE5ODA5MzczODM5FQIAERgSMkUzREI2RTI4NkRENzk3MTY4AA==,919818861767,delivered,2025-07-09 17:05:51,,,,,,
2025-07-09 17:03:57,918929532648,724637984055655,wamid.HBgMOTE4MjgzODEzMTIwFQIAERgSM0UzMjdENjk4QzBCMUI1NzIyAA==,919716747506,delivered,2025-07-09 17:03:57,,,,,,
2025-07-09 17:04:06,918929532648,724637984055655,wamid.HBgMOTE4Njk5MDczNDc2FQIAERgSMTY2RDdGMkQxNkRCMDRBOUM4AA==,919654561545,delivered,2025-07-09 17:04:06,,,,,,
2025-07-09 17:07:43,919205888736,650615708140466,wamid.HBgMOTE4ODM5MTEwNDk5FQIAERgSNzY3MkMyRTE0REJGMzM5MTU0AA==,919810220466,delivered,2025-07-09 17:07:43,,,,,,
2025-07-09 17:05:24,918929546200,725569473962618,wamid.HBgMOTE5OTk5MDA3OTU4FQIAERgSMkEyMjMzMzc4MTZCMkZEMDIzAA==,919873229813,delivered,2025-07-09 17:05:24,,,,,,
2025-07-09 17:07:16,918929532648,724637984055655,wamid.HBgMOTE5OTk5MjE5MDU5FQIAERgSOTUyRjA0RDcyMjNCMjI5QTBFAA==,919873066059,delivered,2025-07-09 17:07:16,,,,,,
2025-07-09 17:04:24,919205888736,650615708140466,wamid.HBgMOTE5OTU1Nzk0MzI2FQIAERgSOUQ5RkVGNzQ3RUUxQkIyQjQ4AA==,919811472421,delivered,2025-07-09 17:04:24,,,,,,
2025-07-09 17:04:03,919205888736,650615708140466,wamid.HBgMOTE5NjcwNzU5OTA4FQIAERgSQ0M2NEE5QTEzNTBCMUIzM0Q0AA==,919716984822,delivered,2025-07-09 17:04:03,,,,,,
2025-07-09 17:04:47,918929546200,725569473962618,wamid.HBgMOTE5NjU0NTQ2Mjc0FQIAERgSNDQ0QzMyOTg0RjBFREM4Q0FGAA==,919582753998,delivered,2025-07-09 17:04:47,,,,,,
2025-07-09 17:02:54,918929546200,725569473962618,wamid.HBgMOTE3MDExNDU3MjQ1FQIAERgSQUY4RDc4REVCNjY5QUU5QTNBAA==,919871033636,delivered,2025-07-09 17:02:54,,,,,,
2025-07-09 17:04:18,919205888736,650615708140466,wamid.HBgMOTE4NjI3MDg2Mzg5FQIAERgSMTcyNEExODJDQjg4NUJDOTg2AA==,919818256081,delivered,2025-07-09 17:04:18,,,,,,
2025-07-09 17:03:26,918929532648,724637984055655,wamid.HBgMOTE5NjgyNjEwNTIyFQIAERgSRkY5QjE5NjE4QzA0NjREMjNBAA==,919711114059,delivered,2025-07-09 17:03:26,,,,,,
2025-07-09 17:07:23,918929532648,724637984055655,wamid.HBgMOTE5MTQ5OTQxMjc4FQIAERgSRTVBOThDMjNDNERGMDA5ODhBAA==,919654643515,delivered,2025-07-09 17:07:23,,,,,,
2025-07-09 17:04:32,918929532648,724637984055655,wamid.HBgMOTE5ODMzMTA4NzcwFQIAERgSQjUyOUNFRERFMDQ2OTRCOTkyAA==,919716175088,delivered,2025-07-09 17:04:32,,,,,,
2025-07-09 17:04:58,918929546200,725569473962618,wamid.HBgMOTE5ODk2ODUxNzQ3FQIAERgSOEI3RDM3Mjc2RkY0RDYwQkRFAA==,919718870006,delivered,2025-07-09 17:04:58,,,,,,
2025-07-09 17:04:52,919205888736,650615708140466,wamid.HBgMOTE5ODczMzEwMTM2FQIAERgSRjA2MDMzMzM2NDk0OTgyNjBFAA==,919810606475,delivered,2025-07-09 17:04:52,,,,,,
2025-07-09 17:07:30,918929546200,725569473962618,wamid.HBgMOTE4NTk1NTk0NjcyFQIAERgSNTRDNTg5OEQ0REU5OEUyRkM3AA==,919852546325,delivered,2025-07-09 17:07:30,,,,,,
2025-07-09 17:04:48,918929546200,725569473962618,wamid.HBgMOTE5ODEwMjI1OTI0FQIAERgSMTFGQjRCMzUxODZFQTM2OEQ4AA==,919813636820,delivered,2025-07-09 17:04:48,,,,,,
2025-07-09 17:04:42,918929546200,725569473962618,wamid.HBgMOTE3NzE4ODI4NTIwFQIAERgSN0JFNjdCM0FBODUxRkZFODUzAA==,919643076772,delivered,2025-07-09 17:04:42,,,,,,
2025-07-09 17:05:29,919205888736,650615708140466,wamid.HBgMOTE4MzY4OTgxNTQxFQIAERgSQkM5RUVBRTlCNDY1RkJBMDIwAA==,919811851603,delivered,2025-07-09 17:05:29,,,,,,
2025-07-09 17:07:43,919205888736,650615708140466,wamid.HBgMOTE5OTcwOTcwOTcwFQIAERgSOTZCNzdCODZEOEQ5NzAwQTRFAA==,919871376095,delivered,2025-07-09 17:07:43,,,,,,
2025-07-09 17:04:53,918929546200,725569473962618,wamid.HBgMOTE5OTg1NDk1NjgwFQIAERgSQzMzOEI1RkFFOUIxMzJBRjYwAA==,919819719864,delivered,2025-07-09 17:04:53,,,,,,
2025-07-09 17:07:12,918929532648,724637984055655,wamid.HBgMOTE4NTg1OTEyNTQ2FQIAERgSMzZFREM4OTJGQTc5RDhENEM0AA==,919711884404,delivered,2025-07-09 17:07:12,,,,,,
2025-07-09 17:06:19,919205888736,650615708140466,wamid.HBgMOTE5MTQ5MDc5MjUwFQIAERgSNDc4NUIyMzVCNTMxMDkzNUU3AA==,919821457985,delivered,2025-07-09 17:06:19,,,,,,
2025-07-09 17:06:12,918929546200,725569473962618,wamid.HBgMOTE5OTcxMTE5Nzc4FQIAERgSNDcwRkE2RDY1RkYwMERGQ0M0AA==,919711688568,delivered,2025-07-09 17:06:12,,,,,,
2025-07-09 17:07:30,918929546200,725569473962618,wamid.HBgMOTE4Nzc5OTAyODI5FQIAERgSQjA5MEMzNjU1MUIxNDdBQTY4AA==,919654923254,delivered,2025-07-09 17:07:30,,,,,,
2025-07-09 17:05:48,919205888736,650615708140466,wamid.HBgMOTE5NzExMzQwNTA1FQIAERgSMTFFN0E4RjNDQTFEODIzQjA3AA==,919599911330,delivered,2025-07-09 17:05:48,,,,,,
2025-07-09 17:07:25,919205888736,650615708140466,wamid.HBgMOTE4OTQ5Nzg2OTE2FQIAERgSOTk3NEU4MkQ2NUU0MDk2MkI1AA==,919654159534,delivered,2025-07-09 17:07:25,,,,,,
2025-07-09 17:07:13,918929546200,725569473962618,wamid.HBgMOTE5ODc2NzU3NDE1FQIAERgSNTU5MzkyNzIzRjBBMzMzQ0MyAA==,919650608918,delivered,2025-07-09 17:07:13,,,,,,
2025-07-09 17:03:52,918929546200,725569473962618,wamid.HBgMOTE3Mzc3Nzg4ODg4FQIAERgSQ0RDQTVGNTgyNThCNkU0MDM0AA==,919813056861,delivered,2025-07-09 17:03:52,,,,,,
2025-07-09 17:04:53,918929546200,725569473962618,wamid.HBgMOTE5OTEwMDAwMzI0FQIAERgSRTdCMTY0MzNCN0YwM0VFMjNGAA==,919650759637,delivered,2025-07-09 17:04:53,,,,,,
2025-07-09 17:06:24,918929532648,724637984055655,wamid.HBgMOTE5NjI1NzIwOTE3FQIAERgSRDI1NzY2RTYxMDc5Nzk3QkRGAA==,919728158415,delivered,2025-07-09 17:06:24,,,,,,
2025-07-09 17:05:51,918929546200,725569473962618,wamid.HBgMOTE5NzYxNTcxMjM0FQIAERgSRkExNzY0MTE5QzlCNjU0N0I1AA==,919728301072,delivered,2025-07-09 17:05:51,,,,,,
2025-07-09 17:03:29,918929532648,724637984055655,wamid.HBgMOTE3OTgyODUxMDE0FQIAERgSNzkxMzMyNkVCOTExRTg2MEJFAA==,919873065732,delivered,2025-07-09 17:03:29,,,,,,
2025-07-09 17:06:02,918929546200,725569473962618,wamid.HBgMOTE4ODAwOTMxMjA0FQIAERgSNTFBQzQyRUI2QzU3QjU1Mzc4AA==,919599617510,delivered,2025-07-09 17:06:02,,,,,,
2025-07-09 17:02:47,919205888736,650615708140466,wamid.HBgMOTE3OTA1ODA3MDIxFQIAERgSN0EwN0Q0QjE1N0ZCNjQ1NEZEAA==,919821458765,delivered,2025-07-09 17:02:47,,,,,,
2025-07-09 17:03:24,918929546200,725569473962618,wamid.HBgMOTE5OTU4NTgwODc3FQIAERgSMzQ5OTg0QjM5NjcwQzU2MkVCAA==,919825471589,delivered,2025-07-09 17:03:24,,,,,,
2025-07-09 17:03:34,918929546200,725569473962618,wamid.HBgMOTE5ODEwMzQ3OTIxFQIAERgSMUEzNTI1MzZCNTZDQjcyM0FCAA==,919818175717,delivered,2025-07-09 17:03:34,,,,,,
2025-07-09 17:04:29,918929532648,724637984055655,wamid.HBgMOTE5NjI1Mjc3MzA1FQIAERgSMzkwODEwMkI4QjRDQTBCNDc5AA==,919718484231,delivered,2025-07-09 17:04:29,,,,,,
2025-07-09 17:03:54,918929546200,725569473962618,wamid.HBgMOTE5NTYwODYxMjY5FQIAERgSOTQ4RkE3NDlBRDhDQUZDMUJFAA==,919821793748,delivered,2025-07-09 17:03:54,,,,,,
2025-07-09 17:06:04,918929546200,725569473962618,wamid.HBgMOTE4NzU1MTA1MjUyFQIAERgSNTJBRThBRTFBRjBBNUI5RkVFAA==,919811818960,delivered,2025-07-09 17:06:04,,,,,,
2025-07-09 17:03:25,919873744492,657469204124096,wamid.HBgMOTE5NzExMzQwNTA1FQIAERgSNENCRDg5MzIxQkY0NzNCNDBCAA==,919810978824,delivered,2025-07-09 17:03:25,,,,,,
2025-07-09 17:07:14,919205888736,650615708140466,wamid.HBgMOTE4OTIwMDUwMTExFQIAERgSOUE5QjFBM0Q3RDhBOENFNDE1AA==,919671782026,delivered,2025-07-09 17:07:14,,,,,,
2025-07-09 17:05:01,919205888736,650615708140466,wamid.HBgMOTE5ODcxNDUxNjc5FQIAERgSMkFGOTRGQjEwREEzRTM4RjVDAA==,919873122126,delivered,2025-07-09 17:05:01,,,,,,
2025-07-09 17:03:34,918929532648,724637984055655,wamid.HBgMOTE5ODEwMTY5MzY3FQIAERgSOEJCMDBGQjg2QTZGQ0E3REM2AA==,919711099097,delivered,2025-07-09 17:03:34,,,,,,
2025-07-09 17:06:40,919205888736,650615708140466,wamid.HBgMOTE5MTQ5MDUxMTQ1FQIAERgSQzE5RUIzNkQyMUY5RjkwM0RDAA==,919654913599,delivered,2025-07-09 17:06:40,,,,,,
2025-07-09 17:07:16,919873744492,657469204124096,wamid.HBgMOTE5NzExMzQwNTA1FQIAERgSMzk4MjVGMUY0NTY4NDQyQzEyAA==,919620165898,delivered,2025-07-09 17:07:16,,,,,,
2025-07-09 17:06:38,919205888736,650615708140466,wamid.HBgMOTE4MzQwMzIyNDU1FQIAERgSODU2RDlDM0FBRDNCMjBDQ0U0AA==,919871302888,delivered,2025-07-09 17:06:38,,,,,,
2025-07-09 17:05:58,918929546200,725569473962618,wamid.HBgMOTE5OTU4MDM2NjM2FQIAERgSREIzN0I2MjZGNDBEOTM5REZFAA==,919717580038,delivered,2025-07-09 17:05:58,,,,,,
2025-07-09 17:04:07,918929546200,725569473962618,wamid.HBgMOTE5NjgyMzI1MzQ0FQIAERgSQTVCODY4NTYxMjlDNzUzMUZGAA==,919818914519,delivered,2025-07-09 17:04:07,,,,,,
2025-07-09 17:06:45,918929532648,724637984055655,wamid.HBgMOTE4MDEwMTAyMjcwFQIAERgSMTZFNzJCRkVFQUFFNjZCQUI4AA==,919582913777,delivered,2025-07-09 17:06:45,,,,,,
2025-07-09 17:05:12,919873744492,657469204124096,wamid.HBgMOTE5NzExMzQwNTA1FQIAERgSMzk4MjVGMUY0NTY4NDQyQzEyAA==,919818796222,delivered,2025-07-09 17:05:12,,,,,,
2025-07-09 17:03:14,918929546200,725569473962618,wamid.HBgMOTE5ODEwMzQ3OTIxFQIAERgSODI3NTQzQzczNzg0MjAzMTM4AA==,919711117162,delivered,2025-07-09 17:03:14,,,,,,
2025-07-09 17:04:56,918929546200,725569473962618,wamid.HBgMOTE5OTc0OTY2MDg4FQIAERgSRDYzMkU1RUFFMzZFOEU1NjhCAA==,919582844704,delivered,2025-07-09 17:04:56,,,,,,
2025-07-09 17:03:49,918929532648,724637984055655,wamid.HBgMOTE3MDQyODE2MzYwFQIAERgSRjgwNEZDNTc4RkUyMzQyOUFDAA==,919810074935,delivered,2025-07-09 17:03:49,,,,,,
2025-07-09 17:03:27,918929546200,725569473962618,wamid.HBgMOTE5OTcxMTE5NTYyFQIAERgSNDJBNUQwQ0EwMjQzNTJDRjkwAA==,919643958026,delivered,2025-07-09 17:03:27,,,,,,
2025-07-09 17:04:47,919205888736,650615708140466,wamid.HBgMOTE4Mjk1NjAyNzY2FQIAERgSRjMxMDhBMDdGQTAyMzREQkYwAA==,919810144552,delivered,2025-07-09 17:04:47,,,,,,
2025-07-09 17:05:43,918929532648,724637984055655,wamid.HBgMOTE5MjExMjYzMTAyFQIAERgSNjgwOTY4MzhEM0UyODMxNDgxAA==,919716927579,delivered,2025-07-09 17:05:43,,,,,,
2025-07-09 17:03:12,919205888736,650615708140466,wamid.HBgMOTE5ODA3MDQwODQwFQIAERgSRjhEMEM2RDc4NUYyM0U3MTkyAA==,919654472155,delivered,2025-07-09 17:03:12,,,,,,
2025-07-09 17:03:07,919205888736,650615708140466,wamid.HBgMOTE2MjY2NDE1NDk0FQIAERgSOEQyMUE4RDk3QjU2MTgwRkJGAA==,919728331853,delivered,2025-07-09 17:03:07,,,,,,
2025-07-09 17:02:47,918929546200,725569473962618,wamid.HBgMOTE5NTYwNzQwMDMzFQIAERgSNkEzMTQyOTdFMTI5Mzk3MkQxAA==,919811552964,delivered,2025-07-09 17:02:47,,,,,,
2025-07-09 17:06:16,918929546200,725569473962618,wamid.HBgMOTE4NzAwMjkyNjY0FQIAERgSMzk5NzVENDMxNDAwNzFDNTNEAA==,919643726406,delivered,2025-07-09 17:06:16,,,,,,
2025-07-09 17:07:18,918929546200,725569473962618,wamid.HBgMOTE4NTI3NzIwMDA2FQIAERgSNUIzMjc2NDNGQzhFMzJCMDdCAA==,919599994095,delivered,2025-07-09 17:07:18,,,,,,
2025-07-09 17:07:35,919205888736,650615708140466,wamid.HBgMOTE5OTk5ODA3MTgwFQIAERgSQzkwMUE2N0I1NThEMjk4NDYyAA==,919717522155,delivered,2025-07-09 17:07:35,,,,,,
2025-07-09 17:06:50,918929546200,725569473962618,wamid.HBgMOTE5ODEwMzM3OTM0FQIAERgSNDRCNUIxN0JFQjdFRENCMkVGAA==,919654429641,delivered,2025-07-09 17:06:50,,,,,,
2025-07-09 17:06:28,918929546200,725569473962618,wamid.HBgMOTE4NzAwMjkyNjY0FQIAERgSNkE2NUI2QkJEMkVBMzk1N0FFAA==,919643340321,delivered,2025-07-09 17:06:28,,,,,,
2025-07-09 17:07:30,918929546200,725569473962618,wamid.HBgMOTE4NTg2OTMzMzc4FQIAERgSNjZEN0E5Mzk1MTgwN0I5ODQ4AA==,919599974995,delivered,2025-07-09 17:07:30,,,,,,
2025-07-09 17:07:13,918929546200,725569473962618,wamid.HBgMOTE3MDExMjUwMTUyFQIAERgSOEFDMjIzQTc0ODRGQ0M4OTMzAA==,919865466536,delivered,2025-07-09 17:07:13,,,,,,
2025-07-09 17:03:22,918929546200,725569473962618,wamid.HBgMOTE4MDc2NzQzNzEyFQIAERgSQTY5M0U0RDU3NUVBNkM5RjgxAA==,919717486455,delivered,2025-07-09 17:03:22,,,,,,
2025-07-09 17:06:28,918929546200,725569473962618,wamid.HBgMOTE5ODczNDQyNDY0FQIAERgSNEU1NTZERDYxRjNDNjAxMjk4AA==,919761740000,delivered,2025-07-09 17:06:28,,,,,,
2025-07-09 17:04:12,918929546200,725569473962618,wamid.HBgMOTE5ODEwOTk5NzU0FQIAERgSNDE5OEFCRUJFOUFENTJFMDUwAA==,919640503181,delivered,2025-07-09 17:04:12,,,,,,
2025-07-09 17:07:35,918929532648,724637984055655,wamid.HBgMOTE5NTM3MDMzMjk2FQIAERgSQjU0QzI2QTdGRjdCRDdDQjdBAA==,919711419756,delivered,2025-07-09 17:07:35,,,,,,
2025-07-09 17:03:18,918929532648,724637984055655,wamid.HBgMOTE5ODEwMzQ3OTIxFQIAERgSRTA3MDg3QjU2MTEyMEJDM0MyAA==,919811158115,delivered,2025-07-09 17:03:18,,,,,,
2025-07-09 17:05:23,919205888736,650615708140466,wamid.HBgMOTE5NzczNTIzNzU1FQIAERgSRkMxRjk2NkVFMUQwOTI1QTg3AA==,919868400901,delivered,2025-07-09 17:05:23,,,,,,
2025-07-09 17:05:48,919205888736,650615708140466,wamid.HBgMOTE5NjQzMDMzNjk1FQIAERgSN0RFNkQ5MTY2ODlGMTQ5RkJBAA==,919587412589,delivered,2025-07-09 17:05:48,,,,,,
2025-07-09 17:05:38,918929532648,724637984055655,wamid.HBgMOTE5NjUwMjM5NTE3FQIAERgSQkYxM0FGNjcwMzA5ODc2RTBBAA==,919716710991,delivered,2025-07-09 17:05:38,,,,,,
2025-07-09 17:05:06,918929546200,725569473962618,wamid.HBgMOTE5OTI4NTU1NzExFQIAERgSOTU1NEI1MUE5MUE2Q0ExQ0MwAA==,919718278881,delivered,2025-07-09 17:05:06,,,,,,
2025-07-09 17:05:58,918929546200,725569473962618,wamid.HBgMOTE5ODQ5OTMyOTg3FQIAERgSODc2MEMxOUU0N0NDNjVBQTREAA==,919871450440,delivered,2025-07-09 17:05:58,,,,,,
2025-07-09 17:04:23,918929532648,724637984055655,wamid.HBgMOTE4ODAwOTMxMjA0FQIAERgSN0U4OUNDNzY0MjNCMTRFNEVGAA==,919811602283,delivered,2025-07-09 17:04:23,,,,,,
2025-07-09 17:06:46,918929546200,725569473962618,wamid.HBgMOTE5OTEwODgzOTAwFQIAERgSQzA2Mzg5QjUwOUM2MzhEQkQ2AA==,919716918343,delivered,2025-07-09 17:06:46,,,,,,
2025-07-09 17:04:38,918929532648,724637984055655,wamid.HBgMOTE3MDExMTE4NjAwFQIAERgSNTFCQzU3NERCRDc3REQxNjY4AA==,919811650521,delivered,2025-07-09 17:04:38,,,,,,
2025-07-09 17:06:57,918929532648,724637984055655,wamid.HBgMOTE5NDc5ODA3ODQ4FQIAERgSQkU1NEM3MzdDNTA0MTMyM0YyAA==,919871531968,delivered,2025-07-09 17:06:57,,,,,,
2025-07-09 17:04:31,919205888736,650615708140466,wamid.HBgMOTE4OTIwNjEzMTAwFQIAERgSRDZFMUZBQ0Q2MzYwNUUyRjNEAA==,919711792861,delivered,2025-07-09 17:04:31,,,,,,
2025-07-09 17:03:47,918929546200,725569473962618,wamid.HBgMOTE5NjU0NjMxMzU1FQIAERgSOTk2QkE4RTdDNzE5NjRBRjM5AA==,919810288019,delivered,2025-07-09 17:03:47,,,,,,
2025-07-09 17:06:49,918929532648,724637984055655,wamid.HBgMOTE5MzExNjU2Nzg0FQIAERgSNUU1RUMzMTYyMkI1NTcwNEQzAA==,919758028935,delivered,2025-07-09 17:06:49,,,,,,
2025-07-09 17:04:37,918929532648,724637984055655,wamid.HBgMOTE2MjY0ODU1ODI3FQIAERgSQTg0RjY5Q0Q3QkI5MDdENUJGAA==,919811272194,delivered,2025-07-09 17:04:37,,,,,,
2025-07-09 17:05:42,918929546200,725569473962618,wamid.HBgMOTE4OTQ5MTkyMjYxFQIAERgSMDQ3ODQ4MkRGMzVEREYzMkM2AA==,919716008245,delivered,2025-07-09 17:05:42,,,,,,
2025-07-09 17:03:58,918929546200,725569473962618,wamid.HBgMOTE4NzAwMjkyNjY0FQIAERgSQ0I5NUY2NEJCRUE4RjU5RkU0AA==,919871937164,delivered,2025-07-09 17:03:58,,,,,,
2025-07-09 17:07:06,918929532648,724637984055655,wamid.HBgMOTE5ODk5ODU4OTU0FQIAERgSNUIyN0U3ODM1MzU4OUI3NzhGAA==,919650916148,delivered,2025-07-09 17:07:06,,,,,,
2025-07-09 17:07:31,918929546200,725569473962618,wamid.HBgMOTE5NjUwNDE1MjcyFQIAERgSRDU1MjRFNUVGQjAwOUEwMzNDAA==,919599902144,delivered,2025-07-09 17:07:31,,,,,,
2025-07-09 17:04:32,918929532648,724637984055655,wamid.HBgMOTE5NzE3NzI5MDA1FQIAERgSRThFMkUyQkQ3RjYzMTc0MDg2AA==,919821456987,delivered,2025-07-09 17:04:32,,,,,,
2025-07-09 17:07:19,918929546200,725569473962618,wamid.HBgMOTE3Njc4NDE1NTY5FQIAERgSMjA3RjY1MTAxODY5NEJDOEVDAA==,919818831551,delivered,2025-07-09 17:07:19,,,,,,
2025-07-09 17:06:49,918929532648,724637984055655,wamid.HBgMOTE4NTI3ODQxMjAwFQIAERgSRDYzRUQ2MkZGNkI5NDJBMzk0AA==,919813064127,delivered,2025-07-09 17:06:49,,,,,,
2025-07-09 17:07:39,918929546200,725569473962618,wamid.HBgMOTE5NzE3MTEwNTM1FQIAERgSNzdFOTU3MTg4RjVEMzNCMTQ1AA==,919694531033,delivered,2025-07-09 17:07:39,,,,,,
2025-07-09 17:07:10,918929546200,725569473962618,wamid.HBgMOTE4MjE4NzQ1NTI1FQIAERgSODEyNzk0NzVGQjA5QjA3QTVGAA==,919716990554,delivered,2025-07-09 17:07:10,,,,,,
2025-07-09 17:07:46,918929532648,724637984055655,wamid.HBgMOTE5ODMzMTA4NzcwFQIAERgSNEJENzE2RjhGNUVBOUQxRTlDAA==,919643500771,delivered,2025-07-09 17:07:46,,,,,,
2025-07-09 17:07:34,918929546200,725569473962618,wamid.HBgMOTE4NjAwMTQxODU4FQIAERgSN0ZGMjYyMUEyRDdDRTM1MkEyAA==,919811360811,delivered,2025-07-09 17:07:34,,,,,,
2025-07-09 17:03:50,918929546200,725569473962618,wamid.HBgMOTE4MTc4Njc0OTMxFQIAERgSNThCNUFFRjI1MzNEQzFDMDZCAA==,919871306750,delivered,2025-07-09 17:03:50,,,,,,
2025-07-09 17:05:36,918929546200,725569473962618,wamid.HBgMOTE5NTYwNzIyNTc2FQIAERgSOEFBMzFDMUJEOTVCRkFEQkFGAA==,919871241928,delivered,2025-07-09 17:05:36,,,,,,
2025-07-09 17:06:03,919205888736,650615708140466,wamid.HBgMOTE5NTg0MjY4OTI0FQIAERgSQjdENjMxQUU0RjA3MEQ2OENDAA==,919718646942,delivered,2025-07-09 17:06:03,,,,,,
2025-07-09 17:02:54,919205888736,650615708140466,wamid.HBgMOTE3NTA1NzMzMzI5FQIAERgSQTU0Qjc0OEU4RDNFNzU3NDc3AA==,919654937987,delivered,2025-07-09 17:02:54,,,,,,
2025-07-09 17:07:28,918929546200,725569473962618,wamid.HBgMOTE3ODM4NTg1MTYwFQIAERgSQTcwNzJGRkQ5MEE3OUI3NzNBAA==,919599310764,delivered,2025-07-09 17:07:28,,,,,,
2025-07-09 17:06:37,918929546200,725569473962618,wamid.HBgMOTE5NjY3NDUzMDkxFQIAERgSODAxNDk3Njc3NTE5REExRENEAA==,919711728842,delivered,2025-07-09 17:06:37,,,,,,
2025-07-09 17:04:47,919205888736,650615708140466,wamid.HBgMOTE5ODExNDk4NzU2FQIAERgSOEIzRTQ3REY1MEExQkRFRDBCAA==,919696739765,delivered,2025-07-09 17:04:47,,,,,,
2025-07-09 17:02:58,918929532648,724637984055655,wamid.HBgMOTE3OTcyNjI0MzA0FQIAERgSRjJDNUMwMDk4NUZFODdGRUIxAA==,919582937490,delivered,2025-07-09 17:02:58,,,,,,
2025-07-09 17:03:32,918929532648,724637984055655,wamid.HBgMOTE5ODE1NzE2OTg5FQIAERgSQkU5OUQ0MkM3ODg3QzQxRTY0AA==,919818255001,delivered,2025-07-09 17:03:32,,,,,,
2025-07-09 17:02:59,918929546200,725569473962618,wamid.HBgMOTE4NTI3NzIwMDA2FQIAERgSNEExNUQ5MzA3NzQ1MENBNTNEAA==,919818285115,delivered,2025-07-09 17:02:59,,,,,,
2025-07-09 17:03:23,918929546200,725569473962618,wamid.HBgMOTE5NDEwNjA1MjU2FQIAERgSMzczRDY0MUQ0QjFBNkM0RUU2AA==,919650590251,delivered,2025-07-09 17:03:23,,,,,,
2025-07-09 17:07:02,918929532648,724637984055655,wamid.HBgMOTE3MDA0MTAzMTc0FQIAERgSQjE1NTAwMEUxOTNEMTlFNzlEAA==,919818584573,delivered,2025-07-09 17:07:02,,,,,,
2025-07-09 17:05:58,919205888736,650615708140466,wamid.HBgMOTE4ODgyMDgyNDg5FQIAERgSRDMzMTI4OEM0QkJBRENDRkYzAA==,919871255281,delivered,2025-07-09 17:05:58,,,,,,
2025-07-09 17:02:56,918929532648,724637984055655,wamid.HBgMOTE4NDU5NzExMTExFQIAERgSQjQ4QkNBMDJCRkY5NkE2QjZGAA==,919871751599,delivered,2025-07-09 17:02:56,,,,,,
2025-07-09 17:06:45,918929546200,725569473962618,wamid.HBgMOTE3ODkzNjY2MzE1FQIAERgSMERCQjEzNjk0OTM3RTNCREIwAA==,919810819076,delivered,2025-07-09 17:06:45,,,,,,
2025-07-09 17:06:59,919205888736,650615708140466,wamid.HBgMOTE4MzczOTMxMDYyFQIAERgSNEYyQzYxQzk2RDdBMEQ2N0MxAA==,919711060678,delivered,2025-07-09 17:06:59,,,,,,
2025-07-09 17:04:35,918929546200,725569473962618,wamid.HBgMOTE5NzgxNDMwOTk5FQIAERgSRjQ1QTlBNjEwNDQ4NjY5NjExAA==,919811880130,delivered,2025-07-09 17:04:35,,,,,,
2025-07-09 17:04:47,919205888736,650615708140466,wamid.HBgMOTE5NzExMTc5OTc5FQIAERgSRjczMTJCM0ZEMjQ4MTdCOTFBAA==,919811682896,delivered,2025-07-09 17:04:47,,,,,,
2025-07-09 17:03:54,919873744492,657469204124096,wamid.HBgMOTE5NzExMzQwNTA1FQIAERgSOEQ1NjNFRjUxMkNBNzAyMDE3AA==,919811889492,delivered,2025-07-09 17:03:54,,,,,,
2025-07-09 17:05:43,918929546200,725569473962618,wamid.HBgMOTE4ODE2OTUwMDI3FQIAERgSNTk4MjdCMjAyNjM4REFCRENEAA==,919811776186,delivered,2025-07-09 17:05:43,,,,,,
2025-07-09 17:04:05,918929546200,725569473962618,wamid.HBgMOTE5MjIwMTQ0NTY2FQIAERgSODEyODlENUZDMDQ5NDUyMkY5AA==,919717296639,delivered,2025-07-09 17:04:05,,,,,,
2025-07-09 17:06:25,919205888736,650615708140466,wamid.HBgMOTE3NTAzNTY4ODEwFQIAERgSMDY1NkM1MTFFQTQwQjkyQURFAA==,919871919095,delivered,2025-07-09 17:06:25,,,,,,
2025-07-09 17:06:08,918929532648,724637984055655,wamid.HBgMOTE5ODEwMjM3OTQzFQIAERgSMTRGNTJGNzA0NUY2NURBMEU5AA==,919873054645,delivered,2025-07-09 17:06:08,,,,,,
2025-07-09 17:05:36,918929546200,725569473962618,wamid.HBgMOTE5MTQ5OTQxMjc4FQIAERgSQ0QzQUM4RjFFMzAxOTk4MkRBAA==,919685712547,delivered,2025-07-09 17:05:36,,,,,,
2025-07-09 17:06:53,918929546200,725569473962618,wamid.HBgMOTE5ODExNjY3Mjc0FQIAERgSMkQ4OTg5RDMxRDA1OEYyOTg3AA==,919821061932,delivered,2025-07-09 17:06:53,,,,,,
2025-07-09 17:04:49,919205888736,650615708140466,wamid.HBgMOTE4ODY1MDM0NzExFQIAERgSOERGQ0YxNUFGRDBENjYwNDBEAA==,919650230882,delivered,2025-07-09 17:04:49,,,,,,
2025-07-09 17:06:23,918929532648,724637984055655,wamid.HBgMOTE5NjUwNjIxMjU3FQIAERgSQjYzMjlDMDc1MzFGQ0VCQTJBAA==,919823657415,delivered,2025-07-09 17:06:23,,,,,,
2025-07-09 17:02:48,919205888736,650615708140466,wamid.HBgMOTE4NzQzODEyODAwFQIAERgSQ0E4MTg3REJFNDE2NTVFRkQ3AA==,919818531017,delivered,2025-07-09 17:02:48,,,,,,
2025-07-09 17:07:42,918929532648,724637984055655,wamid.HBgMOTE5OTk5NzU1NTYyFQIAERgSRkQwN0E1MTk5MDFCRTI5NzVEAA==,919811419599,delivered,2025-07-09 17:07:42,,,,,,
2025-07-09 17:03:28,918929532648,724637984055655,wamid.HBgMOTE5MzE5OTcyMTcyFQIAERgSRTJEQTg0MDYzMzcyNjM4NjkwAA==,919873230726,delivered,2025-07-09 17:03:28,,,,,,
2025-07-09 17:06:08,918929532648,724637984055655,wamid.HBgMOTE5OTU4NzI0NDQyFQIAERgSQ0E3NEYxNzY3QjIyQ0RDMkRGAA==,919599964771,delivered,2025-07-09 17:06:08,,,,,,
2025-07-09 17:03:55,918929546200,725569473962618,wamid.HBgMOTE5OTk5MzkyOTg2FQIAERgSRDQwNzFGMUI3MEIzQUVCQTRFAA==,919824569735,delivered,2025-07-09 17:03:55,,,,,,
2025-07-09 17:05:02,918929546200,725569473962618,wamid.HBgMOTE3NTA2Njk0NTYzFQIAERgSODg0RkM0MDE4NDExRDYwNTJBAA==,919797979787,delivered,2025-07-09 17:05:02,,,,,,
2025-07-09 17:04:05,918929532648,724637984055655,wamid.HBgMOTE5ODczNzQxMTE3FQIAERgSQTlFRjkyRUI1NUQ3NjMwMDg2AA==,919717466687,delivered,2025-07-09 17:04:05,,,,,,
2025-07-09 17:04:06,919205888736,650615708140466,wamid.HBgMOTE4NzAwMjcyMzY3FQIAERgSRTg0Qzc5MkQxMzUyM0Y2QkZEAA==,919871537005,delivered,2025-07-09 17:04:06,,,,,,
2025-07-09 17:03:46,918929532648,724637984055655,wamid.HBgMOTE5ODE1NDQxMzk5FQIAERgSREUwMzg1MjM1MTBERUJFRUMwAA==,919811599713,delivered,2025-07-09 17:03:46,,,,,,
2025-07-09 17:07:32,918929546200,725569473962618,wamid.HBgMOTE5NzExMzY4NjQwFQIAERgSNjlCRTYyNDI2NDQ0OEU0QzIzAA==,919818863237,delivered,2025-07-09 17:07:32,,,,,,
2025-07-09 17:04:04,918929532648,724637984055655,wamid.HBgMOTE5ODE4NDAwNzEyFQIAERgSNkI2QzZCQTdCMUVGODZFRUExAA==,919698391380,delivered,2025-07-09 17:04:04,,,,,,
2025-07-09 17:05:39,918929546200,725569473962618,wamid.HBgMOTE5ODczNTM3OTcwFQIAERgSOTQzNjI4NDNCNUNFQjUzMzA0AA==,919711991914,delivered,2025-07-09 17:05:39,,,,,,
2025-07-09 17:07:11,918929546200,725569473962618,wamid.HBgMOTE4ODYwODU5Nzg0FQIAERgSNEE5QURFNTAwM0MxODBCREYwAA==,919586321548,delivered,2025-07-09 17:07:11,,,,,,
2025-07-09 17:06:25,918929532648,724637984055655,wamid.HBgMOTE4OTI5NzQ2ODIxFQIAERgSNjcwNTg0RkNCOEY1OTVGMDMxAA==,919632581555,delivered,2025-07-09 17:06:25,,,,,,
2025-07-09 17:05:47,919205888736,650615708140466,wamid.HBgMOTE2MjA1MTU2Mzg3FQIAERgSQzZCMTJGNURBQUZGOTM5REEyAA==,919869756465,delivered,2025-07-09 17:05:47,,,,,,
2025-07-09 17:05:39,918929546200,725569473962618,wamid.HBgMOTE5ODczNDMxODAxFQIAERgSN0U4MkRDMjAzMzEzOEI4QzgyAA==,919716123997,delivered,2025-07-09 17:05:39,,,,,,
2025-07-09 17:02:55,918929546200,725569473962618,wamid.HBgMOTE5ODczMDA4MjIyFQIAERgSQjRGNzZENTZFRjlBMEVBMjkwAA==,919717399916,delivered,2025-07-09 17:02:55,,,,,,
2025-07-09 17:05:52,919205888736,650615708140466,wamid.HBgMOTE5ODgzNjczMTQzFQIAERgSQzBDODU5RjI4ODExNTQ1QkY4AA==,919818828587,delivered,2025-07-09 17:05:52,,,,,,
2025-07-09 17:07:46,919205888736,650615708140466,wamid.HBgMOTE4NTk1Njg3NzcyFQIAERgSQTAzMDA3NjBGMTc3NTEwRjI2AA==,919811801266,delivered,2025-07-09 17:07:46,,,,,,
2025-07-09 17:03:48,918929546200,725569473962618,wamid.HBgMOTE5NjUwMjYyNDY4FQIAERgSMTA0MDFFNUZDODRDMkRBRUQ3AA==,919811653341,delivered,2025-07-09 17:03:48,,,,,,
2025-07-09 17:06:24,918929546200,725569473962618,wamid.HBgMOTE3Njc4NDE1NTY5FQIAERgSQjZFOEMyRUU2MjY0MjNBRDM2AA==,919813434601,delivered,2025-07-09 17:06:24,,,,,,
2025-07-09 17:07:01,919205888736,650615708140466,wamid.HBgMOTE4ODAwNzIyNjg4FQIAERgSNjc1NDc4Q0M2MDhGQjE5RUJFAA==,919711166251,delivered,2025-07-09 17:07:01,,,,,,
2025-07-09 17:05:54,918929546200,725569473962618,wamid.HBgMOTE5NzExNjE4MDgwFQIAERgSNUVBN0Y5RjhERDYzQ0JBRDVEAA==,919811137842,delivered,2025-07-09 17:05:54,,,,,,
2025-07-09 17:07:15,918929532648,724637984055655,wamid.HBgMOTE5NjkxMDUwNTg1FQIAERgSOENFREZFQkRDODJDQTlEQUEzAA==,919650790295,delivered,2025-07-09 17:07:15,,,,,,
2025-07-09 17:06:56,918929546200,725569473962618,wamid.HBgMOTE5NTgyODI0MzMxFQIAERgSRUY5MjUyQTJDMDE4OUNCRkRGAA==,919716979932,delivered,2025-07-09 17:06:56,,,,,,
2025-07-09 17:07:24,918929546200,725569473962618,wamid.HBgMOTE5NTYwMzkzOTY2FQIAERgSMEM2MDZBMDNFQTEyMDk1M0QwAA==,919873211369,delivered,2025-07-09 17:07:24,,,,,,
2025-07-09 17:04:55,919205888736,650615708140466,wamid.HBgMOTE4OTE4NzU4MTYyFQIAERgSMzFFRkQ3MzA5QjY2NTlBNzQ0AA==,919654589000,delivered,2025-07-09 17:04:55,,,,,,
2025-07-09 17:07:29,918929546200,725569473962618,wamid.HBgMOTE3NzU0OTY4MzE2FQIAERgSOEUzRTVBNEEzM0FCQUIxQUIxAA==,919599937493,delivered,2025-07-09 17:07:29,,,,,,
2025-07-09 17:03:05,918929546200,725569473962618,wamid.HBgMOTE5NjU0NTQyNDkwFQIAERgSMDQxRDRERTNDNUE5RDNBRjZGAA==,919718760475,delivered,2025-07-09 17:03:05,,,,,,
2025-07-09 17:05:31,919205888736,650615708140466,wamid.HBgMOTE5NzExNjE4MDgwFQIAERgSQUM2ODUwOTIwQjc4QkQwRkE5AA==,919711960743,delivered,2025-07-09 17:05:31,,,,,,
2025-07-09 17:04:17,919205888736,650615708140466,wamid.HBgMOTE5ODEwNzA3OTgzFQIAERgSNDI4NTNCQjcyQjlGQUZFRkIzAA==,919654667562,delivered,2025-07-09 17:04:17,,,,,,
2025-07-09 17:04:14,918929546200,725569473962618,wamid.HBgMOTE5NzE3MTEwNTM1FQIAERgSRTBFRTAxNzlEMEIyMEU3RkRDAA==,919717573831,delivered,2025-07-09 17:04:14,,,,,,
2025-07-09 17:04:26,918929546200,725569473962618,wamid.HBgMOTE5ODEyOTI3MzMzFQIAERgSQzJFODc4NjE5QUQyMUVCNEQ1AA==,919818356292,delivered,2025-07-09 17:04:26,,,,,,
2025-07-09 17:04:00,918929546200,725569473962618,wamid.HBgMOTE5NzE3MDA0MTc1FQIAERgSODIwQjE3Mzk1RkVDNjI0MDI4AA==,919841544825,delivered,2025-07-09 17:04:00,,,,,,
2025-07-09 17:05:11,918929532648,724637984055655,wamid.HBgMOTE5ODk5MDU4MTEwFQIAERgSRDk5NjIxNERCMDBBOTY4MzA1AA==,919657789325,delivered,2025-07-09 17:05:11,,,,,,
2025-07-09 17:03:15,918929546200,725569473962618,wamid.HBgMOTE5ODE5NDM3NDg5FQIAERgSMjAwODNENTI5MjczMzJCMTlDAA==,919810110354,delivered,2025-07-09 17:03:15,,,,,,
2025-07-09 17:06:10,918929532648,724637984055655,wamid.HBgMOTE5ODcxMTI1MTE1FQIAERgSRUMyM0MwQ0VGMThFMjc4RjFCAA==,919582477052,delivered,2025-07-09 17:06:10,,,,,,
2025-07-09 17:06:41,918929532648,724637984055655,wamid.HBgMOTE5NzE3NTMzNTQyFQIAERgSOTdGQjg5MUQyMjc2MzY1QTYwAA==,919728280321,delivered,2025-07-09 17:06:41,,,,,,
2025-07-09 17:02:51,918929532648,724637984055655,wamid.HBgMOTE3MDgyMDAwNDgwFQIAERgSMzQxRTBDQUU0QjczQzk0MTJCAA==,919728272444,delivered,2025-07-09 17:02:51,,,,,,
2025-07-09 17:07:38,918929532648,724637984055655,wamid.HBgMOTE5NzExNjYyMjA0FQIAERgSREU0Rjg5MDNGQzI4QzI2OUVCAA==,919784456421,delivered,2025-07-09 17:07:38,,,,,,
2025-07-09 17:05:02,918929546200,725569473962618,wamid.HBgMOTE5OTU4MTExNzY5FQIAERgSMEE1ODA5QUU5RENBNkEyQTE5AA==,919713517210,delivered,2025-07-09 17:05:02,,,,,,
2025-07-09 17:04:53,918929532648,724637984055655,wamid.HBgMOTE5NjQzMDcwODA3FQIAERgSQTg2NEM4REUzRjBDMUExMkQ2AA==,919824586328,delivered,2025-07-09 17:04:53,,,,,,
2025-07-09 17:03:00,918929532648,724637984055655,wamid.HBgMOTE5NzExNjA3OTM5FQIAERgSRTk3QUNEQ0MyMjUxMjAwRkNGAA==,919813254495,delivered,2025-07-09 17:03:00,,,,,,
2025-07-09 17:06:43,918929546200,725569473962618,wamid.HBgMOTE5ODEwMTEwNTA1FQIAERgSQkJGQTU3RDlEQ0ZFMkJFOTdGAA==,919711539157,delivered,2025-07-09 17:06:43,,,,,,
2025-07-09 17:04:44,918929532648,724637984055655,wamid.HBgMOTE5OTg1NDk1NjgwFQIAERgSNDM2MkVBNjBGMDI0MDIzMjdCAA==,919654139745,delivered,2025-07-09 17:04:44,,,,,,
2025-07-09 17:06:01,918929532648,724637984055655,wamid.HBgMOTE5NzE3NzU5OTgwFQIAERgSOTAwMzFGMjcyNEQ2NTMyNTNCAA==,919643281497,delivered,2025-07-09 17:06:01,,,,,,
2025-07-09 17:07:31,918929532648,724637984055655,wamid.HBgMOTE4ODcxMjI3NDM2FQIAERgSNUY4NjAzOTgxMTJBRTY2QjAwAA==,919599287335,delivered,2025-07-09 17:07:31,,,,,,
2025-07-09 17:05:48,919205888736,650615708140466,wamid.HBgMOTE4OTU2MTAwMDA1FQIAERgSQkM2MzNDRkMyMTI0QzE5RTFDAA==,919582593477,delivered,2025-07-09 17:05:48,,,,,,
2025-07-09 17:07:17,919205888736,650615708140466,wamid.HBgMOTE5ODc4OTg3OTA2FQIAERgSOTJEQUE4N0Q1QkZCOEVEQ0MxAA==,919643767729,delivered,2025-07-09 17:07:17,,,,,,
2025-07-09 17:07:00,918929532648,724637984055655,wamid.HBgMOTE5ODEwNDAyMzQ1FQIAERgSQkFBMjBGQ0JBODNCRDFFNDI3AA==,919654780207,delivered,2025-07-09 17:07:00,,,,,,
2025-07-09 17:02:59,918929546200,725569473962618,wamid.HBgMOTE5ODE4ODQ0MDE5FQIAERgSRjA5QkU1RTUyODdCNzczNTgzAA==,919812829847,delivered,2025-07-09 17:02:59,,,,,,
2025-07-09 17:03:53,918929546200,725569473962618,wamid.HBgMOTE5OTk5Njk3NTE1FQIAERgSRjM2NDk5MkI0NzU3NTEzQzdBAA==,919718299244,delivered,2025-07-09 17:03:53,,,,,,
2025-07-09 17:04:52,919205888736,650615708140466,wamid.HBgMOTE5OTk5NTcxNjE2FQIAERgSRjM4RDFCNUIyRTE1Mzg5NDk1AA==,919711468345,delivered,2025-07-09 17:04:52,,,,,,
2025-07-09 17:03:07,918929532648,724637984055655,wamid.HBgMOTE3NzQwOTYyMDY0FQIAERgSMDM3NkNDMTkzRjQxMERDMDI0AA==,919818291129,delivered,2025-07-09 17:03:07,,,,,,
2025-07-09 17:03:51,919205888736,650615708140466,wamid.HBgMOTE5NzgyMzAyNDQ0FQIAERgSMjU0MjcxN0M4NDk5NDhDNUQwAA==,919711793959,delivered,2025-07-09 17:03:51,,,,,,
2025-07-09 17:04:59,918929532648,724637984055655,wamid.HBgMOTE5NzE2MDM4ODA1FQIAERgSQjc5RjQwMTE1MDRBMjBBNEQ4AA==,919818875200,delivered,2025-07-09 17:04:59,,,,,,
2025-07-09 17:05:27,918929546200,725569473962618,wamid.HBgMOTE5MTQ5OTQxMjc4FQIAERgSMUQwNjZGMTYyNDY3MjRBOEM4AA==,919847562459,delivered,2025-07-09 17:05:27,,,,,,
2025-07-09 17:05:10,918929546200,725569473962618,wamid.HBgMOTE5NjU0NjMxMzU1FQIAERgSQkJBODM3MTlCMEI5RjRGRkE1AA==,919850185635,delivered,2025-07-09 17:05:10,,,,,,
2025-07-09 17:03:39,918929546200,725569473962618,wamid.HBgMOTE5OTk5OTU4Mzg5FQIAERgSMjQ1ODMwMjFENjI1Q0U5QjFFAA==,919810424865,delivered,2025-07-09 17:03:39,,,,,,
2025-07-09 17:03:45,919205888736,650615708140466,wamid.HBgMOTE3MDE4MTQ4OTA2FQIAERgSRjcyOTQwNUQ4MkRDNTBFQTAyAA==,919718214292,delivered,2025-07-09 17:03:45,,,,,,
2025-07-09 17:05:21,918929546200,725569473962618,wamid.HBgMOTE5OTUzNjU1MDk1FQIAERgSNEM1MDFFNDQ4OTM2NUI5MTFDAA==,919810308606,delivered,2025-07-09 17:05:21,,,,,,
2025-07-09 17:05:35,918929546200,725569473962618,wamid.HBgMOTE5OTk5MjE5MDU5FQIAERgSRTg2MDZBMDdFNEI4OTMwNjUwAA==,919810512355,delivered,2025-07-09 17:05:35,,,,,,
2025-07-09 17:07:26,918929532648,724637984055655,wamid.HBgMOTE5MDEzMDU3MDE2FQIAERgSNjM2NDNCRkRBQjMzMzYzNThCAA==,919711810242,delivered,2025-07-09 17:07:26,,,,,,
2025-07-09 17:07:20,918929546200,725569473962618,wamid.HBgMOTE5NTgyODI0MzMxFQIAERgSMDBCNzFENTkzREQ3MDdBNzk5AA==,919810541099,delivered,2025-07-09 17:07:20,,,,,,
2025-07-09 17:06:46,919205888736,650615708140466,wamid.HBgMOTE4ODEwNjQ3MzM3FQIAERgSQUVFRUM0NTZGODdCRjEwQzI5AA==,919711783104,delivered,2025-07-09 17:06:46,,,,,,
2025-07-09 17:03:13,918929546200,725569473962618,wamid.HBgMOTE3MDExNTMwNDM1FQIAERgSRDU2OTVGRDgwODBCQThBNDQ0AA==,919711724037,delivered,2025-07-09 17:03:13,,,,,,
2025-07-09 17:03:38,918929532648,724637984055655,wamid.HBgMOTE5OTAwMDkwMjY5FQIAERgSQjhGRThFNDQ5Nzk4NUVDNjlEAA==,919818319582,delivered,2025-07-09 17:03:38,,,,,,
2025-07-09 17:03:45,918929546200,725569473962618,wamid.HBgMOTE5ODkxMTI4MDA5FQIAERgSRkQzRDIwNjdENDkyRUZEMUZGAA==,919654264422,delivered,2025-07-09 17:03:45,,,,,,
2025-07-09 17:04:32,918929546200,725569473962618,wamid.HBgMOTE5OTU4MDU5NTAwFQIAERgSMDU0ODA3MTY4NTI5RTk4MUY1AA==,919650770671,delivered,2025-07-09 17:04:32,,,,,,
2025-07-09 17:05:29,919205888736,650615708140466,wamid.HBgMOTE3OTgyODUxMDE0FQIAERgSRkQwMTVCQTJFMTAzMjVERUYyAA==,919821458796,delivered,2025-07-09 17:05:29,,,,,,
2025-07-09 17:05:38,919873744492,657469204124096,wamid.HBgMOTE5NzExMzQwNTA1FQIAERgSNENCRDg5MzIxQkY0NzNCNDBCAA==,919654631560,delivered,2025-07-09 17:05:38,,,,,,
2025-07-09 17:06:38,918929532648,724637984055655,wamid.HBgMOTE5MjA1MjAwMjM4FQIAERgSQUFFRThGMEU1RkU4QUI3MTI5AA==,919711153817,delivered,2025-07-09 17:06:38,,,,,,
2025-07-09 17:04:04,919205888736,650615708140466,wamid.HBgMOTE4ODAwOTMxMjA0FQIAERgSNjI5MEZEQzE4REExRjY4NzdDAA==,919871933413,delivered,2025-07-09 17:04:04,,,,,,
2025-07-09 17:05:03,918929546200,725569473962618,wamid.HBgMOTE5ODEwNzMwNDA0FQIAERgSMzk3OTFBMUNFRUU0MDkzMjQ1AA==,919818851373,delivered,2025-07-09 17:05:03,,,,,,
2025-07-09 17:04:25,919205888736,650615708140466,wamid.HBgMOTE4NzIzOTMwMTMxFQIAERgSMEU3NkIzNTVFQTM4QjdCRUQxAA==,919868752047,delivered,2025-07-09 17:04:25,,,,,,
2025-07-09 17:05:07,919205888736,650615708140466,wamid.HBgMOTE5NzExNjE4MDgwFQIAERgSMURGQzFGQzAwOTYyNUQ1NTI2AA==,919789271072,delivered,2025-07-09 17:05:07,,,,,,
2025-07-09 17:07:47,918929546200,725569473962618,wamid.HBgMOTE5ODEwOTk5NzU0FQIAERgSNEUzNjUwOTgyM0Y2MEY2MTBDAA==,919811316718,delivered,2025-07-09 17:07:47,,,,,,
2025-07-09 17:05:05,918929546200,725569473962618,wamid.HBgMOTE5NzE3OTYzNzQ1FQIAERgSQzExQ0RBMjBBMTAzRTU5N0UwAA==,919643198665,delivered,2025-07-09 17:05:05,,,,,,
2025-07-09 17:06:39,918929532648,724637984055655,wamid.HBgMOTE5OTcxODc0NTk4FQIAERgSRTBBQ0YzQ0I3NkY2MDU3RDhDAA==,919650907748,delivered,2025-07-09 17:06:39,,,,,,
2025-07-09 17:06:58,918929532648,724637984055655,wamid.HBgMOTE5OTg4MDY4NjgyFQIAERgSQjFDODFFNjc1OTE3NkNCQkY2AA==,919718211920,delivered,2025-07-09 17:06:58,,,,,,
2025-07-09 17:04:52,918929546200,725569473962618,wamid.HBgMOTE5ODExNzY1MDI4FQIAERgSMjhDMUUzOTk2MUVFRTk3NUI4AA==,919658214365,delivered,2025-07-09 17:04:52,,,,,,
2025-07-09 17:07:37,918929532648,724637984055655,wamid.HBgMOTE5OTExMjc2Mzk4FQIAERgSMzcwRUI2OTZEQUNEMDhDNTE5AA==,919718452527,delivered,2025-07-09 17:07:37,,,,,,
2025-07-09 17:06:39,918929546200,725569473962618,wamid.HBgMOTE5NjUwMjYyNDY4FQIAERgSOTFBNkQ2MkE5NzA5NTk5RUEwAA==,919643706870,delivered,2025-07-09 17:06:39,,,,,,
2025-07-09 17:03:28,918929546200,725569473962618,wamid.HBgMOTE5OTAyODU1NDc3FQIAERgSOTNGQTRBM0YwNkNGNzYyNDcxAA==,919711834315,delivered,2025-07-09 17:03:28,,,,,,
2025-07-09 17:07:04,919205888736,650615708140466,wamid.HBgMOTE5MDY0MTEwNzI2FQIAERgSMTlFRDJFQ0FEOUU4QTVCRDMyAA==,919818542002,delivered,2025-07-09 17:07:04,,,,,,
2025-07-09 17:06:26,919205888736,650615708140466,wamid.HBgMOTE3Mjk1ODAzMDkzFQIAERgSMkE3MTk4M0I2RThCREQ3NkMyAA==,919711971779,delivered,2025-07-09 17:06:26,,,,,,
2025-07-09 17:05:23,918929532648,724637984055655,wamid.HBgMOTE5NDM3MjEyMDY3FQIAERgSNjQ3Qjk0REE2NjNBNTA3RjdEAA==,919811286752,delivered,2025-07-09 17:05:23,,,,,,
2025-07-09 17:05:50,918929532648,724637984055655,wamid.HBgMOTE5ODczODE1MTExFQIAERgSMTU0NzhENTk0NzA2MkQxNTY0AA==,919718319406,delivered,2025-07-09 17:05:50,,,,,,
2025-07-09 17:07:09,919205888736,650615708140466,wamid.HBgMOTE4ODgyMDgyNDg5FQIAERgSODc0MEZCMkVENjk4Nzc3QkVGAA==,919810101833,delivered,2025-07-09 17:07:09,,,,,,
2025-07-09 17:07:19,918929546200,725569473962618,wamid.HBgMOTE3MDQyNDk4NDAyFQIAERgSMzkyMDNDMzE3NjgxQzE4QUY2AA==,919818873531,delivered,2025-07-09 17:07:19,,,,,,
2025-07-09 17:03:30,919205888736,650615708140466,wamid.HBgMOTE3OTA1ODA3MDIxFQIAERgSQURCMDJGMTAxMEY2NEJBQzcxAA==,919818376242,delivered,2025-07-09 17:03:30,,,,,,
2025-07-09 17:06:35,919205888736,650615708140466,wamid.HBgMOTE5ODk2MTgyNDg3FQIAERgSQTlBOTJGNjgyQTA4MEREN0M3AA==,919643495509,delivered,2025-07-09 17:06:35,,,,,,
2025-07-09 17:06:48,918929546200,725569473962618,wamid.HBgMOTE5MzExODMzMzY5FQIAERgSNkY2NjUwRjcyQUY1NUM1QzhGAA==,919811292510,delivered,2025-07-09 17:06:48,,,,,,
2025-07-09 17:06:58,918929546200,725569473962618,wamid.HBgMOTE3Mzc3Nzg4ODg4FQIAERgSMTREMzQ4RTYyQUVCQUE4M0Y1AA==,919717818044,delivered,2025-07-09 17:06:58,,,,,,
2025-07-09 17:03:12,918929532648,724637984055655,wamid.HBgMOTE5MzExNjU2Nzg0FQIAERgSQ0MxMUI4RkU4NkVDQTI0MDNGAA==,919643714167,delivered,2025-07-09 17:03:12,,,,,,
2025-07-09 17:07:16,918929546200,725569473962618,wamid.HBgMOTE4MTc4MDkzNjc1FQIAERgSNzcxMjQzRTRCMjlBRTFGQzc4AA==,919811835075,delivered,2025-07-09 17:07:16,,,,,,
2025-07-09 17:05:29,918929532648,724637984055655,wamid.HBgMOTE4ODI0OTMyNDU4FQIAERgSMjcyMTkwNUZGQkE4ODJGNkQxAA==,919821534654,delivered,2025-07-09 17:05:29,,,,,,
2025-07-09 17:05:21,919205888736,650615708140466,wamid.HBgMOTE5NjQ5MTM2ODM1FQIAERgSNzhDQTNERUYyREQ2RjNGMkRFAA==,919818564084,delivered,2025-07-09 17:05:21,,,,,,
2025-07-09 17:05:02,919205888736,650615708140466,wamid.HBgMOTE5ODIxNDI4ODk2FQIAERgSMzZGOURENDQzOEJGNUQ3NzkyAA==,919862367468,delivered,2025-07-09 17:05:02,,,,,,
2025-07-09 17:04:06,918929532648,724637984055655,wamid.HBgMOTE2MjY0ODU1ODI3FQIAERgSNzExRTE1NDdDQkI5QkEyQzNEAA==,919650846330,delivered,2025-07-09 17:04:06,,,,,,
2025-07-09 17:04:15,918929546200,725569473962618,wamid.HBgMOTE5NjUwNjcxNjUzFQIAERgSMzE4QzZGQTVFQkMyRjBBRUI2AA==,919818340035,delivered,2025-07-09 17:04:15,,,,,,
2025-07-09 17:06:26,918929546200,725569473962618,wamid.HBgMOTE5OTUzNjU1MDk1FQIAERgSRTBERkE3MDNBNjQzMTkyQkU3AA==,919717333423,delivered,2025-07-09 17:06:26,,,,,,
2025-07-09 17:05:32,918929532648,724637984055655,wamid.HBgMOTE5MDQxNTQwMjc3FQIAERgSODJCOTU2MEQyRERCQUI0RUFDAA==,919716778273,delivered,2025-07-09 17:05:32,,,,,,
2025-07-09 17:06:28,919205888736,650615708140466,wamid.HBgMOTE4NzAwMDEyMTYyFQIAERgSNkE0OTk1NTEyRjM2Nzg0OTdEAA==,919718126923,delivered,2025-07-09 17:06:28,,,,,,
2025-07-09 17:02:53,919205888736,650615708140466,wamid.HBgMOTE4Mzc2OTk4ODA4FQIAERgSQ0RCMzE5OEJENkMyN0ExOEM2AA==,919717753640,delivered,2025-07-09 17:02:53,,,,,,
2025-07-09 17:05:43,919873744492,657469204124096,wamid.HBgMOTE5NzExMzQwNTA1FQIAERgSMDlGNzBEQkNEQkRCOTcxQkE2AA==,919717173526,delivered,2025-07-09 17:05:43,,,,,,
2025-07-09 17:05:48,918929532648,724637984055655,wamid.HBgMOTE5OTEwNTA5MDg2FQIAERgSQzUxQ0QxQ0ZBRTcyMDIwRDk5AA==,919818981118,delivered,2025-07-09 17:05:48,,,,,,
2025-07-09 17:06:03,918929546200,725569473962618,wamid.HBgMOTE3Mzg4NzM3MTExFQIAERgSMDhFM0NDQTdFRTE0OTFGRDM3AA==,919745612455,delivered,2025-07-09 17:06:03,,,,,,
2025-07-09 17:07:13,918929532648,724637984055655,wamid.HBgMOTE4Nzk3NjE2ODkwFQIAERgSM0VFOEZDRjE3RUE0RjFEOEY1AA==,919811513020,delivered,2025-07-09 17:07:13,,,,,,
2025-07-09 17:05:13,918929546200,725569473962618,wamid.HBgMOTE5NjUwNDE1MjcyFQIAERgSNDU4MDQ5RUU3RjcwRDBFN0IyAA==,919871029359,delivered,2025-07-09 17:05:13,,,,,,
2025-07-09 17:03:14,919205888736,650615708140466,wamid.HBgMOTE3MDg0MjM3MzkxFQIAERgSOTc1NEM1MDJDRTgxOEJEQkREAA==,919865468465,delivered,2025-07-09 17:03:14,,,,,,
2025-07-09 17:05:04,918929532648,724637984055655,wamid.HBgMOTE4NjUwMDAyMjAyFQIAERgSQzc0Qjg4NEEwQzk2NDhERjFFAA==,919868672767,delivered,2025-07-09 17:05:04,,,,,,
2025-07-09 17:06:32,919205888736,650615708140466,wamid.HBgMOTE3OTczNzg3Nzc0FQIAERgSRkRBMERCNTFBN0QwODZGODVCAA==,919811611666,delivered,2025-07-09 17:06:32,,,,,,
2025-07-09 17:07:36,918929546200,725569473962618,wamid.HBgMOTE5ODE4NjExNzg5FQIAERgSQjdBNzM5NzcyODFCQjYzMTRBAA==,919810962125,delivered,2025-07-09 17:07:36,,,,,,
2025-07-09 17:05:05,919205888736,650615708140466,wamid.HBgMOTE5NjI1NTI1Nzk0FQIAERgSNzE5NUFERjA0NTdDMzdFRjg0AA==,919587411359,delivered,2025-07-09 17:05:05,,,,,,
2025-07-09 17:04:45,919205888736,650615708140466,wamid.HBgMOTE4ODAwOTMxMjA0FQIAERgSNjMzNkYyREVBOUMxNTc4QjQwAA==,919711619173,delivered,2025-07-09 17:04:45,,,,,,
2025-07-09 17:04:27,918929546200,725569473962618,wamid.HBgMOTE5OTcxNjM4MjMzFQIAERgSQTE5RjBENTk1NEJGMDdFNEI2AA==,919810867764,delivered,2025-07-09 17:04:27,,,,,,
2025-07-09 17:02:55,918929546200,725569473962618,wamid.HBgMOTE5NzE3MTEwNTM1FQIAERgSRjc2MThGNUJDMUE2MDQ1RkZBAA==,919711524863,delivered,2025-07-09 17:02:55,,,,,,
2025-07-09 17:06:09,919205888736,650615708140466,wamid.HBgMOTE4ODQwMjcwMDY2FQIAERgSM0QxOTJFQzk1MzgyMjA0NzBFAA==,919718061224,delivered,2025-07-09 17:06:09,,,,,,
2025-07-09 17:06:35,918929546200,725569473962618,wamid.HBgMOTE5OTU4MDU5NTAwFQIAERgSM0M5NDQzQzM1QjMzOEQ1NjRGAA==,919811132550,delivered,2025-07-09 17:06:35,,,,,,
2025-07-09 17:07:44,919205888736,650615708140466,wamid.HBgMOTE5OTU4MzkzNzY5FQIAERgSRTYyN0VBNTk1QzE3Q0RFMjU1AA==,919856456322,delivered,2025-07-09 17:07:44,,,,,,
2025-07-09 17:03:56,918929532648,724637984055655,wamid.HBgMOTE3OTgyNjMwNTA4FQIAERgSNUNGQzZDNzU5RDYzMUY1OTIyAA==,919871846996,delivered,2025-07-09 17:03:56,,,,,,
2025-07-09 17:03:01,918929532648,724637984055655,wamid.HBgMOTE5ODk5OTA4ODk4FQIAERgSMjdBNzMwQzUwNDg3MDQ2MkY5AA==,919811878560,delivered,2025-07-09 17:03:01,,,,,,
2025-07-09 17:04:32,918929546200,725569473962618,wamid.HBgMOTE4NTk1NzkxOTE4FQIAERgSODAxMTEzQzNGRDNEMzQ4Rjg3AA==,919871091387,delivered,2025-07-09 17:04:32,,,,,,
2025-07-09 17:05:15,919205888736,650615708140466,wamid.HBgMOTE4NzQzODEyODAwFQIAERgSRjAzNjZGNzk3NDJFRTIyNDgzAA==,919810096653,delivered,2025-07-09 17:05:15,,,,,,
2025-07-09 17:03:53,918929532648,724637984055655,wamid.HBgMOTE4MDc3Mjk5MTQ0FQIAERgSQjQ3NzY4ODIxRUM3QzA3OTgyAA==,919810693624,delivered,2025-07-09 17:03:53,,,,,,
2025-07-09 17:06:41,918929532648,724637984055655,wamid.HBgMOTE5MzE5MDkwOTIxFQIAERgSQTNBMTRFNTM5RTNEM0U5ODdDAA==,919650146993,delivered,2025-07-09 17:06:41,,,,,,
2025-07-09 17:03:22,919205888736,650615708140466,wamid.HBgMOTE5NzE3NzU2NDk5FQIAERgSMkNCRDJBQjNGMjc2MjQwNjNDAA==,919718720712,delivered,2025-07-09 17:03:22,,,,,,
2025-07-09 17:03:22,918929546200,725569473962618,wamid.HBgMOTE5OTU4MjA0MDE4FQIAERgSREQ3OEZGRjU3N0Y0NzFBM0JBAA==,919711797600,delivered,2025-07-09 17:03:22,,,,,,
2025-07-09 17:05:38,918929546200,725569473962618,wamid.HBgMOTE5OTcxMzA3NzYyFQIAERgSMDA3NTk3NzIxQzIyRThGNTU4AA==,919718399230,delivered,2025-07-09 17:05:38,,,,,,
2025-07-09 17:07:37,918929546200,725569473962618,wamid.HBgMOTE4MDEwMTAyMjcwFQIAERgSQTU2MENEODUzMENDMzJFRkJFAA==,919643000330,delivered,2025-07-09 17:07:37,,,,,,
2025-07-09 17:07:34,919205888736,650615708140466,wamid.HBgMOTE4MTMwMzIyNTY0FQIAERgSQzhERUMzRDk3QkNDQzIzQzA0AA==,919716049400,delivered,2025-07-09 17:07:34,,,,,,
2025-07-09 17:04:32,919205888736,650615708140466,wamid.HBgMOTE5OTU4Mzk5OTIwFQIAERgSNUNFMzc5RDI2N0QyOTM1MkY0AA==,919717796622,delivered,2025-07-09 17:04:32,,,,,,
2025-07-09 17:07:06,918929546200,725569473962618,wamid.HBgMOTE5NjQ2NzcyMzYxFQIAERgSRjVBMkY3OEI2NDY1ODFEREZCAA==,919810958328,delivered,2025-07-09 17:07:06,,,,,,
2025-07-09 17:03:15,918929546200,725569473962618,wamid.HBgMOTE5OTY3Mzk2NjY2FQIAERgSNkU4OUJENjI1MERCRUVDMEQwAA==,919811453085,delivered,2025-07-09 17:03:15,,,,,,
2025-07-09 17:04:51,918929532648,724637984055655,wamid.HBgMOTE5ODc0ODQwMDM2FQIAERgSQzRFMDFFMjYyMEY5RUM0RTlGAA==,919810990407,delivered,2025-07-09 17:04:51,,,,,,
2025-07-09 17:04:15,918929546200,725569473962618,wamid.HBgMOTE5ODcxOTY4MzA1FQIAERgSRUY0Mjc0OUJFMEQ2N0Q0NDI5AA==,919871061410,delivered,2025-07-09 17:04:15,,,,,,
2025-07-09 17:07:25,918929546200,725569473962618,wamid.HBgMOTE5MjIwMTQ0NTY2FQIAERgSMzVDODkwRUY2RDEyNjg5Qjg4AA==,919810604117,delivered,2025-07-09 17:07:25,,,,,,
2025-07-09 17:06:13,918929546200,725569473962618,wamid.HBgMOTE3Njc4NDE1NTY5FQIAERgSQTQxMzBBNzEzQzk1RTU3QzM5AA==,919810704048,delivered,2025-07-09 17:06:13,,,,,,
2025-07-09 17:03:47,918929532648,724637984055655,wamid.HBgMOTE3NjY4NzIwNTEzFQIAERgSRERBMTQ0QzI3RkMzNUE3RTFEAA==,919818981886,delivered,2025-07-09 17:03:47,,,,,,
2025-07-09 17:07:28,918929532648,724637984055655,wamid.HBgMOTE4Mjg3MTE2NzY5FQIAERgSNDEwMzk2OTlGNkMxQkM2Nzk4AA==,919654538984,delivered,2025-07-09 17:07:28,,,,,,
2025-07-09 17:04:00,918929546200,725569473962618,wamid.HBgMOTE5NzExNDA0Njk2FQIAERgSOUUwRkIzQjQ1MjBERUQ0QzREAA==,919582272615,delivered,2025-07-09 17:04:00,,,,,,
2025-07-09 17:06:11,918929532648,724637984055655,wamid.HBgMOTE5NzUzNjY4NDU2FQIAERgSNUEyOUYzQzIzRTZBQjVCNzM2AA==,919852454565,delivered,2025-07-09 17:06:11,,,,,,
2025-07-09 17:04:49,918929532648,724637984055655,wamid.HBgMOTE5OTk5ODE2NjY4FQIAERgSMDNERkI1QUExOEM2MUY4N0U5AA==,919811346556,delivered,2025-07-09 17:04:49,,,,,,
2025-07-09 17:03:27,919205888736,650615708140466,wamid.HBgMOTE5OTcxODc5NjQxFQIAERgSRDdENEUyQjJFMDQxMDRENUM5AA==,919717009161,delivered,2025-07-09 17:03:27,,,,,,
2025-07-09 17:07:11,919205888736,650615708140466,wamid.HBgMOTE5ODEwMzE3MzA5FQIAERgSRkJERUU4NzFDQjcwQzIwQUU0AA==,919811934173,delivered,2025-07-09 17:07:11,,,,,,
2025-07-09 17:06:17,918929546200,725569473962618,wamid.HBgMOTE5OTk5Njk3NTE1FQIAERgSMzMzNEZGODVBNDE5NEZGOTMwAA==,919871440802,delivered,2025-07-09 17:06:17,,,,,,
2025-07-09 17:07:04,918929546200,725569473962618,wamid.HBgMOTE4MDc2NzQzNzEyFQIAERgSMjIyNEFERjRCMDE5OERCMTY2AA==,919873072747,delivered,2025-07-09 17:07:04,,,,,,
2025-07-09 17:04:32,918929532648,724637984055655,wamid.HBgMOTE5NjUwNjIxMjU3FQIAERgSODkzREI1RkFGMjUzQUQzOUU2AA==,919810493172,delivered,2025-07-09 17:04:32,,,,,,
2025-07-09 17:03:34,918929546200,725569473962618,wamid.HBgMOTE5ODk5ODg3NTkzFQIAERgSMjBFQzhBMUZEOUZGMEEyNzM4AA==,919711307308,delivered,2025-07-09 17:03:34,,,,,,
2025-07-09 17:05:18,918929546200,725569473962618,wamid.HBgMOTE5NzE2ODk0NDM0FQIAERgSNUEzNkZCM0MwODFBQkIxRUYxAA==,919717277899,delivered,2025-07-09 17:05:18,,,,,,
2025-07-09 17:07:03,919205888736,650615708140466,wamid.HBgMOTE5NDc5NjM3MjQ0FQIAERgSQTBFNjU1MEVFM0IwQUUxOEMyAA==,919786451213,delivered,2025-07-09 17:07:03,,,,,,
2025-07-09 17:02:54,918929627512,679864135212915,wamid.HBgMOTE5NzExMzQwNTA1FQIAERgSNzM1MUYwQUQ4N0Q4QkE3NThFAA==,919818353366,delivered,2025-07-09 17:02:54,,,,,,
2025-07-09 17:03:36,918929546200,725569473962618,wamid.HBgMOTE5OTk5MDA3OTU4FQIAERgSQkJGMzkxRkQ4Q0VCRjNFRDM4AA==,919811660259,delivered,2025-07-09 17:03:36,,,,,,
2025-07-09 17:07:04,918929546200,725569473962618,wamid.HBgMOTE5ODcxOTY4MzA1FQIAERgSMTJBMTJBNDFGQzBDMzQwNEI0AA==,919777555444,delivered,2025-07-09 17:07:04,,,,,,
2025-07-09 17:07:07,919205888736,650615708140466,wamid.HBgMOTE3MDE1OTc0Njg0FQIAERgSNDdDRDlEMTc0Q0U4Nzg4QURCAA==,919718772864,delivered,2025-07-09 17:07:07,,,,,,
2025-07-09 17:03:13,918929546200,725569473962618,wamid.HBgMOTE4MTc4MDkzNjc1FQIAERgSNENEMEEzRkU2MzY2NjAwN0IyAA==,919716918147,delivered,2025-07-09 17:03:13,,,,,,
2025-07-09 17:06:45,918929546200,725569473962618,wamid.HBgMOTE5ODEwMzQ3OTIxFQIAERgSNzBBMUNDNkJGM0FDQTE5MjgzAA==,919818088456,delivered,2025-07-09 17:06:45,,,,,,
2025-07-09 17:04:09,918929532648,724637984055655,wamid.HBgMOTE5ODk5OTA0ODQ0FQIAERgSQkZGNjlBNTRDOTg2NDdBQTgwAA==,919818607580,delivered,2025-07-09 17:04:09,,,,,,
2025-07-09 17:07:03,918929546200,725569473962618,wamid.HBgMOTE2Mzc1MDY1NjA1FQIAERgSOTRFQjRERTY0MjQ0QTcyRThFAA==,919711871180,delivered,2025-07-09 17:07:03,,,,,,
2025-07-09 17:06:36,918929546200,725569473962618,wamid.HBgMOTE5NzE3MTEwNTM1FQIAERgSQTI5REZBM0JFMzVDNEFEOTZDAA==,919810974788,delivered,2025-07-09 17:06:36,,,,,,
2025-07-09 17:06:34,919205888736,650615708140466,wamid.HBgMOTE5NzE3OTgzMzU4FQIAERgSMjZGMjI4NTc0REE1RkYxQTJBAA==,919650028502,delivered,2025-07-09 17:06:34,,,,,,
2025-07-09 17:03:28,918929532648,724637984055655,wamid.HBgMOTE5NzExNjE4MDgwFQIAERgSNkY5M0Q3RjQ1MDdCMjEwNUQ2AA==,919582242436,delivered,2025-07-09 17:03:28,,,,,,
2025-07-09 17:03:20,918929532648,724637984055655,wamid.HBgMOTE4MDc3Mjk5MTQ0FQIAERgSMjIwOUU3OUY3ODQyRTAzQjg0AA==,919717099007,delivered,2025-07-09 17:03:20,,,,,,
2025-07-09 17:07:07,919205888736,650615708140466,wamid.HBgMOTE4ODAyMDgxNjg4FQIAERgSMzk4RTRENUZDQkU4RkY2NUY1AA==,919717678529,delivered,2025-07-09 17:07:07,,,,,,
2025-07-09 17:05:16,919205888736,650615708140466,wamid.HBgMOTE3NDI4ODk5MDQzFQIAERgSNUYyRDlDNkRGQzgzOURGQkU3AA==,919654504489,delivered,2025-07-09 17:05:16,,,,,,
2025-07-09 17:06:57,918929532648,724637984055655,wamid.HBgMOTE5OTU4MTY2ODQxFQIAERgSRUExNDYyQTQyMUNDNkRBNEJGAA==,919718173802,delivered,2025-07-09 17:06:57,,,,,,
2025-07-09 17:07:23,918929546200,725569473962618,wamid.HBgMOTE5ODE4NDAwNzEyFQIAERgSNkM2OTRFMEY4QUQ2MDQyRjYwAA==,919811766651,delivered,2025-07-09 17:07:23,,,,,,
2025-07-09 17:07:47,918929546200,725569473962618,wamid.HBgMOTE5MTIyODU5MzY3FQIAERgSQ0UwRTJEM0E0MkMyREZDQ0Y4AA==,919711471509,delivered,2025-07-09 17:07:47,,,,,,
2025-07-09 17:03:45,918929546200,725569473962618,wamid.HBgMOTE3NjY4MzA4MzEwFQIAERgSNDI0QUZDRjMyQTdEMkIwQjk4AA==,919811047481,delivered,2025-07-09 17:03:45,,,,,,
2025-07-09 17:05:10,918929546200,725569473962618,wamid.HBgMOTE5OTk5NjEyMTYyFQIAERgSNEQwNjYxNjA2QTc4MzQzNkVEAA==,919871627140,delivered,2025-07-09 17:05:10,,,,,,
2025-07-09 17:03:47,918929546200,725569473962618,wamid.HBgMOTE5OTI3MDEzMDAwFQIAERgSOEI4Q0Y0Nzc4MEY2NjFEMjdDAA==,919811559411,delivered,2025-07-09 17:03:47,,,,,,
2025-07-09 17:07:12,918929546200,725569473962618,wamid.HBgMOTE4MjE4NzQ1NTI1FQIAERgSODYyNzZFMEU4REI3MjQwMERBAA==,919718400968,delivered,2025-07-09 17:07:12,,,,,,
2025-07-09 17:04:42,918929532648,724637984055655,wamid.HBgMOTE3OTg2MDE2MjkyFQIAERgSQjIzQkE0OTA3QkIwMzBCQkE0AA==,919711183890,delivered,2025-07-09 17:04:42,,,,,,
2025-07-09 17:02:51,918929546200,725569473962618,wamid.HBgMOTE5ODEwMjM3OTQzFQIAERgSQjQwREU5M0U5M0U5OEE5ODU4AA==,919810480919,delivered,2025-07-09 17:02:51,,,,,,
2025-07-09 17:07:33,918929546200,725569473962618,wamid.HBgMOTE5OTg1NDk1NjgwFQIAERgSNjE4MTg1NEY1REMzQTVGODZFAA==,919728409095,delivered,2025-07-09 17:07:33,,,,,,
2025-07-09 17:06:20,919205888736,650615708140466,wamid.HBgMOTE5NjMwNTQ4OTYzFQIAERgSMzg3NENGN0Y1MUI1NTg0QjI4AA==,919818608074,delivered,2025-07-09 17:06:20,,,,,,
2025-07-09 17:05:39,918929546200,725569473962618,wamid.HBgMOTE5OTU4NTgwODc3FQIAERgSQkM2MDg3QjNCM0Q0N0ZEODBFAA==,919811471818,delivered,2025-07-09 17:05:39,,,,,,
2025-07-09 17:06:34,919205888736,650615708140466,wamid.HBgMOTE4NjUwMDAyMjAyFQIAERgSQkM5NzdCNTMwNjJENjBCNjkwAA==,919654019271,delivered,2025-07-09 17:06:34,,,,,,
2025-07-09 17:04:47,919205888736,650615708140466,wamid.HBgMOTE4MjA5MTc1OTUwFQIAERgSMUU0OUY1OUY4RUEwNTJCQkU0AA==,919643772827,delivered,2025-07-09 17:04:47,,,,,,
2025-07-09 17:06:57,919205888736,650615708140466,wamid.HBgMOTE5MjA1NDUzNTQzFQIAERgSODQzNTY4Mjg4OUQzOTg1QkMyAA==,919810688632,delivered,2025-07-09 17:06:57,,,,,,
2025-07-09 17:06:57,918929546200,725569473962618,wamid.HBgMOTE4MTMwNDQxOTc1FQIAERgSQjdCMDU4QzA4OEZBOEEzODczAA==,919717491330,delivered,2025-07-09 17:06:57,,,,,,
2025-07-09 17:07:29,918929546200,725569473962618,wamid.HBgMOTE4Mjg3MzY0NjQzFQIAERgSQkQyMkQ4QzRDRTZDNjU3NDAzAA==,919729493652,delivered,2025-07-09 17:07:29,,,,,,
2025-07-09 17:07:32,919205888736,650615708140466,wamid.HBgMOTE3NzU0OTY4MzE2FQIAERgSOUJFOEI2QkM0NDQ1MDczOThGAA==,919811317200,delivered,2025-07-09 17:07:32,,,,,,
2025-07-09 17:05:36,918929546200,725569473962618,wamid.HBgMOTE4Nzc5OTAyODI5FQIAERgSQzUzRkZBNzM2OEY1MTFBRUFCAA==,919718306770,delivered,2025-07-09 17:05:36,,,,,,
2025-07-09 17:03:29,918929546200,725569473962618,wamid.HBgMOTE5NzE2NzUwMjcwFQIAERgSQjg3NzJFNTM5NjIzMTQ0MDJFAA==,919711151733,delivered,2025-07-09 17:03:29,,,,,,
2025-07-09 17:02:58,918929532648,724637984055655,wamid.HBgMOTE5NTE1NzMzNDIyFQIAERgSRDI3Rjg0RkRFQjNEMzc2RjI3AA==,919650518058,delivered,2025-07-09 17:02:58,,,,,,
2025-07-09 17:04:21,918929546200,725569473962618,wamid.HBgMOTE4ODAwOTMxMjA0FQIAERgSRkU1MDVFMURENzYzRDlFMUMzAA==,919582946610,delivered,2025-07-09 17:04:21,,,,,,
2025-07-09 17:06:29,919205888736,650615708140466,wamid.HBgMOTE5ODczNTAwMDkyFQIAERgSQjA5NzU0OENCNTA0RkRCRUU2AA==,919718045602,delivered,2025-07-09 17:06:29,,,,,,
2025-07-09 17:04:57,919205888736,650615708140466,wamid.HBgMOTE4MjA3MDIzOTQ5FQIAERgSMTRCRTI1QUYwNjcyQzA3Nzk5AA==,919810893654,delivered,2025-07-09 17:04:57,,,,,,
2025-07-09 17:05:41,919205888736,650615708140466,wamid.HBgMOTE5ODI1OTkwMjU2FQIAERgSNUFBMTVFRjBDNkIxRTc0MkRGAA==,919818176118,delivered,2025-07-09 17:05:41,,,,,,
2025-07-09 17:05:42,919205888736,650615708140466,wamid.HBgMOTE5ODk5NjM2MzcwFQIAERgSQjVCREY2NDlGOTg2OTdEMkM1AA==,919818228917,delivered,2025-07-09 17:05:42,,,,,,
2025-07-09 17:06:52,919205888736,650615708140466,wamid.HBgMOTE5NTgyODI3MzY4FQIAERgSOENDMTVDMkU3M0Y1MjI1OEU2AA==,919810045871,delivered,2025-07-09 17:06:52,,,,,,
2025-07-09 17:05:46,918929546200,725569473962618,wamid.HBgMOTE5MDc5NjAzMTU2FQIAERgSRTYxN0I2ODVDRTU2MzA4RjA1AA==,919728980837,delivered,2025-07-09 17:05:46,,,,,,
2025-07-09 17:06:02,918929546200,725569473962618,wamid.HBgMOTE4MDA5MzU0MDIxFQIAERgSMURCMjc3RTBCRjhBQjEwMzZGAA==,919871027506,delivered,2025-07-09 17:06:02,,,,,,
2025-07-09 17:06:49,918929532648,724637984055655,wamid.HBgMOTE5OTg1NDk1NjgwFQIAERgSNkUxNjRBMjhFNEU2MDMzNkU0AA==,919643604513,delivered,2025-07-09 17:06:49,,,,,,
2025-07-09 17:04:28,918929532648,724637984055655,wamid.HBgMOTE5ODk5OTY0MDc3FQIAERgSMkI2OEIwOUI4RENENjI5Q0RGAA==,919818683757,delivered,2025-07-09 17:04:28,,,,,,
2025-07-09 17:04:35,919205888736,650615708140466,wamid.HBgMOTE5OTUzNzc3NzcxFQIAERgSQjFGMjM3NkJENjgzRUM3QUUzAA==,919865456464,delivered,2025-07-09 17:04:35,,,,,,
2025-07-09 17:05:58,918929532648,724637984055655,wamid.HBgMOTE5ODEwNjk5NjY1FQIAERgSNDhFODIyODQ3QTQ1RENDMkI5AA==,919810366530,delivered,2025-07-09 17:05:58,,,,,,
2025-07-09 17:03:09,918929546200,725569473962618,wamid.HBgMOTE5OTk5ODcwNTY0FQIAERgSODAzQTQ2ODE2Njk4REYxMDk5AA==,919811456987,delivered,2025-07-09 17:03:09,,,,,,
2025-07-09 17:03:03,919205888736,650615708140466,wamid.HBgMOTE5Mjg5Njc4NzA0FQIAERgSODI1QzI2Q0ZCRjkwMjA4MTNGAA==,919716949605,delivered,2025-07-09 17:03:03,,,,,,
2025-07-09 17:05:50,918929546200,725569473962618,wamid.HBgMOTE5NzExNDUwNDY1FQIAERgSRTc3MTEwRUZENDk2MENFMkYzAA==,919871296089,delivered,2025-07-09 17:05:50,,,,,,
2025-07-09 17:07:22,918929532648,724637984055655,wamid.HBgMOTE5NjY3NjE5MTgwFQIAERgSM0ZFMzFFNDZFNDZBQjE3NjNFAA==,919654517979,delivered,2025-07-09 17:07:22,,,,,,
2025-07-09 17:05:45,918929532648,724637984055655,wamid.HBgMOTE4MDkwMDk0MTU5FQIAERgSNDkwQjBBQjE4QTk3RkNBRjI3AA==,919810712944,delivered,2025-07-09 17:05:45,,,,,,
2025-07-09 17:03:01,919205888736,650615708140466,wamid.HBgMOTE3MDY1NTM2NzM2FQIAERgSMjI3MTY5QzM4NERBOUZFNkQ0AA==,919711549080,delivered,2025-07-09 17:03:01,,,,,,
2025-07-09 17:07:12,918929532648,724637984055655,wamid.HBgMOTE3NzAxOTc3Mjg5FQIAERgSMzY4M0VGNzM2QUY1QkMwMTYzAA==,919818845747,delivered,2025-07-09 17:07:12,,,,,,
2025-07-09 17:03:13,918929546200,725569473962618,wamid.HBgMOTE5ODk5ODg3NTkzFQIAERgSQkE0RDgxMTk1MjVFOTQxRUYxAA==,919650652538,delivered,2025-07-09 17:03:13,,,,,,
2025-07-09 17:03:21,918929546200,725569473962618,wamid.HBgMOTE5OTk5NjEyMTYyFQIAERgSQkNEODM1RkFCRDdEMkQ4RTg1AA==,919865876132,delivered,2025-07-09 17:03:21,,,,,,
2025-07-09 17:04:06,918929532648,724637984055655,wamid.HBgMOTE5ODIxNTAzMDk4FQIAERgSMjhBRjcwRkM5QzlGNTE1MjZGAA==,919873155125,delivered,2025-07-09 17:04:06,,,,,,
2025-07-09 17:03:24,919205888736,650615708140466,wamid.HBgMOTE5NDc5NjM3MjQ0FQIAERgSQTBFNjU1MEVFM0IwQUUxOEMyAA==,919845632117,delivered,2025-07-09 17:03:24,,,,,,
2025-07-09 17:03:14,918929532648,724637984055655,wamid.HBgMOTE4ODk5Njk2MzIyFQIAERgSMDFFRDk1NEJGOTZDMDY0NEI3AA==,919718951118,delivered,2025-07-09 17:03:14,,,,,,
2025-07-09 17:07:18,918929546200,725569473962618,wamid.HBgMOTE4ODAwNTUyOTU4FQIAERgSNjY4MTFBNDMzMUE1Q0M2OERBAA==,919717299798,delivered,2025-07-09 17:07:18,,,,,,
2025-07-09 17:06:55,918929546200,725569473962618,wamid.HBgMOTE5NzExMzY4NjQwFQIAERgSNEMxRjZDMEIxQ0Y2N0YyOUEwAA==,919871112454,delivered,2025-07-09 17:06:55,,,,,,
2025-07-09 17:07:12,918929546200,725569473962618,wamid.HBgMOTE5NjU0NDM3ODQ5FQIAERgSRDcxRjc2NDU5RjU5M0MxNjc2AA==,919811289828,delivered,2025-07-09 17:07:12,,,,,,
2025-07-09 17:03:56,919205888736,650615708140466,wamid.HBgMOTE4NTg2OTYyNDMyFQIAERgSNDMyMzMxRTMzMjQxQUJFNEEyAA==,919717970676,delivered,2025-07-09 17:03:56,,,,,,
2025-07-09 17:05:45,918929546200,725569473962618,wamid.HBgMOTE5MjIwMTQ0NTY2FQIAERgSOUFDRDBCNzFEREM5OTY3NzUwAA==,919811816262,delivered,2025-07-09 17:05:45,,,,,,
2025-07-09 17:04:17,918929546200,725569473962618,wamid.HBgMOTE5ODk5ODg3NTkzFQIAERgSQzU0OTRFOTNGREYyQzhBODk4AA==,919718381285,delivered,2025-07-09 17:04:17,,,,,,
2025-07-09 17:06:00,918929546200,725569473962618,wamid.HBgMOTE3MDUxNTgxMjg2FQIAERgSQTNEQjQ5RTUxMjU5M0ZGRkI5AA==,919815975321,delivered,2025-07-09 17:06:00,,,,,,
2025-07-09 17:06:21,918929532648,724637984055655,wamid.HBgMOTE5ODg4NzY3OTA4FQIAERgSQjhFNDc4QkMyM0RENUM4REE1AA==,919599203904,delivered,2025-07-09 17:06:21,,,,,,
2025-07-09 17:03:46,918929546200,725569473962618,wamid.HBgMOTE4NTk1MDY2MDcwFQIAERgSMzZDN0YzQTBDMkE0NkQwN0NGAA==,919873204205,delivered,2025-07-09 17:03:46,,,,,,
2025-07-09 17:06:34,918929546200,725569473962618,wamid.HBgMOTE5NjU0NTQyNDkwFQIAERgSQjBFMDM5RTkxRTdFRkM5NUVDAA==,919582691727,delivered,2025-07-09 17:06:34,,,,,,
2025-07-09 17:04:08,918929546200,725569473962618,wamid.HBgMOTE4Njg1ODA5MjIxFQIAERgSODM1RjZDNjk5OTgyODUxNzg4AA==,919718262681,delivered,2025-07-09 17:04:08,,,,,,
2025-07-09 17:04:11,918929532648,724637984055655,wamid.HBgMOTE4NTI3NDAxNjYwFQIAERgSODZBRTdGMjkwQTlFOTI1RjY2AA==,919871800427,delivered,2025-07-09 17:04:11,,,,,,
2025-07-09 17:05:43,918929532648,724637984055655,wamid.HBgMOTE5NzE3NzU5OTgwFQIAERgSQzQ5MTNEMThBMTRGREMxMEUyAA==,919818346683,delivered,2025-07-09 17:05:43,,,,,,
2025-07-09 17:05:46,918929546200,725569473962618,wamid.HBgMOTE5ODA5MzczODM5FQIAERgSMDVEQjdBNkUwNDEyODIyMDg3AA==,919818010705,delivered,2025-07-09 17:05:46,,,,,,
2025-07-09 17:07:30,919205888736,650615708140466,wamid.HBgMOTE4Mjg3Mjc1MTgxFQIAERgSQjA4QUFDQTAwQzk0MDE1RkQ3AA==,919582844789,delivered,2025-07-09 17:07:30,,,,,,
2025-07-09 17:04:46,918929532648,724637984055655,wamid.HBgMOTE4MzkwNzczMjMzFQIAERgSQjM5MTY4MjJGQ0E2MjQ4QzFBAA==,919711170156,delivered,2025-07-09 17:04:46,,,,,,
2025-07-09 17:05:18,919205888736,650615708140466,wamid.HBgMOTE5NjQ5MTM2ODM1FQIAERgSNTU0QzUxRjY0NEUzNDk2MTY0AA==,919754863215,delivered,2025-07-09 17:05:18,,,,,,
2025-07-09 17:05:35,918929532648,724637984055655,wamid.HBgMOTE4Njk5MDczNDc2FQIAERgSRTM0QjgxQ0Y0OTFEMTJENEEzAA==,919873345277,delivered,2025-07-09 17:05:35,,,,,,
2025-07-09 17:02:55,918929532648,724637984055655,wamid.HBgMOTE5MzE2MTE2Mzg5FQIAERgSRDg3NTVCQTg0NkM5NUE5ODZGAA==,919643033132,delivered,2025-07-09 17:02:55,,,,,,
2025-07-09 17:04:58,918929546200,725569473962618,wamid.HBgMOTE5OTk5MjE5MDU5FQIAERgSQzJGRkRFQUMxRDY4ODY1M0NEAA==,919824576932,delivered,2025-07-09 17:04:58,,,,,,
2025-07-09 17:05:38,918929532648,724637984055655,wamid.HBgMOTE4MDc2NTc5MjU2FQIAERgSQjk1RDgzM0Y0MTU0MjYzQTU2AA==,919811509127,delivered,2025-07-09 17:05:38,,,,,,
