Date,display_phone_number,phone_number_id,waba_id,contact_wa_id,new_status,message_timestamp,error_code,error_message,contact_name,message_from,message_type,message_body
2025-05-28 16:35:51,919990493933,604345419439317,wamid.HBgMOTE4MDU3ODA4MDMxFQIAERgSQzkxMDc2Mjc0MzZFREVDQjE2AA==,918057808031,failed,1748430350,131049,This message was not delivered to maintain healthy ecosystem engagement.,,,,
2025-05-28 16:37:09,919990493933,604345419439317,wamid.HBgMOTE4ODAwMTM0MDM0FQIAERgSRUVERjczRUUzNjE2NkIyMkUwAA==,918800134034,delivered,1748430428,,,,,,
2025-05-28 16:41:13,919990493933,604345419439317,wamid.HBgMOTE5MDkzMTYwMzg3FQIAERgSRTgzNEQ1NTBFNzFFRTAxQ0ZCAA==,919093160387,delivered,1748430672,,,,,,
2025-05-28 16:35:51,919990493933,604345419439317,wamid.HBgMOTE5MTA4NDYwNDk0FQIAERgSOURGNTUzODQ4NzFBODg3MDU1AA==,919108460494,failed,1748430350,131049,This message was not delivered to maintain healthy ecosystem engagement.,,,,
2025-05-28 16:35:52,919990493933,604345419439317,wamid.HBgMOTE5NzExNDg5NDk5FQIAERgSMkI4QkQ4MDdENDc0OUI1RkEyAA==,919711489499,failed,1748430351,131049,This message was not delivered to maintain healthy ecosystem engagement.,,,,
2025-05-28 16:35:52,919990493933,604345419439317,wamid.HBgMOTE5ODcxNjY0OTMzFQIAERgSM0QwMzZDMzFBNzI4MTAzNEVCAA==,919871664933,failed,1748430351,131049,This message was not delivered to maintain healthy ecosystem engagement.,,,,
2025-05-28 16:35:51,919990493933,604345419439317,wamid.HBgMOTE5ODczNDYyODA2FQIAERgSMTJCNzMyNDIyNkI1MUVERkE0AA==,919873462806,failed,1748430350,131049,This message was not delivered to maintain healthy ecosystem engagement.,,,,
2025-05-28 16:51:37,919990493933,604345419439317,wamid.HBgMOTE5ODkxOTE5ODM0FQIAERgSQjA1MzE2MUUxODhDQjIzNTQ1AA==,919891919834,delivered,1748431296,,,,,,
2025-05-28 16:35:52,919990493933,604345419439317,wamid.HBgMOTE5OTUzODUwNTI3FQIAERgSRkFBNUM1QjdDQ0M0QUREOTg3AA==,919953850527,failed,1748430351,131049,This message was not delivered to maintain healthy ecosystem engagement.,,,,
