Date,display_phone_number,phone_number_id,waba_id,contact_wa_id,new_status,message_timestamp,error_code,error_message,contact_name,message_from,message_type,message_body
2025-06-04 17:51:28,919990493933,604345419439317,wamid.HBgMOTE2Mzk1NDY3MDU1FQIAERgSNTZCMkZBMzE5OEVDN0U0RTRFAA==,916395467055,delivered,1749032124,,,,,,
2025-06-04 17:52:37,919990493933,604345419439317,wamid.HBgMOTE3MDAzODUwNDgwFQIAERgSOENENkMyRDE0NUVFNUJGRDQ2AA==,917003850480,delivered,1749032124,,,,,,
2025-06-04 17:57:07,919990493933,604345419439317,wamid.HBgMOTE3MDExNDc5OTI0FQIAERgSQzJDNzYzQjRGMkI4MDk4OTVDAA==,917011479924,failed,1749032120,131026,Message undeliverable,,,,
2025-06-04 19:45:35,919990493933,604345419439317,wamid.HBgMOTE3MDIzMDAyNjY5FQIAERgSMjRFRjA4QzNBNTZCRERDNkYwAA==,917023002669,delivered,1749032125,,,,,,
2025-06-04 17:51:25,919990493933,604345419439317,wamid.HBgMOTE3MDQyMzUyMDgzFQIAERgSMkY5MkU1N0QyNzFDMEI1MzQ2AA==,917042352083,delivered,1749032124,,,,,,
2025-06-06 00:02:14,919990493933,604345419439317,wamid.HBgMOTE3MDQyNzk4OTI0FQIAERgSMTYyNzJCNUIxRkE4OTNFRUNFAA==,917042798924,delivered,1749032125,,,,,,
2025-06-04 18:46:37,919990493933,604345419439317,wamid.HBgMOTE3MDYwNzgyMTkxFQIAERgSMjIzMDI3RThCQUQ0MDQ3NEVFAA==,917060782191,delivered,1749032122,,,,,,
2025-06-04 18:11:11,919990493933,604345419439317,wamid.HBgMOTE3MDYwODExMDc2FQIAERgSMTlENTlCQ0NEQjNBMjhCNzE3AA==,917060811076,delivered,1749032125,,,,,,
2025-06-04 17:24:17,919990493933,604345419439317,wamid.HBgMOTE3MDY1NjI2NDI3FQIAERgSREFBNTFDOERFREJCNkVENEFGAA==,917065626427,failed,1749032121,131026,Message undeliverable,,,,
2025-06-04 18:09:07,919990493933,604345419439317,wamid.HBgMOTE3MDY1NzE0NzcyFQIAERgSOTlDN0JDMUVBN0Y1QkIzN0MxAA==,917065714772,delivered,1749032125,,,,,,
2025-06-04 18:08:46,919990493933,604345419439317,wamid.HBgMOTE3MDY1ODI2MTUwFQIAERgSQzFCOEMyRjkxRDZBRDdBMTFDAA==,917065826150,failed,1749032124,131026,Message undeliverable,,,,
2025-06-04 19:45:52,919990493933,604345419439317,wamid.HBgMOTE3MDg4MjMwNTA0FQIAERgSQ0YwMDBDMzVENDFBN0ZGREYwAA==,917088230504,delivered,1749032128,,,,,,
2025-06-04 16:27:08,919990493933,604345419439317,wamid.HBgMOTE3MjE3NjE0MjU4FQIAERgSQjk2QTA4NDMzQzJGODYzNzVCAA==,917217614258,delivered,1749032125,,,,,,
2025-06-06 00:10:53,919990493933,604345419439317,wamid.HBgMOTE3MjE3ODU5NjI3FQIAERgSMkU2OUQ4RTNEOEI3OEU1QTMxAA==,917217859627,delivered,1749032125,,,,,,
2025-06-04 18:14:54,919990493933,604345419439317,wamid.HBgMOTE3MzUxNDc5MzM0FQIAERgSMDlCNkY3MTlCRUE5MTRDMzA5AA==,917351479334,failed,1749032121,131026,Message undeliverable,,,,
2025-06-04 18:04:13,919990493933,604345419439317,wamid.HBgMOTE3NDA4MjEwNDIxFQIAERgSNEYzOUJENTI2MjA5RUQ1MUNGAA==,917408210421,delivered,1749032125,,,,,,
2025-06-05 17:26:21,919990493933,604345419439317,wamid.HBgMOTE3NDA5NzEwNzE0FQIAERgSMTI2NDEzODM0QThFOTNDMEM0AA==,917409710714,delivered,1749032127,,,,,,
2025-06-04 17:23:45,919990493933,604345419439317,wamid.HBgMOTE3NDUyOTg2NjY2FQIAERgSMzhDNzVDM0U4ODQ5QTkwODkxAA==,917452986666,delivered,1749032125,,,,,,
2025-06-05 21:57:36,919990493933,604345419439317,wamid.HBgMOTE3NDY3ODgyNjg1FQIAERgSNjEzMDMxRjQyQTgyNzVEQUNDAA==,917467882685,delivered,1749032120,,,,,,
2025-06-06 00:20:05,919990493933,604345419439317,wamid.HBgMOTE3NTAwODUxNjQ0FQIAERgSNTU0OTA5MjY4NTlDNUI5QThEAA==,917500851644,failed,1749032119,131026,Message undeliverable,,,,
2025-06-04 17:23:00,919990493933,604345419439317,wamid.HBgMOTE3NTAzNjI1ODYyFQIAERgSMTZGQzdDRjA5NjM1OTkwNjVGAA==,917503625862,delivered,1749032120,,,,,,
2025-06-04 19:36:00,919990493933,604345419439317,wamid.HBgMOTE3NTMxODA4NjU5FQIAERgSRjcyOEQ2MjA4NTEyODM5RjM5AA==,917531808659,delivered,1749032125,,,,,,
2025-06-04 18:08:58,919990493933,604345419439317,wamid.HBgMOTE3NjY4MjM0NDk0FQIAERgSNjY3OUQ2MkNCQjVDREE1QjFFAA==,917668234494,delivered,1749032127,,,,,,
2025-06-04 17:52:25,919990493933,604345419439317,wamid.HBgMOTE3Njc4MjI1MjIxFQIAERgSQ0FEQzcyREQ5Mjg3Nzg0MjA0AA==,917678225221,delivered,1749032122,,,,,,
2025-06-04 18:22:53,919990493933,604345419439317,wamid.HBgMOTE3NzAxODQzMDMxFQIAERgSMDIxNTAwODE4QzJBRDk1MDYzAA==,917701843031,failed,1749032118,131048,Spam Rate limit hit,,,,
2025-06-05 19:28:15,919990493933,604345419439317,wamid.HBgMOTE3NzAxODQ4MTk1FQIAERgSMkEwNTdCQTg3MzAxRjNFQTlCAA==,917701848195,delivered,1749032122,,,,,,
2025-06-04 18:01:27,919990493933,604345419439317,wamid.HBgMOTE3ODI3MjkyMjAzFQIAERgSOEM5OTk1NDgyQ0NDNjc0NjE4AA==,917827292203,delivered,1749032127,,,,,,
2025-06-05 21:52:07,919990493933,604345419439317,wamid.HBgMOTE3ODI3NjE0NDQyFQIAERgSRTI2RTAzOUUxRTgxNjYyOUFEAA==,917827614442,delivered,1749032125,,,,,,
2025-06-04 16:01:23,919990493933,604345419439317,wamid.HBgMOTE3ODI3ODk0MjYyFQIAERgSOThGNzQ4MjdGRkJCMTM1MEU4AA==,917827894262,delivered,1749032125,,,,,,
2025-06-04 17:53:24,919990493933,604345419439317,wamid.HBgMOTE3ODI3OTA3MDU3FQIAERgSRjNBQkU2QTY1MzZEQjA5OTM2AA==,917827907057,delivered,1749032122,,,,,,
2025-06-05 18:20:46,919990493933,604345419439317,wamid.HBgMOTE3ODM4MzAwMTUwFQIAERgSOTBBRTlBQzgwNjRERUY0REE1AA==,917838300150,delivered,1749032125,,,,,,
2025-06-05 16:50:35,919990493933,604345419439317,wamid.HBgMOTE3ODM4NzA4ODU0FQIAERgSNUVERjU5MzZCMjIzNTExRjQzAA==,917838708854,delivered,1749032125,,,,,,
2025-06-05 19:00:51,919990493933,604345419439317,wamid.HBgMOTE3OTA2MDQ5ODk1FQIAERgSMTQ2RjYzOUFGNjdGMUY4RjRFAA==,917906049895,delivered,1749032125,,,,,,
2025-06-04 18:15:05,919990493933,604345419439317,wamid.HBgMOTE3OTQyODQ4Mzk1FQIAERgSNjg3QTQ4QUFCNUMzQTc1OTNCAA==,917942848395,failed,1749032124,131026,Message undeliverable,,,,
2025-06-05 10:26:07,919990493933,604345419439317,wamid.HBgMOTE3OTQyODYwNTQxFQIAERgSMzM2MjZGQzBEOENBNEY3QjdDAA==,917942860541,failed,1749032124,131026,Message undeliverable,,,,
2025-06-05 18:47:40,919990493933,604345419439317,wamid.HBgMOTE3OTgyMTI0MTQxFQIAERgSM0M2N0NGNjQ5RjE0RUU3MTBEAA==,917982124141,failed,1749032119,131026,Message undeliverable,,,,
2025-06-04 17:28:04,919990493933,604345419439317,wamid.HBgMOTE3OTgyMzYyODk5FQIAERgSOEE2OUYzNjRCMUU0QTVGRDBCAA==,917982362899,delivered,1749032126,,,,,,
2025-06-04 18:25:01,919990493933,604345419439317,wamid.HBgMOTE3OTgyNzQ4MjMzFQIAERgSOTgyNzVGMzM0RTAyMjM1MkRFAA==,917982748233,delivered,1749032122,,,,,,
2025-06-05 19:11:13,919990493933,604345419439317,wamid.HBgMOTE3OTgzNTM2NDcwFQIAERgSRTY0MDhCQjcyRjE1RDQxOUU4AA==,917983536470,failed,1749032124,131026,Message undeliverable,,,,
2025-06-04 18:10:12,919990493933,604345419439317,wamid.HBgMOTE4MDA2NzMzNDYwFQIAERgSNDNFQTIyMkZDNEJBMTE2NURFAA==,918006733460,delivered,1749032121,,,,,,
2025-06-05 22:32:11,919990493933,604345419439317,wamid.HBgMOTE4MDEwMzY4MjU0FQIAERgSRDI3OTEyOUQ2RUQ0MjFGMDcwAA==,918010368254,delivered,1749032125,,,,,,
2025-06-04 19:17:30,919990493933,604345419439317,wamid.HBgMOTE4MDU3MDkwNTYxFQIAERgSRUFEMTA0QjU1NTFBRkQxRUQ5AA==,918057090561,delivered,1749032122,,,,,,
2025-06-05 23:40:20,919990493933,604345419439317,wamid.HBgMOTE4MDU3ODA4MDMxFQIAERgSNjNGNDQzMDU5OTQwRjNBOUYxAA==,918057808031,failed,1749032116,131049,This message was not delivered to maintain healthy ecosystem engagement.,,,,
2025-06-04 19:25:32,919990493933,604345419439317,wamid.HBgMOTE4MDc2MjY1OTc1FQIAERgSNkQ2NEFDQUUyMzZCRkJFQUMwAA==,918076265975,delivered,1749032122,,,,,,
2025-06-04 17:24:22,919990493933,604345419439317,wamid.HBgMOTE4MDc2NjgzNjAxFQIAERgSQUExN0I5RTk0NTFFQkUzNkE0AA==,918076683601,delivered,1749032124,,,,,,
2025-06-05 19:00:45,919990493933,604345419439317,wamid.HBgMOTE4MDc2OTA2MTY0FQIAERgSMjcwODRFMTBERUZCRDhCQTgwAA==,918076906164,delivered,1749032126,,,,,,
2025-06-04 19:27:44,919990493933,604345419439317,wamid.HBgMOTE4MTMwMDMwOTQ5FQIAERgSODY4OTAzOEU4OEVDN0JGMDhFAA==,918130030949,failed,1749032120,131026,Message undeliverable,,,,
2025-06-04 18:18:12,919990493933,604345419439317,wamid.HBgMOTE4MTMwODQzODIxFQIAERgSOTMxMjM3NzU0NUM3RTlBQzZFAA==,918130843821,delivered,1749032125,,,,,,
2025-06-04 18:02:25,919990493933,604345419439317,wamid.HBgMOTE4MTQ2MjQ3Njk4FQIAERgSOEY5NkJFRDVGMkQxREY1NDRCAA==,918146247698,delivered,1749032124,,,,,,
2025-06-04 19:27:04,919990493933,604345419439317,wamid.HBgMOTE4MTc4MjcxMDE2FQIAERgSNkIyMEM1OUEwMTg1RkI3MzhFAA==,918178271016,failed,1749032124,131026,Message undeliverable,,,,
2025-06-04 16:52:23,919990493933,604345419439317,wamid.HBgMOTE4Mjg1MDQ1MzM4FQIAERgSRTkwMUUzMUFBRTc1OUFBNkFGAA==,918285045338,delivered,1749032125,,,,,,
2025-06-04 17:58:09,919990493933,604345419439317,wamid.HBgMOTE4Mjg1OTYxODUyFQIAERgSNjg4RTc4NjREQ0ZDNUY0QUU5AA==,918285961852,delivered,1749032120,,,,,,
2025-06-05 16:25:38,919990493933,604345419439317,wamid.HBgMOTE4Mjg3MjU1NjQ2FQIAERgSQzFFNTg3NjFBQjFBQjA4MjI1AA==,918287255646,delivered,1749032125,,,,,,
2025-06-04 20:01:39,919990493933,604345419439317,wamid.HBgMOTE4MzY4MTMxNTAwFQIAERgSNThBMzg1QUJGNjY0MThEOTkwAA==,918368131500,delivered,1749032125,,,,,,
2025-06-05 10:35:11,919990493933,604345419439317,wamid.HBgMOTE4Mzc1ODc4MjAyFQIAERgSNzY3RjEzMEY4NDM2REE3NThCAA==,918375878202,delivered,1749032122,,,,,,
2025-06-05 18:57:15,919990493933,604345419439317,wamid.HBgMOTE4MzgzOTQyNDUzFQIAERgSQjg4MTU2OUY2MkI2NENGNDQ5AA==,918383942453,delivered,1749032125,,,,,,
2025-06-04 15:45:52,919990493933,604345419439317,wamid.HBgMOTE4NDMzMTQ1NTIwFQIAERgSMzVDRDIyNzEzRTVFNDkyRkYwAA==,918433145520,delivered,1749032121,,,,,,
2025-06-04 19:33:47,919990493933,604345419439317,wamid.HBgMOTE4NDM4MjE3MDQyFQIAERgSRTUxNjZDNjYwMjQ2OEIyMDRGAA==,918438217042,delivered,1749032126,,,,,,
2025-06-04 20:06:08,919990493933,604345419439317,wamid.HBgMOTE4NDQ1NzUxMTM4FQIAERgSN0EyMDYyQjNGMEY3RkFEMUZFAA==,918445751138,delivered,1749032125,,,,,,
2025-06-05 21:19:12,919990493933,604345419439317,wamid.HBgMOTE4NDQ3MTI1MDUxFQIAERgSNjZDQTE5NkUxNDAxRUYwQTgzAA==,918447125051,delivered,1749032124,,,,,,
2025-06-04 18:23:33,919990493933,604345419439317,wamid.HBgMOTE4NDQ3NjAwMzEwFQIAERgSMjhCQUQxNkRCRkNBRUUzRTFFAA==,918447600310,failed,1749032119,131026,Message undeliverable,,,,
2025-06-04 15:45:27,919990493933,604345419439317,wamid.HBgMOTE4NDQ3Njk1NDE2FQIAERgSNjkwNEFGQzREQzgzMERBQUVDAA==,918447695416,failed,1749032117,131048,Spam Rate limit hit,,,,
2025-06-04 18:07:03,919990493933,604345419439317,wamid.HBgMOTE4NDQ4NTY2MDQxFQIAERgSQTZCMTgyMzkzNzRGODE2Njk3AA==,918448566041,delivered,1749032124,,,,,,
2025-06-04 16:01:06,919990493933,604345419439317,wamid.HBgMOTE4NDQ4NTk5MzIyFQIAERgSMjQ2NTEyRjRDMjA0MEJGNTNCAA==,918448599322,failed,1749032119,131026,Message undeliverable,,,,
2025-06-04 19:43:11,919990493933,604345419439317,wamid.HBgMOTE4NDQ4ODE4NDI5FQIAERgSRDAwREEyNDg5QTA0RTBCNUIwAA==,918448818429,delivered,1749032128,,,,,,
2025-06-04 18:05:46,919990493933,604345419439317,wamid.HBgMOTE4NDQ4OTc3MTI0FQIAERgSM0U0OTk0MDJCNzZGMDBGMDFGAA==,918448977124,delivered,1749032121,,,,,,
2025-06-04 18:09:39,919990493933,604345419439317,wamid.HBgMOTE4NTA1OTU1MDU2FQIAERgSQUZDQzMzRjUzRjA3Qzg0RjQyAA==,918505955056,delivered,1749032125,,,,,,
2025-06-06 00:20:07,919990493933,604345419439317,wamid.HBgMOTE4NTA2ODA5NDM5FQIAERgSOTY0RDI4RjY0REI0RERGNkE2AA==,918506809439,failed,1749032121,131026,Message undeliverable,,,,
2025-06-04 18:00:28,919990493933,604345419439317,wamid.HBgMOTE4NTI3MDIzNjIyFQIAERgSNjYzQkUzMkY1NDFDODE2MDRFAA==,918527023622,delivered,1749032120,,,,,,
2025-06-04 18:08:06,919990493933,604345419439317,wamid.HBgMOTE4NTI3MDUwMzk2FQIAERgSRDA4NUY5RURBMDJDODMzRjJDAA==,918527050396,failed,1749032121,131026,Message undeliverable,,,,
2025-06-04 19:46:20,919990493933,604345419439317,wamid.HBgMOTE4NTI3NTg2MDg1FQIAERgSNzU0MzEzNDNCNDU5MjY0RkVBAA==,918527586085,delivered,1749032125,,,,,,
2025-06-04 18:08:42,919990493933,604345419439317,wamid.HBgMOTE4NTY0OTEwNjk4FQIAERgSNTM2NEY4RUY3RUM2NkU5RDMxAA==,918564910698,delivered,1749032120,,,,,,
2025-06-05 17:16:34,919990493933,604345419439317,wamid.HBgMOTE4NTg3OTk4NTA1FQIAERgSMDI4MkZFMUNERTM5MjU5RjA3AA==,918587998505,failed,1749032120,131026,Message undeliverable,,,,
2025-06-05 06:14:37,919990493933,604345419439317,wamid.HBgMOTE4NTk1NzY2NTg0FQIAERgSRjY0QUJFRDBENzVDNzIwNTkxAA==,918595766584,delivered,1749032120,,,,,,
2025-06-04 17:24:21,919990493933,604345419439317,wamid.HBgMOTE4NTk1Nzg2MjI5FQIAERgSODNBREFCQTM4NzEwRkE5NUJCAA==,918595786229,delivered,1749032124,,,,,,
2025-06-04 16:58:42,919990493933,604345419439317,wamid.HBgMOTE4NzAwMDE0MDM4FQIAERgSMkQ0MTE4Qzg5QzVDQTc1MTg5AA==,918700014038,failed,1749032124,131026,Message undeliverable,,,,
2025-06-04 18:03:59,919990493933,604345419439317,wamid.HBgMOTE4NzAwNzk2MDE1FQIAERgSRTdBQUE2QzMxNjlFQzU3MTZFAA==,918700796015,delivered,1749032122,,,,,,
2025-06-04 18:04:59,919990493933,604345419439317,wamid.HBgMOTE4NzAwOTA2OTA3FQIAERgSQjIyRUY4NTJDQjIzNTNBOUEwAA==,918700906907,delivered,1749032124,,,,,,
2025-06-04 18:10:06,919990493933,604345419439317,wamid.HBgMOTE4NzI1MDQ2MzgzFQIAERgSQkQyMDQxMDY1NEJCQzIyQ0E2AA==,918725046383,failed,1749032126,131026,Message undeliverable,,,,
2025-06-06 00:07:14,919990493933,604345419439317,wamid.HBgMOTE4NzMwMzQzNjQ2FQIAERgSNDNGNTcyQ0NEMkJCRjE3OTY5AA==,918730343646,failed,1749032121,131026,Message undeliverable,,,,
2025-06-04 18:05:48,919990493933,604345419439317,wamid.HBgMOTE4NzQzMDA2NDYzFQIAERgSNEM4RjBDRjAxMkJCQ0M4QjcxAA==,918743006463,delivered,1749032127,,,,,,
2025-06-05 21:17:18,919990493933,604345419439317,wamid.HBgMOTE4NzQzODE0ODc0FQIAERgSMzVGNzBENzVCM0ZFRkI1RTBBAA==,918743814874,delivered,1749032120,,,,,,
2025-06-04 18:33:25,919990493933,604345419439317,wamid.HBgMOTE4NzUwMjEzMjk4FQIAERgSMURDQzFFQkM0QTI1NjA2M0UyAA==,918750213298,delivered,1749032125,,,,,,
2025-06-05 17:22:59,919990493933,604345419439317,wamid.HBgMOTE4NzUwMzUxMTMxFQIAERgSRjdFODBFMzUwRkE1NTlFMjAyAA==,918750351131,delivered,1749032125,,,,,,
2025-06-05 16:50:33,919990493933,604345419439317,wamid.HBgMOTE4NzUwNjExMDUwFQIAERgSQjZGMTAxRkU2MThEMDYxQjY1AA==,918750611050,delivered,1749032122,,,,,,
2025-06-04 19:27:10,919990493933,604345419439317,wamid.HBgMOTE4NzUwNjUwMTA1FQIAERgSQTQxNjAwODZBNDBFMUJFNURCAA==,918750650105,delivered,1749032124,,,,,,
2025-06-04 18:25:18,919990493933,604345419439317,wamid.HBgMOTE4NzUwODc5NDUwFQIAERgSQjk4NDUzMTM4NjJBODZCREI3AA==,918750879450,delivered,1749032120,,,,,,
2025-06-04 18:19:48,919990493933,604345419439317,wamid.HBgMOTE4ODAwMTM0MDM0FQIAERgSOTEwQzA3RjQ2OEE2NDJFNTFCAA==,918800134034,failed,1749032116,131048,Spam Rate limit hit,,,,
2025-06-04 18:04:29,919990493933,604345419439317,wamid.HBgMOTE4ODAwNTAwNzc2FQIAERgSQzg0RUIyNjFFQUZCMjUzNDBFAA==,918800500776,delivered,1749032124,,,,,,
2025-06-05 21:00:55,919990493933,604345419439317,wamid.HBgMOTE4ODAwNjY1MDU1FQIAERgSMzFCNkVDMUY0OTU1QkYzMEI5AA==,918800665055,delivered,1749032125,,,,,,
2025-06-04 15:45:54,919990493933,604345419439317,wamid.HBgMOTE4ODAwNzQ4MjUyFQIAERgSODUyQTdCRDZERUFBODlBRjRGAA==,918800748252,delivered,1749032126,,,,,,
2025-06-04 19:27:21,919990493933,604345419439317,wamid.HBgMOTE4ODAwOTA2OTc0FQIAERgSN0EyNkQzNEM4NEJCRkFFQ0IzAA==,918800906974,delivered,1749032125,,,,,,
2025-06-06 00:10:50,919990493933,604345419439317,wamid.HBgMOTE4ODAwOTc2NzY4FQIAERgSMzcxNjE5NjFBNDBFQ0VDOTUwAA==,918800976768,failed,1749032116,131026,Message undeliverable,,,,
2025-06-04 18:06:54,919990493933,604345419439317,wamid.HBgMOTE4ODAwOTgxNTQ1FQIAERgSMjgxNUE5QzFCNkZBNTM5ODNGAA==,918800981545,delivered,1749032124,,,,,,
2025-06-04 19:30:26,919990493933,604345419439317,wamid.HBgMOTE4ODEwMjcyOTk2FQIAERgSMzU1RkY5RUFDQ0VDRTNDRkIwAA==,918810272996,delivered,1749032122,,,,,,
2025-06-05 17:02:14,919990493933,604345419439317,wamid.HBgMOTE4ODI2MzEzMjMxFQIAERgSMDg0N0I2ODcyMDdGRDRBREFCAA==,918826313231,delivered,1749032125,,,,,,
2025-06-05 17:30:07,919990493933,604345419439317,wamid.HBgMOTE4ODUzMzg1NTY1FQIAERgSQjVCMkVGOEU2MEVDODIyRjU2AA==,918853385565,delivered,1749032124,,,,,,
2025-06-05 22:51:48,919990493933,604345419439317,wamid.HBgMOTE4ODYwMDQ3ODY0FQIAERgSRUQ4OUMzMzEyMUVGN0ZFMkYzAA==,918860047864,delivered,1749032121,,,,,,
2025-06-05 17:26:07,919990493933,604345419439317,wamid.HBgMOTE4ODYwMDYxMzE1FQIAERgSRjEwODI2REJBQkRENEFGNjA3AA==,918860061315,delivered,1749032122,,,,,,
2025-06-04 16:44:13,919990493933,604345419439317,wamid.HBgMOTE4ODYwOTcxMzUyFQIAERgSNUIxNzI4QkQ4NTVEOTY3RjdFAA==,918860971352,delivered,1749032124,,,,,,
2025-06-04 18:19:19,919990493933,604345419439317,wamid.HBgMOTE4ODgxNzY3Njc1FQIAERgSMDkwOTQzN0U3NUM0MzRDMDY0AA==,918881767675,delivered,1749032121,,,,,,
2025-06-04 18:08:53,919990493933,604345419439317,wamid.HBgMOTE4OTIwMDE4MjYxFQIAERgSRkRDNkNDRDFEMENCRUNBODQ3AA==,918920018261,delivered,1749032122,,,,,,
2025-06-04 18:43:38,919990493933,604345419439317,wamid.HBgMOTE4OTIwMzUwODI3FQIAERgSOTE5RjUzNTJBRTYyRjNCMTIzAA==,918920350827,delivered,1749032124,,,,,,
2025-06-05 21:19:13,919990493933,604345419439317,wamid.HBgMOTE4OTI5MTcxNTQxFQIAERgSM0ZDNzFGRUE3NEFCNTM0RUVBAA==,918929171541,delivered,1749032124,,,,,,
2025-06-04 17:30:04,919990493933,604345419439317,wamid.HBgMOTE5MDE1ODQwOTc2FQIAERgSRkVBMjM0QkE3QUYzREM0NTZGAA==,919015840976,delivered,1749032124,,,,,,
2025-06-04 18:05:07,919990493933,604345419439317,wamid.HBgMOTE5MDU2ODcxMjMwFQIAERgSNDI5NTFCQUEzMzgxODY1MTM4AA==,919056871230,failed,1749032124,131026,Message undeliverable,,,,
2025-06-04 19:35:58,919990493933,604345419439317,wamid.HBgMOTE5MDY5NDE4Mzg5FQIAERgSQjdEQjc5RUYyOTM2NUY3NkQ1AA==,919069418389,delivered,1749032122,,,,,,
2025-06-04 18:10:20,919990493933,604345419439317,wamid.HBgMOTE5MDY5NjU4MTAwFQIAERgSRjM0QzcwNTMxMjdEQkM3REQ0AA==,919069658100,delivered,1749032122,,,,,,
2025-06-04 19:40:19,919990493933,604345419439317,wamid.HBgMOTE5MDkzMTYwMzg3FQIAERgSMjFDNTkxNTM2NkM2RTJGNTM4AA==,919093160387,failed,1749032116,131049,This message was not delivered to maintain healthy ecosystem engagement.,,,,
2025-06-05 19:17:22,919990493933,604345419439317,wamid.HBgMOTE5MjE2MTIyNTU1FQIAERgSOTFBRkQ2OEE3OTdFODk0NTYwAA==,919216122555,delivered,1749032122,,,,,,
2025-06-05 13:18:20,919990493933,604345419439317,wamid.HBgMOTE5MzA0NzE5NjI4FQIAERgSRjM4QkRDRjI5ODE3RDRGNzIyAA==,919304719628,delivered,1749032125,,,,,,
2025-06-04 19:25:10,919990493933,604345419439317,wamid.HBgMOTE5MzEwNTczMzkyFQIAERgSQTBDQkY4MzA1QkJBQzIzM0IzAA==,919310573392,delivered,1749032124,,,,,,
2025-06-04 19:30:13,919990493933,604345419439317,wamid.HBgMOTE5MzEwNzAyNzMzFQIAERgSMDY4NjlFQzUzOUI0RkE3QzA1AA==,919310702733,delivered,1749032122,,,,,,
2025-06-05 22:27:44,919990493933,604345419439317,wamid.HBgMOTE5MzExNjU1ODEyFQIAERgSNzlDQUYwMERCRjVCMEU1REUwAA==,919311655812,delivered,1749032122,,,,,,
2025-06-05 23:40:25,919990493933,604345419439317,wamid.HBgMOTE5MzEzMjI1Nzg1FQIAERgSMTY3QTNDMEI2QzlFQjYwNjhEAA==,919313225785,failed,1749032127,131026,Message undeliverable,,,,
2025-06-04 17:22:42,919990493933,604345419439317,wamid.HBgMOTE5MzEzNTkzMDgyFQIAERgSNEI3RUFEQkEwOUQ5MDA5QzdBAA==,919313593082,delivered,1749032125,,,,,,
2025-06-04 17:38:47,919990493933,604345419439317,wamid.HBgMOTE5MzE4MzI4MDUyFQIAERgSNUJFMjI4MThDQ0Y2MzUzQTkwAA==,919318328052,failed,1749032120,131026,Message undeliverable,,,,
2025-06-04 15:45:32,919990493933,604345419439317,wamid.HBgMOTE5MzUyNzIzNDI2FQIAERgSMjU1MTc5QTk2NjY5NUU0QjQ5AA==,919352723426,failed,1749032117,131048,Spam Rate limit hit,,,,
2025-06-05 18:31:46,919990493933,604345419439317,wamid.HBgMOTE5MzU0MDA4ODUxFQIAERgSRkNBQjNCRkZDRjQ4MTI4NjkyAA==,919354008851,delivered,1749032123,,,,,,
2025-06-04 18:03:03,919990493933,604345419439317,wamid.HBgMOTE5Mzg5Mjg4NzMxFQIAERgSNUVEQTAxNjI1OTBFQjQ3Q0QwAA==,919389288731,delivered,1749032127,,,,,,
2025-06-05 19:27:48,919990493933,604345419439317,wamid.HBgMOTE5NDEwNjE1NDgxFQIAERgSMTVBM0FCNzI3RDVEOUQzRTkzAA==,919410615481,delivered,1749032125,,,,,,
2025-06-04 16:48:01,919990493933,604345419439317,wamid.HBgMOTE5NDExOTUwMjIyFQIAERgSRjE0QTdCMzExRTdGOEE3NzVGAA==,919411950222,failed,1749032123,131026,Message undeliverable,,,,
2025-06-05 19:39:59,919990493933,604345419439317,wamid.HBgMOTE5NDU3ODc4MDEwFQIAERgSNTcyQUYzOEJCN0JFMjA1MTkwAA==,919457878010,failed,1749032121,131026,Message undeliverable,,,,
2025-06-04 18:12:58,919990493933,604345419439317,wamid.HBgMOTE5NTQwMDY0ODY4FQIAERgSNDdBNDlFRTAxOTUzMUM0MTYxAA==,919540064868,delivered,1749032124,,,,,,
2025-06-04 17:58:35,919990493933,604345419439317,wamid.HBgMOTE5NTQwNjUxODM0FQIAERgSMzZEMUJGN0Y0MDc4REIxRDMzAA==,919540651834,delivered,1749032124,,,,,,
2025-06-04 18:04:05,919990493933,604345419439317,wamid.HBgMOTE5NTQwNjk4NzUyFQIAERgSOEU0RTU4NENFRjVFQTFENDFDAA==,919540698752,delivered,1749032122,,,,,,
2025-06-04 18:09:51,919990493933,604345419439317,wamid.HBgMOTE5NTQwNzk2MjI3FQIAERgSRTdDMUY3NEQxMDRBM0Q3NDYwAA==,919540796227,delivered,1749032120,,,,,,
2025-06-04 15:45:35,919990493933,604345419439317,wamid.HBgMOTE5NTQ4MjE2NDU3FQIAERgSQ0JFOTVCNzI1QjMwRjBFRjQ2AA==,919548216457,failed,1749032117,131048,Spam Rate limit hit,,,,
2025-06-04 17:33:49,919990493933,604345419439317,wamid.HBgMOTE5NTQ4ODc3ODA0FQIAERgSRjQ1NzRBQ0NBODNGQTRBQUY2AA==,919548877804,failed,1749032124,131026,Message undeliverable,,,,
2025-06-04 17:55:27,919990493933,604345419439317,wamid.HBgMOTE5NTQ4ODk3Mjk4FQIAERgSMjBERDFBM0JEOEEzNjc5QjQzAA==,919548897298,delivered,1749032120,,,,,,
2025-06-04 17:26:27,919990493933,604345419439317,wamid.HBgMOTE5NTU1MDA5ODkwFQIAERgSQzVEMDgzOEM3NDk2M0FBNjRGAA==,919555009890,delivered,1749032122,,,,,,
2025-06-04 19:36:26,919990493933,604345419439317,wamid.HBgMOTE5NTU3MzMwMTIxFQIAERgSRUIxMTg1NjUzRDQxMzRDQzk4AA==,919557330121,delivered,1749032122,,,,,,
2025-06-04 19:43:26,919990493933,604345419439317,wamid.HBgMOTE5NTYwMDYxMTY5FQIAERgSQzc1MENBOTFDOTZFNDZGQzgyAA==,919560061169,delivered,1749032124,,,,,,
2025-06-04 17:24:52,919990493933,604345419439317,wamid.HBgMOTE5NTYwMjE3NTI0FQIAERgSMTVDMzUzQjkxNERCRDU5ODFCAA==,919560217524,delivered,1749032120,,,,,,
2025-06-04 19:32:33,919990493933,604345419439317,wamid.HBgMOTE5NTYwNzMzNjUzFQIAERgSN0JGRjgzNjk4OUU1RkM4MjE2AA==,919560733653,delivered,1749032122,,,,,,
2025-06-04 18:04:29,919990493933,604345419439317,wamid.HBgMOTE5NTYwODM0NzYzFQIAERgSNTM2NzQ4NjEwQjYzNURDNDBFAA==,919560834763,delivered,1749032122,,,,,,
2025-06-04 18:24:21,919990493933,604345419439317,wamid.HBgMOTE5NTY4ODQ3OTMxFQIAERgSNDQzOEVFREYyMDRBNTVDRUU5AA==,919568847931,delivered,1749032124,,,,,,
2025-06-04 17:55:23,919990493933,604345419439317,wamid.HBgMOTE5NTgyNzEwNzE1FQIAERgSQTJDN0IzMUQ1OUQyQkZFMDc1AA==,919582710715,delivered,1749032127,,,,,,
2025-06-05 19:17:23,919990493933,604345419439317,wamid.HBgMOTE5NTgyNzEzNTM4FQIAERgSMjA4QzNEQUM2NzYwQzhGQzZDAA==,919582713538,delivered,1749032128,,,,,,
2025-06-04 18:14:29,919990493933,604345419439317,wamid.HBgMOTE5NTgyNzU1MDY5FQIAERgSNDM3N0NFMjQwMDgzMjM0OUY3AA==,919582755069,delivered,1749032125,,,,,,
2025-06-04 17:24:06,919990493933,604345419439317,wamid.HBgMOTE5NTg4OTU3MDU1FQIAERgSMkNEQkExOUQ3MTQ5NEQwNTJCAA==,919588957055,delivered,1749032123,,,,,,
2025-06-04 15:46:08,919990493933,604345419439317,wamid.HBgMOTE5NTk5Mzc1MjgwFQIAERgSMzAzMkFCQTk5QkQ0NTgyOEVGAA==,919599375280,delivered,1749032125,,,,,,
2025-06-04 18:15:01,919990493933,604345419439317,wamid.HBgMOTE5NTk5NTY2NTg5FQIAERgSMkUxRDI4QjdDODU0MTE5OEVCAA==,919599566589,delivered,1749032124,,,,,,
2025-06-04 18:06:57,919990493933,604345419439317,wamid.HBgMOTE5NTk5ODUwNDAzFQIAERgSNUMzOEIxODkxNTMzMkQyODEwAA==,919599850403,delivered,1749032127,,,,,,
2025-06-04 17:57:16,919990493933,604345419439317,wamid.HBgMOTE5NjI1Mjg3MTEzFQIAERgSQUZCNzJDRTQwQkVFM0NEOTlFAA==,919625287113,delivered,1749032127,,,,,,
2025-06-04 18:08:25,919990493933,604345419439317,wamid.HBgMOTE5NjI1MzgzMzEzFQIAERgSNjVCNThENzgzMEZBODQ0NzBBAA==,919625383313,delivered,1749032126,,,,,,
2025-06-05 19:01:58,919990493933,604345419439317,wamid.HBgMOTE5NjI1OTk3ODgyFQIAERgSMTE0MjUyQTU1NjY4MDRBMjc5AA==,919625997882,delivered,1749032125,,,,,,
2025-06-04 15:46:12,919990493933,604345419439317,wamid.HBgMOTE5NjM0MDYzOTUzFQIAERgSOUYwOUI1NTUzNTIyNjEyQUM5AA==,919634063953,failed,1749032121,131026,Message undeliverable,,,,
2025-06-05 18:36:46,919990493933,604345419439317,wamid.HBgMOTE5NjQzMDQ5NjUyFQIAERgSODk2Q0FFMEVERTg4OUVGMUJBAA==,919643049652,failed,1749032116,131026,Message undeliverable,,,,
2025-06-05 19:23:28,919990493933,604345419439317,wamid.HBgMOTE5NjQzMTYwNjg5FQIAERgSQTVCNDMxQkRCMDkzNTI5RDUzAA==,919643160689,delivered,1749032125,,,,,,
2025-06-05 22:35:24,919990493933,604345419439317,wamid.HBgMOTE5NjQzMTcwNDAyFQIAERgSM0M4ODU0NzEzNTYyOUYxRkVGAA==,919643170402,delivered,1749032125,,,,,,
2025-06-04 18:08:23,919990493933,604345419439317,wamid.HBgMOTE5NjQzMjQ1MTEzFQIAERgSOUQ2OURDRkFBOUU5MzkwNzdEAA==,919643245113,delivered,1749032123,,,,,,
2025-06-05 18:59:13,919990493933,604345419439317,wamid.HBgMOTE5NjQzNjYwMjMyFQIAERgSNERBNTZCNDBBMjNCREE3QTg1AA==,919643660232,delivered,1749032125,,,,,,
2025-06-04 20:12:55,919990493933,604345419439317,wamid.HBgMOTE5NjUwNDU1NTM3FQIAERgSRTQxQkE4MzM5OTA2MzlBMTQ0AA==,919650455537,delivered,1749032122,,,,,,
2025-06-04 18:01:32,919990493933,604345419439317,wamid.HBgMOTE5NjUwOTYxMTgwFQIAERgSRDk5RjMyNDQ5NkEwQzNFQzM0AA==,919650961180,delivered,1749032127,,,,,,
2025-06-05 17:02:30,919990493933,604345419439317,wamid.HBgMOTE5NjU0MTIxMzYwFQIAERgSNDU4NjZBNzM5QkY3MzJCMDQ2AA==,919654121360,delivered,1749032127,,,,,,
2025-06-04 19:36:17,919990493933,604345419439317,wamid.HBgMOTE5NjU0NDE2NTAyFQIAERgSMUEzQkQ1MEFCMUMxOUNEMTREAA==,919654416502,delivered,1749032122,,,,,,
2025-06-04 19:40:27,919990493933,604345419439317,wamid.HBgMOTE5NjU0NzA3MjMxFQIAERgSMUFDMzUzRjk2QjEzNENENUY0AA==,919654707231,failed,1749032123,131026,Message undeliverable,,,,
2025-06-06 00:29:18,919990493933,604345419439317,wamid.HBgMOTE5NjU0ODMyOTAwFQIAERgSRUJGNDVFNUI1RjFENzdDMjIwAA==,919654832900,delivered,1749032122,,,,,,
2025-06-05 22:51:51,919990493933,604345419439317,wamid.HBgMOTE5NjU0OTM4NzUwFQIAERgSRjAxMTAwMEY2NDAyNjE0Nzk1AA==,919654938750,delivered,1749032124,,,,,,
2025-06-04 18:15:40,919990493933,604345419439317,wamid.HBgMOTE5NjY3NDQzMjM2FQIAERgSMTQ0Q0IzNkREQ0RFQTY5M0MyAA==,919667443236,delivered,1749032122,,,,,,
2025-06-04 17:27:41,919990493933,604345419439317,wamid.HBgMOTE5Njc1MDE4MTEwFQIAERgSQzFGMzMwMjZCMjFCMkUwM0M2AA==,919675018110,delivered,1749032125,,,,,,
2025-06-04 19:33:39,919990493933,604345419439317,wamid.HBgMOTE5NzExMDA0ODk1FQIAERgSRTNGMjFDMTk4MTM1NDdCQkMxAA==,919711004895,delivered,1749032125,,,,,,
2025-06-04 18:15:26,919990493933,604345419439317,wamid.HBgMOTE5NzE3MzcyOTQ2FQIAERgSQTlEQTA2RUREQkIyM0VENTgxAA==,919717372946,delivered,1749032125,,,,,,
2025-06-05 20:10:01,919990493933,604345419439317,wamid.HBgMOTE5NzE3NTMxMjUzFQIAERgSMjY1MDVGOTE5MzYyNTEwM0M1AA==,919717531253,delivered,1749032120,,,,,,
2025-06-04 17:32:42,919990493933,604345419439317,wamid.HBgMOTE5NzE3ODE5MzAyFQIAERgSQ0U3RkE2NjFGNzI4MDcxMEREAA==,919717819302,delivered,1749032125,,,,,,
2025-06-04 17:52:25,919990493933,604345419439317,wamid.HBgMOTE5NzE4MzAwNzY3FQIAERgSNTZFRDQyREY2MURCOUU3REE2AA==,919718300767,delivered,1749032124,,,,,,
2025-06-04 18:05:07,919990493933,604345419439317,wamid.HBgMOTE5NzE4Mzk4OTEwFQIAERgSRjU4OUZCNEZEQzkyMjc5NzlFAA==,919718398910,delivered,1749032124,,,,,,
2025-06-04 19:40:23,919990493933,604345419439317,wamid.HBgMOTE5NzE4ODExOTA3FQIAERgSNzI4QzQ3NkE2M0U5NjI4NUQwAA==,919718811907,failed,1749032126,131026,Message undeliverable,,,,
2025-06-05 21:19:07,919990493933,604345419439317,wamid.HBgMOTE5NzU2MzIzNzg0FQIAERgSRjlBODNGNTYyQ0U5NzYwMjREAA==,919756323784,failed,1749032120,131026,Message undeliverable,,,,
2025-06-04 16:01:09,919990493933,604345419439317,wamid.HBgMOTE5NzU2NzQ0OTUxFQIAERgSRUM2MTUyNUM0RkJDNTZFQURFAA==,919756744951,delivered,1749032121,,,,,,
2025-06-04 20:26:58,919990493933,604345419439317,wamid.HBgMOTE5NzczNTY5OTA0FQIAERgSMDcyM0RGQjIxQTNFNDIwNTMwAA==,919773569904,delivered,1749032125,,,,,,
2025-06-05 09:44:05,919990493933,604345419439317,wamid.HBgMOTE5ODAwODQyNDM4FQIAERgSQzVBQTZGRTRGNUUwOUI3Mjk1AA==,919800842438,delivered,1749032122,,,,,,
2025-06-04 19:40:45,919990493933,604345419439317,wamid.HBgMOTE5ODEwMjgzNzA5FQIAERgSMzNGNzQ3NDVCMjZBNkY4NkNGAA==,919810283709,delivered,1749032122,,,,,,
2025-06-04 18:14:27,919990493933,604345419439317,wamid.HBgMOTE5ODEwODU2MzI5FQIAERgSMjA4MTJDQ0Q3NzJBMjMxNzI2AA==,919810856329,delivered,1749032125,,,,,,
2025-06-05 18:53:05,919990493933,604345419439317,wamid.HBgMOTE5ODEwOTQ4MTM0FQIAERgSRkY5MDBFOTZGRTFDQzYyNDgwAA==,919810948134,delivered,1749032122,,,,,,
2025-06-04 18:00:01,919990493933,604345419439317,wamid.HBgMOTE5ODExNTI3NDgxFQIAERgSQjUxRTc1MkU4QUJGODhGRTg5AA==,919811527481,delivered,1749032125,,,,,,
2025-06-04 19:48:14,919990493933,604345419439317,wamid.HBgMOTE5ODExNjM4OTAxFQIAERgSNTczQUNFMTcwOTRCQkM4REM3AA==,919811638901,delivered,1749032120,,,,,,
2025-06-05 18:47:41,919990493933,604345419439317,wamid.HBgMOTE5ODM3NTIzNDE0FQIAERgSQjgzNTE1QkU4RDg2MjkxRUE4AA==,919837523414,delivered,1749032126,,,,,,
2025-06-04 16:31:48,919990493933,604345419439317,wamid.HBgMOTE5ODM3OTQyNzU4FQIAERgSQjk4RDU2REQ5NkVGMjRBMDdDAA==,919837942758,failed,1749032126,131026,Message undeliverable,,,,
2025-06-04 19:32:59,919990493933,604345419439317,wamid.HBgMOTE5ODM5NDA0NDIzFQIAERgSM0JCMzQ4N0Q4NTY5RkYzMTk5AA==,919839404423,delivered,1749032120,,,,,,
2025-06-05 01:46:25,919990493933,604345419439317,wamid.HBgMOTE5ODY4OTM2NzQxFQIAERgSMEVBNDYxNTRBMTJFMzQxNzg2AA==,919868936741,delivered,1749032125,,,,,,
2025-06-04 17:24:20,919990493933,604345419439317,wamid.HBgMOTE5ODcxMTMxMzkwFQIAERgSRDJGM0NDMDAyNjAxRkZGRTZFAA==,919871131390,delivered,1749032121,,,,,,
2025-06-04 17:55:22,919990493933,604345419439317,wamid.HBgMOTE5ODcxMTkyMDM3FQIAERgSQjMyQjhGNkM0MTMyMkExMzlFAA==,919871192037,delivered,1749032125,,,,,,
2025-06-04 17:57:06,919990493933,604345419439317,wamid.HBgMOTE5ODcxMjIwNzg0FQIAERgSNzNCQ0ZBN0I3QTYwQjhBRTdFAA==,919871220784,delivered,1749032122,,,,,,
2025-06-04 19:39:57,919990493933,604345419439317,wamid.HBgMOTE5ODcxMjU4Nzk5FQIAERgSQjUyODk4RjVFMjI5NTExMDU4AA==,919871258799,delivered,1749032121,,,,,,
2025-06-05 22:08:24,919990493933,604345419439317,wamid.HBgMOTE5ODcxNDczNzQ0FQIAERgSQjM1MjEwRURDRTQxMjNFNDBEAA==,919871473744,delivered,1749032122,,,,,,
2025-06-04 17:53:32,919990493933,604345419439317,wamid.HBgMOTE5ODcxNzI4MjYwFQIAERgSOEVGRUFEMDY3QkFGOUJCREY3AA==,919871728260,delivered,1749032124,,,,,,
2025-06-05 19:11:30,919990493933,604345419439317,wamid.HBgMOTE5ODcxOTYzMTkzFQIAERgSOEUxQ0JFNUVGNTIyOTU4NTc1AA==,919871963193,delivered,1749032122,,,,,,
2025-06-04 18:11:33,919990493933,604345419439317,wamid.HBgMOTE5ODczMjkwNjQ0FQIAERgSOUI5RDk2MDYxNURBMEJCODU3AA==,919873290644,delivered,1749032122,,,,,,
2025-06-05 21:17:19,919990493933,604345419439317,wamid.HBgMOTE5ODczODAyNjk3FQIAERgSNkUwRDA4NjA5MTgwQTExNTdGAA==,919873802697,failed,1749032116,131026,Message undeliverable,,,,
2025-06-04 17:57:51,919990493933,604345419439317,wamid.HBgMOTE5ODczODgzMDU0FQIAERgSNDlCRjEzOUM0Q0Q1OTcxNTFEAA==,919873883054,delivered,1749032125,,,,,,
2025-06-05 21:02:09,919990493933,604345419439317,wamid.HBgMOTE5ODkxNDQ0MTA4FQIAERgSMTgwRjE5NjZCQzlGQUY1N0QwAA==,919891444108,delivered,1749032126,,,,,,
2025-06-05 20:59:26,919990493933,604345419439317,wamid.HBgMOTE5ODkxNTUyMTQwFQIAERgSMDQxMzE1OTQ4OUMwOEZDOUU3AA==,919891552140,failed,1749032124,131026,Message undeliverable,,,,
2025-06-04 19:37:34,919990493933,604345419439317,wamid.HBgMOTE5ODkxOTY5NzEzFQIAERgSMDc0OTM4QTdGMDgxMUVENTVCAA==,919891969713,delivered,1749032125,,,,,,
2025-06-04 18:14:28,919990493933,604345419439317,wamid.HBgMOTE5ODk5MDA1NzA1FQIAERgSMkRCMjY4MTQ1N0YwQUM3NjQ0AA==,919899005705,delivered,1749032124,,,,,,
2025-06-05 22:51:47,919990493933,604345419439317,wamid.HBgMOTE5ODk5MTI5NzgxFQIAERgSRDM0MDI5QTZDODJCMkFENTU3AA==,919899129781,failed,1749032119,131049,This message was not delivered to maintain healthy ecosystem engagement.,,,,
2025-06-04 19:53:37,919990493933,604345419439317,wamid.HBgMOTE5ODk5ODkxNDAyFQIAERgSODZBREY5Njc0NjA2QjI3OTQ2AA==,919899891402,delivered,1749032121,,,,,,
2025-06-04 16:25:25,919990493933,604345419439317,wamid.HBgMOTE5OTEwMDM5ODc1FQIAERgSMzMwMDg3QUY3Q0VDRTlBRDA2AA==,919910039875,delivered,1749032121,,,,,,
2025-06-04 17:21:01,919990493933,604345419439317,wamid.HBgMOTE5OTEwMTg3NjczFQIAERgSRjQwMTQxM0FCOUE5RDgxQkJDAA==,919910187673,delivered,1749032120,,,,,,
2025-06-04 17:58:42,919990493933,604345419439317,wamid.HBgMOTE5OTEwMzI0NjU5FQIAERgSMkQ4MjRFMjIwNDI5N0E4QkM5AA==,919910324659,delivered,1749032125,,,,,,
2025-06-04 18:04:39,919990493933,604345419439317,wamid.HBgMOTE5OTEwMzUwMjY4FQIAERgSRENBMjdCRjk4ODUxQkFCRjFBAA==,919910350268,delivered,1749032124,,,,,,
2025-06-04 18:14:51,919990493933,604345419439317,wamid.HBgMOTE5OTEwOTY4NjkzFQIAERgSMEIxRjgzRjI4NDAxMTA5NUZFAA==,919910968693,failed,1749032121,131026,Message undeliverable,,,,
2025-06-04 18:04:32,919990493933,604345419439317,wamid.HBgMOTE5OTExNjAxMjYyFQIAERgSRDcxN0FDRTZDMDg0QjIwNDY5AA==,919911601262,failed,1749032121,131026,Message undeliverable,,,,
2025-06-05 18:38:43,919990493933,604345419439317,wamid.HBgMOTE5OTExOTA1NzI1FQIAERgSQjY0QTIwQkZGMzdDNTU3NkQxAA==,919911905725,delivered,1749032127,,,,,,
2025-06-04 18:05:03,919990493933,604345419439317,wamid.HBgMOTE5OTExOTY4MTQzFQIAERgSNTcyN0IxRkI4NEIxRjgwQzZCAA==,919911968143,delivered,1749032122,,,,,,
2025-06-04 17:30:38,919990493933,604345419439317,wamid.HBgMOTE5OTI3ODI2Njg3FQIAERgSODlGQjkwNDlGNzc5NkVCMzI4AA==,919927826687,failed,1749032127,131026,Message undeliverable,,,,
2025-06-04 18:17:27,919990493933,604345419439317,wamid.HBgMOTE5OTU4MDY2NDA5FQIAERgSQjdBQjU3MEEzNTA5QjgyMkMxAA==,919958066409,delivered,1749032124,,,,,,
2025-06-05 16:20:35,919990493933,604345419439317,wamid.HBgMOTE5OTU4MDkwNDkyFQIAERgSQzk4OTIyNzRBMEFBRjM1Mzc5AA==,919958090492,delivered,1749032122,,,,,,
2025-06-04 19:23:32,919990493933,604345419439317,wamid.HBgMOTE5OTU4MTA4OTg0FQIAERgSMjg2OEU0MkQ2OTJDRkM5OTQxAA==,919958108984,delivered,1749032121,,,,,,
2025-06-04 17:26:16,919990493933,604345419439317,wamid.HBgMOTE5OTU4NDgzMDU0FQIAERgSNjZCOEIwQUQ5QzIzNzNERjIxAA==,919958483054,failed,1749032119,131026,Message undeliverable,,,,
2025-06-04 19:40:21,919990493933,604345419439317,wamid.HBgMOTE5OTU4NTQ1MzA0FQIAERgSNzA0Rjg5QkJBQUFERjg3NDU0AA==,919958545304,delivered,1749032125,,,,,,
2025-06-04 17:53:23,919990493933,604345419439317,wamid.HBgMOTE5OTU4NzQzMTc5FQIAERgSNDczMTQwNjlCODE3QTQ3MjUwAA==,919958743179,delivered,1749032122,,,,,,
2025-06-04 18:10:17,919990493933,604345419439317,wamid.HBgMOTE5OTcxMTUwMTU5FQIAERgSNTNBMzIxQzkzRjI4M0VEMzJFAA==,919971150159,delivered,1749032124,,,,,,
2025-06-04 20:16:49,919990493933,604345419439317,wamid.HBgMOTE5OTcxNjc1Nzg2FQIAERgSMTY5QzgxQUE1RkUyMURBREFCAA==,919971675786,delivered,1749032126,,,,,,
2025-06-04 18:11:17,919990493933,604345419439317,wamid.HBgMOTE5OTcxNzg1Njg5FQIAERgSQkRCN0QxOUJFMkYwNEY4OERCAA==,919971785689,delivered,1749032126,,,,,,
2025-06-04 18:12:51,919990493933,604345419439317,wamid.HBgMOTE5OTkwNTgwNDgwFQIAERgSQjU4RkVCN0NGREIwMkY0QzU0AA==,919990580480,delivered,1749032122,,,,,,
2025-06-04 16:31:45,919990493933,604345419439317,wamid.HBgMOTE5OTkwODYxMzc0FQIAERgSMjEyN0Y5NUExMDYxOTQ1NTZFAA==,919990861374,delivered,1749032125,,,,,,
2025-06-05 16:18:18,919990493933,604345419439317,wamid.HBgMOTE5OTk3MDg0NzA2FQIAERgSNDVBOUFBOTFCMTQxNTZGRUVDAA==,919997084706,delivered,1749032125,,,,,,
2025-06-04 17:26:24,919990493933,604345419439317,wamid.HBgMOTE5OTk3MTY0NzYxFQIAERgSNEEwOEU5NzdBNTAwMzg3QzA0AA==,919997164761,delivered,1749032120,,,,,,
2025-06-05 10:26:06,919990493933,604345419439317,wamid.HBgMOTE5OTk5ODEyMDc1FQIAERgSMjQ5NDE4OTRCOURCOTlBRjI2AA==,919999812075,delivered,1749032121,,,,,,
2025-06-06 00:20:08,919990493933,604345419439317,wamid.HBgMOTE5OTk5OTc5ODM1FQIAERgSMjRCMUQwOUQ4OTk5OUQwQjFBAA==,919999979835,delivered,1749032122,,,,,,
2025-06-04 15:49:27,918929546200,725569473962618,wamid.HBgMOTE5ODcxMTI1MTE1FQIAERgSRkE5Q0I1QzQyRkZBQjA1MjdGAA==,919718840853,delivered,2025-06-04 15:49:27,,,,,,
2025-06-04 15:50:00,918929546200,725569473962618,wamid.HBgMOTE5NjQ2NzcyMzYxFQIAERgSRjVBMkY3OEI2NDY1ODFEREZCAA==,918477010742,delivered,2025-06-04 15:50:00,,,,,,
2025-06-04 15:47:55,919205888736,650615708140466,wamid.HBgMOTE4MzQwMzIyNDU1FQIAERgSODU2RDlDM0FBRDNCMjBDQ0U0AA==,919891722755,delivered,2025-06-04 15:47:55,,,,,,
2025-06-04 15:47:58,918929532648,724637984055655,wamid.HBgMOTE5ODcxMTI1MTE1FQIAERgSRUMyM0MwQ0VGMThFMjc4RjFCAA==,919871887193,delivered,2025-06-04 15:47:58,,,,,,
2025-06-04 15:48:33,918929532648,724637984055655,wamid.HBgMOTE5ODIxNTAzMDk4FQIAERgSMjhBRjcwRkM5QzlGNTE1MjZGAA==,919540664069,delivered,2025-06-04 15:48:33,,,,,,
2025-06-04 15:49:25,919205888736,650615708140466,wamid.HBgMOTE4ODAwOTMxMjA0FQIAERgSNjMzNkYyREVBOUMxNTc4QjQwAA==,918851087108,delivered,2025-06-04 15:49:25,,,,,,
2025-06-04 15:46:41,918929532648,724637984055655,wamid.HBgMOTE3MDgyMDAwNDgwFQIAERgSMzQxRTBDQUU0QjczQzk0MTJCAA==,918800597645,delivered,2025-06-04 15:46:41,,,,,,
2025-06-04 15:48:15,918929546200,725569473962618,wamid.HBgMOTE5OTk5MzkyOTg2FQIAERgSRDQwNzFGMUI3MEIzQUVCQTRFAA==,919643638852,delivered,2025-06-04 15:48:15,,,,,,
2025-06-04 15:45:34,918929532648,724637984055655,wamid.HBgMOTE5OTg1NDk1NjgwFQIAERgSNDM2MkVBNjBGMDI0MDIzMjdCAA==,918373983764,delivered,2025-06-04 15:45:34,,,,,,
2025-06-04 15:49:20,918929546200,725569473962618,wamid.HBgMOTE5OTI4NTU1NzExFQIAERgSOTU1NEI1MUE5MUE2Q0ExQ0MwAA==,918448922531,delivered,2025-06-04 15:49:20,,,,,,
2025-06-04 15:47:31,918929546200,725569473962618,wamid.HBgMOTE5OTAyODU1NDc3FQIAERgSOTNGQTRBM0YwNkNGNzYyNDcxAA==,919873298853,delivered,2025-06-04 15:47:31,,,,,,
2025-06-04 15:48:48,918929546200,725569473962618,wamid.HBgMOTE5ODEwMjI1OTI0FQIAERgSMTFGQjRCMzUxODZFQTM2OEQ4AA==,919990917110,delivered,2025-06-04 15:48:48,,,,,,
2025-06-04 15:49:41,919205888736,650615708140466,wamid.HBgMOTE4Mjg1NTU5MzE4FQIAERgSQkMyRjYwRkQxMjNCMTlCNzI5AA==,919871944160,delivered,2025-06-04 15:49:41,,,,,,
2025-06-04 15:46:54,918929546200,725569473962618,wamid.HBgMOTE5ODEwMzQ3OTIxFQIAERgSMUEzNTI1MzZCNTZDQjcyM0FCAA==,919758857148,delivered,2025-06-04 15:46:54,,,,,,
2025-06-04 15:46:47,919873744492,657469204124096,wamid.HBgMOTE5NzExMzQwNTA1FQIAERgSOEQ1NjNFRjUxMkNBNzAyMDE3AA==,918171386612,delivered,2025-06-04 15:46:47,,,,,,
2025-06-04 15:49:30,918929532648,724637984055655,wamid.HBgMOTE3NzAxOTc3Mjg5FQIAERgSMzY4M0VGNzM2QUY1QkMwMTYzAA==,918534957230,delivered,2025-06-04 15:49:30,,,,,,
2025-06-04 15:45:21,918929546200,725569473962618,wamid.HBgMOTE4MDU5NTg5MjYwFQIAERgSNUJENjk4QkIwQjNENzlEMkQzAA==,917011302765,delivered,2025-06-04 15:45:21,,,,,,
2025-06-04 15:49:12,918929532648,724637984055655,wamid.HBgMOTE5ODc0ODQwMDM2FQIAERgSQzRFMDFFMjYyMEY5RUM0RTlGAA==,919650107925,delivered,2025-06-04 15:49:12,,,,,,
2025-06-04 15:49:52,919205888736,650615708140466,wamid.HBgMOTE5OTcxODc5NjQxFQIAERgSRDdENEUyQjJFMDQxMDRENUM5AA==,917830973330,delivered,2025-06-04 15:49:52,,,,,,
2025-06-04 15:46:55,919205888736,650615708140466,wamid.HBgMOTE4MzczOTMxMDYyFQIAERgSNUY0ODUyNjAyQjk1REYxREQwAA==,919625373897,delivered,2025-06-04 15:46:55,,,,,,
2025-06-04 15:45:23,918929532648,724637984055655,wamid.HBgMOTE3OTg2MDE2MjkyFQIAERgSQjIzQkE0OTA3QkIwMzBCQkE0AA==,919211383425,delivered,2025-06-04 15:45:23,,,,,,
2025-06-04 15:47:51,919205888736,650615708140466,wamid.HBgMOTE5ODcxNDUxNjc5FQIAERgSMkFGOTRGQjEwREEzRTM4RjVDAA==,919557222737,delivered,2025-06-04 15:47:51,,,,,,
2025-06-04 15:45:22,918929532648,724637984055655,wamid.HBgMOTE5NjgyNjEwNTIyFQIAERgSRkY5QjE5NjE4QzA0NjREMjNBAA==,919871203622,delivered,2025-06-04 15:45:22,,,,,,
2025-06-04 15:48:23,918929546200,725569473962618,wamid.HBgMOTE4MDU5NTg5MjYwFQIAERgSNTc1NEYyNDNCMDA5Q0EzNjMzAA==,917465013094,delivered,2025-06-04 15:48:23,,,,,,
2025-06-04 15:45:24,918929532648,724637984055655,wamid.HBgMOTE4MjgzODEzMTIwFQIAERgSM0UzMjdENjk4QzBCMUI1NzIyAA==,919821232040,delivered,2025-06-04 15:45:24,,,,,,
2025-06-04 15:48:50,918929546200,725569473962618,wamid.HBgMOTE4NTI3Mzg2MTc5FQIAERgSRjYyOEREMDNGQTcyNDQyQjk1AA==,919773884352,delivered,2025-06-04 15:48:50,,,,,,
2025-06-04 15:48:59,918929546200,725569473962618,wamid.HBgMOTE3NzE4ODI4NTIwFQIAERgSRDUzMzE4Qzg1RDJERjQ4RUQ2AA==,919315535705,delivered,2025-06-04 15:48:59,,,,,,
2025-06-04 15:49:45,918929532648,724637984055655,wamid.HBgMOTE4Mjg3ODI3MzQ0FQIAERgSNzM3MTYyN0IxRTVEQjU3MTFGAA==,919979150884,delivered,2025-06-04 15:49:45,,,,,,
2025-06-04 15:45:39,919205888736,650615708140466,wamid.HBgMOTE4ODM5MTEwNDk5FQIAERgSNzY3MkMyRTE0REJGMzM5MTU0AA==,919968306942,delivered,2025-06-04 15:45:39,,,,,,
2025-06-04 15:45:39,919205888736,650615708140466,wamid.HBgMOTE3ODk2MDExOTU2FQIAERgSNDI4OTIzRTI1ODJBNjA2QTEwAA==,919711229058,delivered,2025-06-04 15:45:39,,,,,,
2025-06-04 15:46:31,918929546200,725569473962618,wamid.HBgMOTE5NzExMzY4NjQwFQIAERgSNjlCRTYyNDI2NDQ0OEU0QzIzAA==,919717141853,delivered,2025-06-04 15:46:31,,,,,,
2025-06-04 15:45:34,919205888736,650615708140466,wamid.HBgMOTE5ODYzNjMzMTc4FQIAERgSOTdGMUJFREUzMTU2QTFBRjdDAA==,916397732424,delivered,2025-06-04 15:45:34,,,,,,
2025-06-04 15:46:03,919205888736,650615708140466,wamid.HBgMOTE4NTg2OTYyNDMyFQIAERgSNDMyMzMxRTMzMjQxQUJFNEEyAA==,917065534950,delivered,2025-06-04 15:46:03,,,,,,
2025-06-04 15:45:31,918929546200,725569473962618,wamid.HBgMOTE5NDU0NjM2MDk1FQIAERgSNTg2RkNGNTVEMTg5OTI2NjYwAA==,919958088537,delivered,2025-06-04 15:45:31,,,,,,
2025-06-04 15:45:37,918929546200,725569473962618,wamid.HBgMOTE4MDc2NzQzNzEyFQIAERgSMjIyNEFERjRCMDE5OERCMTY2AA==,918377915932,delivered,2025-06-04 15:45:37,,,,,,
2025-06-04 15:46:01,918929546200,725569473962618,wamid.HBgMOTE5ODczNDQyNDY0FQIAERgSNEU1NTZERDYxRjNDNjAxMjk4AA==,919910260692,delivered,2025-06-04 15:46:01,,,,,,
2025-06-04 15:48:35,918929532648,724637984055655,wamid.HBgMOTE4Mjg3MTE2NzY5FQIAERgSNDEwMzk2OTlGNkMxQkM2Nzk4AA==,919711678458,delivered,2025-06-04 15:48:35,,,,,,
2025-06-04 15:46:55,918929546200,725569473962618,wamid.HBgMOTE5OTk5Njk3NTE1FQIAERgSMzMzNEZGODVBNDE5NEZGOTMwAA==,919953850527,delivered,2025-06-04 15:46:55,,,,,,
2025-06-04 15:48:14,918929532648,724637984055655,wamid.HBgMOTE5OTEwNTA5MDg2FQIAERgSQzUxQ0QxQ0ZBRTcyMDIwRDk5AA==,919718484029,delivered,2025-06-04 15:48:14,,,,,,
2025-06-04 15:49:06,919205888736,650615708140466,wamid.HBgMOTE5NDc5NjM3MjQ0FQIAERgSQTBFNjU1MEVFM0IwQUUxOEMyAA==,917982204006,delivered,2025-06-04 15:49:06,,,,,,
2025-06-04 15:46:44,919205888736,650615708140466,wamid.HBgMOTE5ODczNTAwMDkyFQIAERgSQjA5NzU0OENCNTA0RkRCRUU2AA==,919716911737,delivered,2025-06-04 15:46:44,,,,,,
2025-06-04 15:49:39,918929532648,724637984055655,wamid.HBgMOTE5NDU0NjM2MDk1FQIAERgSQzI5NjBCMkZGMjUzRjlFMzgzAA==,919650288408,delivered,2025-06-04 15:49:39,,,,,,
2025-06-04 15:46:19,918929546200,725569473962618,wamid.HBgMOTE3Njc4NDE1NTY5FQIAERgSMDc0MTA2N0IwNjkzQkI5NDkwAA==,919717802800,delivered,2025-06-04 15:46:19,,,,,,
2025-06-04 15:48:27,919205888736,650615708140466,wamid.HBgMOTE4ODgyMDgyNDg5FQIAERgSRDMzMTI4OEM0QkJBRENDRkYzAA==,918006470929,delivered,2025-06-04 15:48:27,,,,,,
2025-06-04 15:46:15,918929532648,724637984055655,wamid.HBgMOTE5ODk5ODU4OTU0FQIAERgSNUIyN0U3ODM1MzU4OUI3NzhGAA==,918077919788,delivered,2025-06-04 15:46:15,,,,,,
2025-06-04 15:49:07,918929532648,724637984055655,wamid.HBgMOTE5NjUwMjM5NTE3FQIAERgSQkYxM0FGNjcwMzA5ODc2RTBBAA==,919891171298,delivered,2025-06-04 15:49:07,,,,,,
2025-06-04 15:48:09,919205888736,650615708140466,wamid.HBgMOTE3MDg0MjM3MzkxFQIAERgSOTc1NEM1MDJDRTgxOEJEQkREAA==,918700968020,delivered,2025-06-04 15:48:09,,,,,,
2025-06-04 15:49:46,919205888736,650615708140466,wamid.HBgMOTE4MzgzOTk2ODczFQIAERgSRjY3MjY0RkNBQkM0REFFOEMwAA==,919540193244,delivered,2025-06-04 15:49:46,,,,,,
2025-06-04 15:49:35,919205888736,650615708140466,wamid.HBgMOTE3OTgyODUxMDE0FQIAERgSRkQwMTVCQTJFMTAzMjVERUYyAA==,917838255294,delivered,2025-06-04 15:49:35,,,,,,
2025-06-04 15:48:46,918929532648,724637984055655,wamid.HBgMOTE4NDQ1MTcyMzk3FQIAERgSMEM1NkY1MjdCMzEwRkNFMTJDAA==,918595719329,delivered,2025-06-04 15:48:46,,,,,,
2025-06-04 15:49:48,918929532648,724637984055655,wamid.HBgMOTE5MzExNjU2Nzg0FQIAERgSQ0MxMUI4RkU4NkVDQTI0MDNGAA==,918810301859,delivered,2025-06-04 15:49:48,,,,,,
2025-06-04 15:49:43,918929546200,725569473962618,wamid.HBgMOTE5MjIwMTQ0NTY2FQIAERgSMzVDODkwRUY2RDEyNjg5Qjg4AA==,917500391210,delivered,2025-06-04 15:49:43,,,,,,
2025-06-04 15:49:56,918929532648,724637984055655,wamid.HBgMOTE4Mjk5ODAwNDI4FQIAERgSQjkzRjYwRUJDRjdEMkRDNUI1AA==,919634116651,delivered,2025-06-04 15:49:56,,,,,,
2025-06-04 15:46:54,918929532648,724637984055655,wamid.HBgMOTE4OTI5NzQ2ODIxFQIAERgSNjcwNTg0RkNCOEY1OTVGMDMxAA==,919718164553,delivered,2025-06-04 15:46:54,,,,,,
2025-06-04 15:47:42,918929546200,725569473962618,wamid.HBgMOTE3ODkzNjY2MzE1FQIAERgSMERCQjEzNjk0OTM3RTNCREIwAA==,918126056396,delivered,2025-06-04 15:47:42,,,,,,
2025-06-04 15:48:59,919205888736,650615708140466,wamid.HBgMOTE5ODI1OTkwMjU2FQIAERgSNUFBMTVFRjBDNkIxRTc0MkRGAA==,919632520205,delivered,2025-06-04 15:48:59,,,,,,
2025-06-04 15:47:43,918929532648,724637984055655,wamid.HBgMOTE5ODE1NzE2OTg5FQIAERgSQkU5OUQ0MkM3ODg3QzQxRTY0AA==,919084915383,delivered,2025-06-04 15:47:43,,,,,,
2025-06-04 15:45:46,918929546200,725569473962618,wamid.HBgMOTE5OTU4MDU5NTAwFQIAERgSMDU0ODA3MTY4NTI5RTk4MUY1AA==,919654297176,delivered,2025-06-04 15:45:46,,,,,,
2025-06-04 15:48:39,918929546200,725569473962618,wamid.HBgMOTE5NjUwMjYyNDY4FQIAERgSOTFBNkQ2MkE5NzA5NTk5RUEwAA==,919310835454,delivered,2025-06-04 15:48:39,,,,,,
2025-06-04 15:47:31,918929546200,725569473962618,wamid.HBgMOTE5OTU4MTExNzY5FQIAERgSMEE1ODA5QUU5RENBNkEyQTE5AA==,919891583477,delivered,2025-06-04 15:47:31,,,,,,
2025-06-04 15:48:23,919205888736,650615708140466,wamid.HBgMOTE5NTgyNjQ2OTQzFQIAERgSNjkzRTMzMTM5NUNBRjExODBDAA==,919958137881,delivered,2025-06-04 15:48:23,,,,,,
2025-06-04 15:50:14,918929546200,725569473962618,wamid.HBgMOTE5ODE4ODQ0MDE5FQIAERgSRjA5QkU1RTUyODdCNzczNTgzAA==,919716423243,delivered,2025-06-04 15:50:14,,,,,,
2025-06-04 15:46:12,918929546200,725569473962618,wamid.HBgMOTE5ODA5MzczODM5FQIAERgSMkUzREI2RTI4NkRENzk3MTY4AA==,918851436169,delivered,2025-06-04 15:46:12,,,,,,
2025-06-04 15:50:04,918929532648,724637984055655,wamid.HBgMOTE5MzA2MDI4MDExFQIAERgSMzE3OTdCQjVFREJBRjY1OUQwAA==,917982369814,delivered,2025-06-04 15:50:04,,,,,,
2025-06-04 15:48:35,919873744492,657469204124096,wamid.HBgMOTE5NzExMzQwNTA1FQIAERgSMDlGNzBEQkNEQkRCOTcxQkE2AA==,919557766688,delivered,2025-06-04 15:48:35,,,,,,
2025-06-04 15:46:14,918929546200,725569473962618,wamid.HBgMOTE5MTQ5OTQxMjc4FQIAERgSQ0QzQUM4RjFFMzAxOTk4MkRBAA==,919910383993,delivered,2025-06-04 15:46:14,,,,,,
2025-06-04 15:49:46,919205888736,650615708140466,wamid.HBgMOTE5ODkxNDE2ODU5FQIAERgSQ0VFMjUyM0JCODdFQTgzMjVCAA==,919318306520,delivered,2025-06-04 15:49:46,,,,,,
2025-06-04 15:50:12,918929532648,724637984055655,wamid.HBgMOTE5NjI1MDE4OTQ4FQIAERgSRUNGREIyMzcwRjhCNjMxMEUwAA==,919319073782,delivered,2025-06-04 15:50:12,,,,,,
2025-06-04 15:49:19,919205888736,650615708140466,wamid.HBgMOTE4ODY1MDM0NzExFQIAERgSOERGQ0YxNUFGRDBENjYwNDBEAA==,919811658231,delivered,2025-06-04 15:49:19,,,,,,
2025-06-04 15:46:14,918929532648,724637984055655,wamid.HBgMOTE5NzExNjA3OTM5FQIAERgSRTk3QUNEQ0MyMjUxMjAwRkNGAA==,918810420759,delivered,2025-06-04 15:46:14,,,,,,
2025-06-04 15:46:00,919205888736,650615708140466,wamid.HBgMOTE5OTUzNzc3NzcxFQIAERgSQjFGMjM3NkJENjgzRUM3QUUzAA==,918743996700,delivered,2025-06-04 15:46:00,,,,,,
2025-06-04 15:49:34,918929546200,725569473962618,wamid.HBgMOTE5OTEwODgzOTAwFQIAERgSQzA2Mzg5QjUwOUM2MzhEQkQ2AA==,918285767456,delivered,2025-06-04 15:49:34,,,,,,
2025-06-04 15:47:28,918929546200,725569473962618,wamid.HBgMOTE5ODEwMzQ3OTIxFQIAERgSNzBBMUNDNkJGM0FDQTE5MjgzAA==,919718675083,delivered,2025-06-04 15:47:28,,,,,,
2025-06-04 15:46:33,918929532648,724637984055655,wamid.HBgMOTE4MDc2NTc5MjU2FQIAERgSQjk1RDgzM0Y0MTU0MjYzQTU2AA==,918510849626,delivered,2025-06-04 15:46:33,,,,,,
2025-06-04 15:48:00,918929546200,725569473962618,wamid.HBgMOTE5NzExMzY4NjQwFQIAERgSNEMxRjZDMEIxQ0Y2N0YyOUEwAA==,919711401920,delivered,2025-06-04 15:48:00,,,,,,
2025-06-04 15:48:59,918929532648,724637984055655,wamid.HBgMOTE5NjkxMDUwNTg1FQIAERgSOENFREZFQkRDODJDQTlEQUEzAA==,919319568717,delivered,2025-06-04 15:48:59,,,,,,
2025-06-04 15:47:07,918929546200,725569473962618,wamid.HBgMOTE5OTk5ODcwNTY0FQIAERgSODAzQTQ2ODE2Njk4REYxMDk5AA==,919716588506,delivered,2025-06-04 15:47:07,,,,,,
2025-06-04 15:48:14,919205888736,650615708140466,wamid.HBgMOTE4OTQ5Nzg2OTE2FQIAERgSOTk3NEU4MkQ2NUU0MDk2MkI1AA==,919894297932,delivered,2025-06-04 15:48:14,,,,,,
2025-06-04 15:49:25,918929627512,679864135212915,wamid.HBgMOTE5NzExMzQwNTA1FQIAERgSNzM1MUYwQUQ4N0Q4QkE3NThFAA==,918285221519,delivered,2025-06-04 15:49:25,,,,,,
2025-06-04 15:46:05,918929546200,725569473962618,wamid.HBgMOTE3NzU0OTY4MzE2FQIAERgSOEUzRTVBNEEzM0FCQUIxQUIxAA==,919968318705,delivered,2025-06-04 15:46:05,,,,,,
2025-06-04 15:48:15,918929546200,725569473962618,wamid.HBgMOTE5NDU0NjM2MDk1FQIAERgSNzY5REQzMTk3M0Q5OTZBREJCAA==,918104410172,delivered,2025-06-04 15:48:15,,,,,,
2025-06-04 15:46:14,918929546200,725569473962618,wamid.HBgMOTE4ODYwODU5Nzg0FQIAERgSOEJGNjk5NjA2NTREMjNERTU4AA==,919990450555,delivered,2025-06-04 15:46:14,,,,,,
2025-06-04 15:48:35,918929532648,724637984055655,wamid.HBgMOTE4MzkwNzczMjMzFQIAERgSQjM5MTY4MjJGQ0E2MjQ4QzFBAA==,917011571894,delivered,2025-06-04 15:48:35,,,,,,
2025-06-04 15:50:05,919205888736,650615708140466,wamid.HBgMOTE5NTgyODI3MzY4FQIAERgSOENDMTVDMkU3M0Y1MjI1OEU2AA==,919310638363,delivered,2025-06-04 15:50:05,,,,,,
2025-06-04 15:50:09,918929546200,725569473962618,wamid.HBgMOTE5NzYxNTcxMjM0FQIAERgSRkExNzY0MTE5QzlCNjU0N0I1AA==,919720884384,delivered,2025-06-04 15:50:09,,,,,,
2025-06-04 15:45:28,918929546200,725569473962618,wamid.HBgMOTE5ODk5ODg3NTkzFQIAERgSQkE0RDgxMTk1MjVFOTQxRUYxAA==,919718148093,delivered,2025-06-04 15:45:28,,,,,,
2025-06-04 15:46:20,918929546200,725569473962618,wamid.HBgMOTE5ODEwNzMwNDA0FQIAERgSMzk3OTFBMUNFRUU0MDkzMjQ1AA==,919650686140,delivered,2025-06-04 15:46:20,,,,,,
2025-06-04 15:45:44,918929532648,724637984055655,wamid.HBgMOTE3OTgyODUxMDE0FQIAERgSNzkxMzMyNkVCOTExRTg2MEJFAA==,919716030797,delivered,2025-06-04 15:45:44,,,,,,
2025-06-04 15:46:43,919205888736,650615708140466,wamid.HBgMOTE3MDY1NTM2NzM2FQIAERgSMjI3MTY5QzM4NERBOUZFNkQ0AA==,919918930065,delivered,2025-06-04 15:46:43,,,,,,
2025-06-04 15:45:23,919205888736,650615708140466,wamid.HBgMOTE5ODk2MTgyNDg3FQIAERgSOUM4MDhENTNBNDUyQzVGNjY2AA==,919811277337,delivered,2025-06-04 15:45:23,,,,,,
2025-06-04 15:48:11,918929546200,725569473962618,wamid.HBgMOTE5ODE4NjExNzg5FQIAERgSQjdBNzM5NzcyODFCQjYzMTRBAA==,918271478904,delivered,2025-06-04 15:48:11,,,,,,
2025-06-04 15:47:16,918929546200,725569473962618,wamid.HBgMOTE5OTc0OTY2MDg4FQIAERgSRDYzMkU1RUFFMzZFOEU1NjhCAA==,919599265710,delivered,2025-06-04 15:47:16,,,,,,
2025-06-04 15:50:07,919205888736,650615708140466,wamid.HBgMOTE5NzgyMzAyNDQ0FQIAERgSMjU0MjcxN0M4NDk5NDhDNUQwAA==,918744030224,delivered,2025-06-04 15:50:07,,,,,,
2025-06-04 15:48:59,918929546200,725569473962618,wamid.HBgMOTE5NjU0NTQyNDkwFQIAERgSMDQxRDRERTNDNUE5RDNBRjZGAA==,918750636465,delivered,2025-06-04 15:48:59,,,,,,
2025-06-04 15:47:56,918929546200,725569473962618,wamid.HBgMOTE4Mjg1NTgyOTQ2FQIAERgSRTM0NTFGQ0M5QzFBRkUwMDFEAA==,919911909671,delivered,2025-06-04 15:47:56,,,,,,
2025-06-04 15:49:38,919205888736,650615708140466,wamid.HBgMOTE3Mjk1ODAzMDkzFQIAERgSMkE3MTk4M0I2RThCREQ3NkMyAA==,919718895385,delivered,2025-06-04 15:49:38,,,,,,
2025-06-04 15:46:03,918929532648,724637984055655,wamid.HBgMOTE3OTcyNjI0MzA0FQIAERgSRjJDNUMwMDk4NUZFODdGRUIxAA==,919968439203,delivered,2025-06-04 15:46:03,,,,,,
2025-06-04 15:47:27,919873744492,657469204124096,wamid.HBgMOTE5NzExMzQwNTA1FQIAERgSMzk4MjVGMUY0NTY4NDQyQzEyAA==,919759684271,delivered,2025-06-04 15:47:27,,,,,,
2025-06-04 15:49:01,918929546200,725569473962618,wamid.HBgMOTE3MDExNTMwNDM1FQIAERgSRDU2OTVGRDgwODBCQThBNDQ0AA==,919761487419,delivered,2025-06-04 15:49:01,,,,,,
2025-06-04 15:48:08,918929546200,725569473962618,wamid.HBgMOTE5MjEyMDUzMTQ2FQIAERgSODE1Q0NCQkY4MjMwQ0IyNTZCAA==,919455217213,delivered,2025-06-04 15:48:08,,,,,,
2025-06-04 15:46:26,918929546200,725569473962618,wamid.HBgMOTE4MTc4Njc0OTMxFQIAERgSNThCNUFFRjI1MzNEQzFDMDZCAA==,918447488914,delivered,2025-06-04 15:46:26,,,,,,
2025-06-04 15:47:37,919205888736,650615708140466,wamid.HBgMOTE5ODczMzEwMTM2FQIAERgSRjA2MDMzMzM2NDk0OTgyNjBFAA==,917302030797,delivered,2025-06-04 15:47:37,,,,,,
2025-06-04 15:45:41,918929546200,725569473962618,wamid.HBgMOTE5OTU4NTgwODc3FQIAERgSMzQ5OTg0QjM5NjcwQzU2MkVCAA==,918800187524,delivered,2025-06-04 15:45:41,,,,,,
2025-06-04 15:45:33,918929532648,724637984055655,wamid.HBgMOTE4NjUwMDAyMjAyFQIAERgSQzc0Qjg4NEEwQzk2NDhERjFFAA==,918368196215,delivered,2025-06-04 15:45:33,,,,,,
2025-06-04 15:47:58,919205888736,650615708140466,wamid.HBgMOTE4ODgyMDgyNDg5FQIAERgSODc0MEZCMkVENjk4Nzc3QkVGAA==,919650918995,delivered,2025-06-04 15:47:58,,,,,,
2025-06-04 15:48:56,918929546200,725569473962618,wamid.HBgMOTE5OTcxMzA3NzYyFQIAERgSMDA3NTk3NzIxQzIyRThGNTU4AA==,919810779844,delivered,2025-06-04 15:48:56,,,,,,
2025-06-04 15:45:28,918929546200,725569473962618,wamid.HBgMOTE5NjUwNDE1MjcyFQIAERgSNDU4MDQ5RUU3RjcwRDBFN0IyAA==,919990460934,delivered,2025-06-04 15:45:28,,,,,,
2025-06-04 15:48:38,918929532648,724637984055655,wamid.HBgMOTE4MDEwMTAyMjcwFQIAERgSMTZFNzJCRkVFQUFFNjZCQUI4AA==,917428626396,delivered,2025-06-04 15:48:38,,,,,,
2025-06-04 15:49:20,919205888736,650615708140466,wamid.HBgMOTE2MjA1MTU2Mzg3FQIAERgSQzZCMTJGNURBQUZGOTM5REEyAA==,919560162645,delivered,2025-06-04 15:49:20,,,,,,
2025-06-04 15:49:57,919205888736,650615708140466,wamid.HBgMOTE5NTg0MjY4OTI0FQIAERgSQjdENjMxQUU0RjA3MEQ2OENDAA==,919990293780,delivered,2025-06-04 15:49:57,,,,,,
2025-06-04 15:47:05,918929546200,725569473962618,wamid.HBgMOTE5NTYwODYxMjY5FQIAERgSOTQ4RkE3NDlBRDhDQUZDMUJFAA==,919910607826,delivered,2025-06-04 15:47:05,,,,,,
2025-06-04 15:48:43,919205888736,650615708140466,wamid.HBgMOTE5NzczNTIzNzU1FQIAERgSRkMxRjk2NkVFMUQwOTI1QTg3AA==,918851826374,delivered,2025-06-04 15:48:43,,,,,,
2025-06-04 15:48:37,918929532648,724637984055655,wamid.HBgMOTE4NTEwODQ5MDE4FQIAERgSQUQ0RjNDRkZDMTBFOTIyNEMxAA==,918130011713,delivered,2025-06-04 15:48:37,,,,,,
2025-06-04 15:45:43,918929546200,725569473962618,wamid.HBgMOTE5OTg1NDk1NjgwFQIAERgSNjE4MTg1NEY1REMzQTVGODZFAA==,918860810413,delivered,2025-06-04 15:45:43,,,,,,
2025-06-04 15:46:25,918929532648,724637984055655,wamid.HBgMOTE5ODczNzQxMTE3FQIAERgSQTlFRjkyRUI1NUQ3NjMwMDg2AA==,918742938852,delivered,2025-06-04 15:46:25,,,,,,
2025-06-04 15:48:34,918929532648,724637984055655,wamid.HBgMOTE5ODEwNjk5NjY1FQIAERgSNDhFODIyODQ3QTQ1RENDMkI5AA==,917210630567,delivered,2025-06-04 15:48:34,,,,,,
2025-06-04 15:47:47,918929532648,724637984055655,wamid.HBgMOTE4Njk5MDczNDc2FQIAERgSMTY2RDdGMkQxNkRCMDRBOUM4AA==,918476052308,delivered,2025-06-04 15:47:47,,,,,,
2025-06-04 15:49:48,918929546200,725569473962618,wamid.HBgMOTE5ODc2NzU3NDE1FQIAERgSNTU5MzkyNzIzRjBBMzMzQ0MyAA==,917978782257,delivered,2025-06-04 15:49:48,,,,,,
2025-06-04 15:48:20,918929532648,724637984055655,wamid.HBgMOTE4ODk5Njk2MzIyFQIAERgSMDFFRDk1NEJGOTZDMDY0NEI3AA==,918218726584,delivered,2025-06-04 15:48:20,,,,,,
2025-06-04 15:45:36,918929546200,725569473962618,wamid.HBgMOTE5NjI1MDE4OTQ4FQIAERgSMUE2NEE0ODBBMUU0MUU0M0M1AA==,917703995601,delivered,2025-06-04 15:45:36,,,,,,
2025-06-04 15:48:48,918929532648,724637984055655,wamid.HBgMOTE5NTQwNTk3NzcwFQIAERgSMTE4QzE3RTQyNTI2NkVCNkI5AA==,917840859812,delivered,2025-06-04 15:48:48,,,,,,
2025-06-04 15:46:47,918929546200,725569473962618,wamid.HBgMOTE4NTg2OTMzMzc4FQIAERgSNjZEN0E5Mzk1MTgwN0I5ODQ4AA==,917703969045,delivered,2025-06-04 15:46:47,,,,,,
2025-06-04 15:50:03,918929532648,724637984055655,wamid.HBgMOTE5ODEwMjM3OTQzFQIAERgSMTRGNTJGNzA0NUY2NURBMEU5AA==,917503858932,delivered,2025-06-04 15:50:03,,,,,,
2025-06-04 15:45:20,918929532648,724637984055655,wamid.HBgMOTE5ODczODE1MTExFQIAERgSMTU0NzhENTk0NzA2MkQxNTY0AA==,919450774250,delivered,2025-06-04 15:45:20,,,,,,
2025-06-04 15:47:36,918929532648,724637984055655,wamid.HBgMOTE3NjY4NzIwNTEzFQIAERgSRERBMTQ0QzI3RkMzNUE3RTFEAA==,918851141100,delivered,2025-06-04 15:47:36,,,,,,
2025-06-04 15:47:28,918929546200,725569473962618,wamid.HBgMOTE3MDQyNDk4NDAyFQIAERgSMzkyMDNDMzE3NjgxQzE4QUY2AA==,919971312474,delivered,2025-06-04 15:47:28,,,,,,
2025-06-04 15:48:35,918929532648,724637984055655,wamid.HBgMOTE3ODM4OTk5NDg0FQIAERgSREUzMzcxM0VFRjczMzg1NzI1AA==,916395409464,delivered,2025-06-04 15:48:35,,,,,,
2025-06-04 15:49:47,918929532648,724637984055655,wamid.HBgMOTE5MjA1MjAwMjM4FQIAERgSQUFFRThGMEU1RkU4QUI3MTI5AA==,918826403624,delivered,2025-06-04 15:49:47,,,,,,
2025-06-04 15:50:10,918929546200,725569473962618,wamid.HBgMOTE4MTc4MDkzNjc1FQIAERgSNENEMEEzRkU2MzY2NjAwN0IyAA==,917678258691,delivered,2025-06-04 15:50:10,,,,,,
2025-06-04 15:48:38,918929546200,725569473962618,wamid.HBgMOTE4MjE4NzQ1NTI1FQIAERgSODYyNzZFMEU4REI3MjQwMERBAA==,919599822904,delivered,2025-06-04 15:48:38,,,,,,
2025-06-04 15:48:55,918929532648,724637984055655,wamid.HBgMOTE4Njk5MDczNDc2FQIAERgSRTM0QjgxQ0Y0OTFEMTJENEEzAA==,918791180511,delivered,2025-06-04 15:48:55,,,,,,
2025-06-04 15:45:39,918929532648,724637984055655,wamid.HBgMOTE5NjQzMDcwODA3FQIAERgSMTAzRUQ0MEM1QTk0Q0UwQkMwAA==,919650261634,delivered,2025-06-04 15:45:39,,,,,,
2025-06-04 15:48:10,918929546200,725569473962618,wamid.HBgMOTE4NTcyMDI3NzI2FQIAERgSMzc5MjVBMzVGRThGNEE4Rjk3AA==,918178507487,delivered,2025-06-04 15:48:10,,,,,,
2025-06-04 15:49:17,918929546200,725569473962618,wamid.HBgMOTE5ODcxOTY4MzA1FQIAERgSRUY0Mjc0OUJFMEQ2N0Q0NDI5AA==,919065351147,delivered,2025-06-04 15:49:17,,,,,,
2025-06-04 15:47:34,918929546200,725569473962618,wamid.HBgMOTE5MjIwMTQ0NTY2FQIAERgSODEyODlENUZDMDQ5NDUyMkY5AA==,919711489499,delivered,2025-06-04 15:47:34,,,,,,
2025-06-04 15:47:01,918929532648,724637984055655,wamid.HBgMOTE5NDc5ODA3ODQ4FQIAERgSQkU1NEM3MzdDNTA0MTMyM0YyAA==,919315259284,delivered,2025-06-04 15:47:01,,,,,,
2025-06-04 15:49:22,918929532648,724637984055655,wamid.HBgMOTE5OTk5NzU1NTYyFQIAERgSRkQwN0E1MTk5MDFCRTI5NzVEAA==,918860573256,delivered,2025-06-04 15:49:22,,,,,,
2025-06-04 15:49:04,918929532648,724637984055655,wamid.HBgMOTE3OTgyNjMwNTA4FQIAERgSNUNGQzZDNzU5RDYzMUY1OTIyAA==,918130220151,delivered,2025-06-04 15:49:04,,,,,,
2025-06-04 15:49:56,919205888736,650615708140466,wamid.HBgMOTE5ODEwNzA3OTgzFQIAERgSNDI4NTNCQjcyQjlGQUZFRkIzAA==,919811261071,delivered,2025-06-04 15:49:56,,,,,,
2025-06-04 15:48:07,918929546200,725569473962618,wamid.HBgMOTE3MDExMjUwMTUyFQIAERgSMDRDODJGNDAyNDAzQjBDNTkzAA==,919667360472,delivered,2025-06-04 15:48:07,,,,,,
2025-06-04 15:45:25,918929546200,725569473962618,wamid.HBgMOTE5NzExNDA0Njk2FQIAERgSOEM5QTU4M0M1ODZCNEIwREZFAA==,919412816305,delivered,2025-06-04 15:45:25,,,,,,
2025-06-04 15:46:24,919205888736,650615708140466,wamid.HBgMOTE5ODc4OTg3OTA2FQIAERgSOTJEQUE4N0Q1QkZCOEVEQ0MxAA==,919650170121,delivered,2025-06-04 15:46:24,,,,,,
2025-06-04 15:46:40,918929546200,725569473962618,wamid.HBgMOTE5OTcxMTE5Nzc4FQIAERgSNDcwRkE2RDY1RkYwMERGQ0M0AA==,919716858151,delivered,2025-06-04 15:46:40,,,,,,
2025-06-04 15:48:58,919205888736,650615708140466,wamid.HBgMOTE4Mjk1NjAyNzY2FQIAERgSRjMxMDhBMDdGQTAyMzREQkYwAA==,919899405386,delivered,2025-06-04 15:48:58,,,,,,
2025-06-04 15:45:56,919205888736,650615708140466,wamid.HBgMOTE5OTk5OTk3NjE4FQIAERgSRjM1NjBFRDRGMkIxN0JENUM1AA==,919319937447,delivered,2025-06-04 15:45:56,,,,,,
2025-06-04 15:46:00,919205888736,650615708140466,wamid.HBgMOTE3MDE1OTc0Njg0FQIAERgSNDdDRDlEMTc0Q0U4Nzg4QURCAA==,919871093183,delivered,2025-06-04 15:46:00,,,,,,
2025-06-04 15:48:00,918929546200,725569473962618,wamid.HBgMOTE5NzExNDA0Njk2FQIAERgSOUUwRkIzQjQ1MjBERUQ0QzREAA==,919891454221,delivered,2025-06-04 15:48:00,,,,,,
2025-06-04 15:49:02,919205888736,650615708140466,wamid.HBgMOTE4NjI3MDg2Mzg5FQIAERgSMTcyNEExODJDQjg4NUJDOTg2AA==,919568889852,delivered,2025-06-04 15:49:02,,,,,,
2025-06-04 15:46:11,918929546200,725569473962618,wamid.HBgMOTE5OTU4MDM2NjM2FQIAERgSREIzN0I2MjZGNDBEOTM5REZFAA==,917011058913,delivered,2025-06-04 15:46:11,,,,,,
2025-06-04 15:45:38,918929532648,724637984055655,wamid.HBgMOTE5ODE1NDQxMzk5FQIAERgSREUwMzg1MjM1MTBERUJFRUMwAA==,917942848469,delivered,2025-06-04 15:45:38,,,,,,
2025-06-04 15:49:23,918929546200,725569473962618,wamid.HBgMOTE5OTcxMTE5NTYyFQIAERgSODgzMzI1QjI2NTUwMDY2ODdFAA==,919870125461,delivered,2025-06-04 15:49:23,,,,,,
2025-06-04 15:45:43,918929532648,724637984055655,wamid.HBgMOTE4MDc3Mjk5MTQ0FQIAERgSQjQ3NzY4ODIxRUM3QzA3OTgyAA==,919953350862,delivered,2025-06-04 15:45:43,,,,,,
2025-06-04 15:49:58,918929546200,725569473962618,wamid.HBgMOTE5MTQ5OTQxMjc4FQIAERgSMUQwNjZGMTYyNDY3MjRBOEM4AA==,919818642701,delivered,2025-06-04 15:49:58,,,,,,
2025-06-04 15:47:13,919205888736,650615708140466,wamid.HBgMOTE3NTAzNTY4ODEwFQIAERgSMDY1NkM1MTFFQTQwQjkyQURFAA==,917599449963,delivered,2025-06-04 15:47:13,,,,,,
2025-06-04 15:49:14,919873744492,657469204124096,wamid.HBgMOTE5NzExMzQwNTA1FQIAERgSMzk4MjVGMUY0NTY4NDQyQzEyAA==,917668453935,delivered,2025-06-04 15:49:14,,,,,,
2025-06-04 15:47:09,918929546200,725569473962618,wamid.HBgMOTE4MjE4NzQ1NTI1FQIAERgSODEyNzk0NzVGQjA5QjA3QTVGAA==,919873462806,delivered,2025-06-04 15:47:09,,,,,,
2025-06-04 15:47:05,919205888736,650615708140466,wamid.HBgMOTE4ODAwOTMxMjA0FQIAERgSMUM4NzcxQ0FGQURBNEE3MEJCAA==,919911618893,delivered,2025-06-04 15:47:05,,,,,,
2025-06-04 15:49:57,918929532648,724637984055655,wamid.HBgMOTE5Nzc5MDgxOTA2FQIAERgSNDM0OEQzM0ZBMDQ5QkNFREIzAA==,919354127603,delivered,2025-06-04 15:49:57,,,,,,
2025-06-04 15:47:46,918929532648,724637984055655,wamid.HBgMOTE5NzE3NTMzNTQyFQIAERgSOTdGQjg5MUQyMjc2MzY1QTYwAA==,918882318228,delivered,2025-06-04 15:47:46,,,,,,
2025-06-04 15:47:37,919205888736,650615708140466,wamid.HBgMOTE4MzczOTMxMDYyFQIAERgSNEYyQzYxQzk2RDdBMEQ2N0MxAA==,918826909992,delivered,2025-06-04 15:47:37,,,,,,
2025-06-04 15:45:42,919205888736,650615708140466,wamid.HBgMOTE5NjI1NTI1Nzk0FQIAERgSNzE5NUFERjA0NTdDMzdFRjg0AA==,917835866302,delivered,2025-06-04 15:45:42,,,,,,
2025-06-04 15:47:29,919205888736,650615708140466,wamid.HBgMOTE5ODA3MDQwODQwFQIAERgSRjhEMEM2RDc4NUYyM0U3MTkyAA==,917289818081,delivered,2025-06-04 15:47:29,,,,,,
2025-06-04 15:45:33,918929627512,679864135212915,wamid.HBgMOTE4Mjg1MDU1MTc2FQIAERgSRTM2QkVFMjRDM0E0OUYxMzNCAA==,917042167602,delivered,2025-06-04 15:45:33,,,,,,
2025-06-04 15:47:20,918929546200,725569473962618,wamid.HBgMOTE4MDc2NzQzNzEyFQIAERgSREU2MjEwMTMxNjFBMThERTc3AA==,916362331440,delivered,2025-06-04 15:47:20,,,,,,
2025-06-04 15:47:14,918929546200,725569473962618,wamid.HBgMOTE5ODEwMjM3OTQzFQIAERgSQjQwREU5M0U5M0U5OEE5ODU4AA==,917383239752,delivered,2025-06-04 15:47:14,,,,,,
2025-06-04 15:45:33,918929546200,725569473962618,wamid.HBgMOTE4NTI3NzIwMDA2FQIAERgSNUIzMjc2NDNGQzhFMzJCMDdCAA==,918920494658,delivered,2025-06-04 15:45:33,,,,,,
2025-06-04 15:48:57,918929532648,724637984055655,wamid.HBgMOTE5ODk5OTA0ODQ0FQIAERgSQkZGNjlBNTRDOTg2NDdBQTgwAA==,917065988509,delivered,2025-06-04 15:48:57,,,,,,
2025-06-04 15:45:18,918929532648,724637984055655,wamid.HBgMOTE5ODMzMTA4NzcwFQIAERgSNEJENzE2RjhGNUVBOUQxRTlDAA==,918076330138,delivered,2025-06-04 15:45:18,,,,,,
2025-06-04 15:45:56,918929546200,725569473962618,wamid.HBgMOTE3ODM4MjQ1NDk0FQIAERgSQzMxOTlCRjNEQTRGMkI3NEQzAA==,917827814058,delivered,2025-06-04 15:45:56,,,,,,
2025-06-04 15:49:32,918929532648,724637984055655,wamid.HBgMOTE5OTkwNzU0ODgzFQIAERgSN0UyNzQ4OUVFMjREOTNBMkUxAA==,919958455258,delivered,2025-06-04 15:49:32,,,,,,
2025-06-04 15:46:38,918929546200,725569473962618,wamid.HBgMOTE5OTU4NTgwODc3FQIAERgSQkM2MDg3QjNCM0Q0N0ZEODBFAA==,917291097272,delivered,2025-06-04 15:46:38,,,,,,
2025-06-04 15:49:30,918929546200,725569473962618,wamid.HBgMOTE5ODE5NDM3NDg5FQIAERgSMjAwODNENTI5MjczMzJCMTlDAA==,918826371694,delivered,2025-06-04 15:49:30,,,,,,
2025-06-04 15:48:43,918929532648,724637984055655,wamid.HBgMOTE2MjgwODY2MDM5FQIAERgSQzk2M0JDNTE0OTdEMEE1RTBDAA==,917838317884,delivered,2025-06-04 15:48:43,,,,,,
2025-06-04 15:50:11,918929546200,725569473962618,wamid.HBgMOTE5ODExNjQyNTYyFQIAERgSQ0MzMEI5OEM1ODc3Nzc4Mzc3AA==,918527210730,delivered,2025-06-04 15:50:11,,,,,,
2025-06-04 15:49:36,919205888736,650615708140466,wamid.HBgMOTE5MTQ5MDUxMTQ1FQIAERgSQzE5RUIzNkQyMUY5RjkwM0RDAA==,919818163996,delivered,2025-06-04 15:49:36,,,,,,
2025-06-04 15:47:20,918929546200,725569473962618,wamid.HBgMOTE4MjkwNDk4OTc5FQIAERgSMUMxRUY0ODE2NTg2M0MzMUU0AA==,919643868423,delivered,2025-06-04 15:47:20,,,,,,
2025-06-04 15:49:44,919205888736,650615708140466,wamid.HBgMOTE5NzExNjE4MDgwFQIAERgSMURGQzFGQzAwOTYyNUQ1NTI2AA==,919650102948,delivered,2025-06-04 15:49:44,,,,,,
2025-06-04 15:46:13,918929546200,725569473962618,wamid.HBgMOTE5ODIxOTkzOTY5FQIAERgSOTQyNUUyRDczMDZCQUJBODQ5AA==,918082845671,delivered,2025-06-04 15:46:13,,,,,,
2025-06-04 15:48:44,918929532648,724637984055655,wamid.HBgMOTE4MDkzMzc3NDYzFQIAERgSRUZGNzNGMjg1M0NCMDhDRjc0AA==,919719102812,delivered,2025-06-04 15:48:44,,,,,,
2025-06-04 15:47:54,918929546200,725569473962618,wamid.HBgMOTE4ODc5ODAwNDA0FQIAERgSNjBFMEQyMjMzNjc2RDM1QzYzAA==,919354138774,delivered,2025-06-04 15:47:54,,,,,,
2025-06-04 15:47:40,918929532648,724637984055655,wamid.HBgMOTE3MDQyODE2MzYwFQIAERgSRjgwNEZDNTc4RkUyMzQyOUFDAA==,919871664933,delivered,2025-06-04 15:47:40,,,,,,
2025-06-04 15:48:01,918929546200,725569473962618,wamid.HBgMOTE5ODEwMzQ3OTIxFQIAERgSODI3NTQzQzczNzg0MjAzMTM4AA==,917982640572,delivered,2025-06-04 15:48:01,,,,,,
2025-06-04 15:47:05,918929546200,725569473962618,wamid.HBgMOTE5ODkxMTI4MDA5FQIAERgSRkQzRDIwNjdENDkyRUZEMUZGAA==,919810302814,delivered,2025-06-04 15:47:05,,,,,,
2025-06-04 15:45:49,918929546200,725569473962618,wamid.HBgMOTE3MjY4MDA2Nzk5FQIAERgSODg3RjU3OERCOTgzMzgxQUEyAA==,918234079835,delivered,2025-06-04 15:45:49,,,,,,
2025-06-04 15:47:32,918929546200,725569473962618,wamid.HBgMOTE5ODczNDMxODAxFQIAERgSN0U4MkRDMjAzMzEzOEI4QzgyAA==,919911274850,delivered,2025-06-04 15:47:32,,,,,,
2025-06-04 15:48:54,919205888736,650615708140466,wamid.HBgMOTE4NzQzODEyODAwFQIAERgSRjAzNjZGNzk3NDJFRTIyNDgzAA==,919958100609,delivered,2025-06-04 15:48:54,,,,,,
2025-06-04 15:46:17,918929532648,724637984055655,wamid.HBgMOTE5OTU4NzI0NDQyFQIAERgSQ0E3NEYxNzY3QjIyQ0RDMkRGAA==,917905973686,delivered,2025-06-04 15:46:17,,,,,,
2025-06-04 15:48:52,918929546200,725569473962618,wamid.HBgMOTE5OTU4MjA0MDE4FQIAERgSREQ3OEZGRjU3N0Y0NzFBM0JBAA==,917676254644,delivered,2025-06-04 15:48:52,,,,,,
2025-06-04 15:50:06,918929546200,725569473962618,wamid.HBgMOTE3MDExMjUwMTUyFQIAERgSOEFDMjIzQTc0ODRGQ0M4OTMzAA==,919870691947,delivered,2025-06-04 15:50:06,,,,,,
2025-06-04 15:48:55,918929546200,725569473962618,wamid.HBgMOTE5NjgyMzI1MzQ0FQIAERgSQTVCODY4NTYxMjlDNzUzMUZGAA==,919312572964,delivered,2025-06-04 15:48:55,,,,,,
2025-06-04 15:46:15,918929546200,725569473962618,wamid.HBgMOTE5OTk5MjE5MDU5FQIAERgSRTg2MDZBMDdFNEI4OTMwNjUwAA==,918742994857,delivered,2025-06-04 15:46:15,,,,,,
2025-06-04 15:49:15,918929546200,725569473962618,wamid.HBgMOTE4OTI4MjE3ODk0FQIAERgSMTk0MTgwMjUxODRGNTQ2MUE2AA==,919899101438,delivered,2025-06-04 15:49:15,,,,,,
2025-06-04 15:47:02,919205888736,650615708140466,wamid.HBgMOTE4ODczMDk2NTQ5FQIAERgSODc4OTlGMzgwN0YwRkNGMDExAA==,919643115421,delivered,2025-06-04 15:47:02,,,,,,
2025-06-04 15:48:23,919205888736,650615708140466,wamid.HBgMOTE4NjUwMDAyMjAyFQIAERgSQkM5NzdCNTMwNjJENjBCNjkwAA==,917065425924,delivered,2025-06-04 15:48:23,,,,,,
2025-06-04 15:49:39,919873744492,657469204124096,wamid.HBgMOTE5NzExMzQwNTA1FQIAERgSMDlGNzBEQkNEQkRCOTcxQkE2AA==,919654123896,delivered,2025-06-04 15:49:39,,,,,,
2025-06-04 15:47:56,918929546200,725569473962618,wamid.HBgMOTE2Mzc1MDY1NjA1FQIAERgSOTRFQjRERTY0MjQ0QTcyRThFAA==,916398683396,delivered,2025-06-04 15:47:56,,,,,,
2025-06-04 15:49:20,918929532648,724637984055655,wamid.HBgMOTE4ODYwMjAyMDAwFQIAERgSQUQ1NDIyQkZBOUZDMDY2Q0FGAA==,917668907053,delivered,2025-06-04 15:49:20,,,,,,
2025-06-04 15:47:40,919205888736,650615708140466,wamid.HBgMOTE4MjA3MDIzOTQ5FQIAERgSMTRCRTI1QUYwNjcyQzA3Nzk5AA==,919953782040,delivered,2025-06-04 15:47:40,,,,,,
2025-06-04 15:48:05,918929532648,724637984055655,wamid.HBgMOTE4ODI0OTMyNDU4FQIAERgSNkY4QUVGOEVBNEE0MzY1QkE2AA==,919871106752,delivered,2025-06-04 15:48:05,,,,,,
2025-06-04 15:46:23,918929546200,725569473962618,wamid.HBgMOTE4ODE2OTUwMDI3FQIAERgSNTk4MjdCMjAyNjM4REFCRENEAA==,919999480510,delivered,2025-06-04 15:46:23,,,,,,
2025-06-04 15:46:03,919205888736,650615708140466,wamid.HBgMOTE5MDY0MTEwNzI2FQIAERgSMTlFRDJFQ0FEOUU4QTVCRDMyAA==,919213708000,delivered,2025-06-04 15:46:03,,,,,,
2025-06-04 15:46:15,918929532648,724637984055655,wamid.HBgMOTE5NzE3NTMzNTQyFQIAERgSRUEyM0ZFRDYwNTRFN0Q1MThCAA==,918076587915,delivered,2025-06-04 15:46:15,,,,,,
2025-06-04 15:50:09,918929532648,724637984055655,wamid.HBgMOTE5ODEwMzQ3OTIxFQIAERgSRTA3MDg3QjU2MTEyMEJDM0MyAA==,919761827434,delivered,2025-06-04 15:50:09,,,,,,
2025-06-04 15:49:00,918929546200,725569473962618,wamid.HBgMOTE5ODUwODMxMjAyFQIAERgSMjE0RUYzRTU3MkE2NzY3MEM0AA==,919818665294,delivered,2025-06-04 15:49:00,,,,,,
2025-06-04 15:47:11,918929546200,725569473962618,wamid.HBgMOTE5ODczMDA4MjIyFQIAERgSQjRGNzZENTZFRjlBMEVBMjkwAA==,919580975775,delivered,2025-06-04 15:47:11,,,,,,
2025-06-04 15:48:36,919205888736,650615708140466,wamid.HBgMOTE4MTMwMzIyNTY0FQIAERgSQzhERUMzRDk3QkNDQzIzQzA0AA==,919971913615,delivered,2025-06-04 15:48:36,,,,,,
2025-06-04 15:49:45,918929532648,724637984055655,wamid.HBgMOTE2MjY0ODU1ODI3FQIAERgSNzExRTE1NDdDQkI5QkEyQzNEAA==,919540688752,delivered,2025-06-04 15:49:45,,,,,,
2025-06-04 15:50:05,919205888736,650615708140466,wamid.HBgMOTE5OTUzNjg0NzMzFQIAERgSQzJFMDcxOTc2MkNDMTQ3MkNEAA==,917678108510,delivered,2025-06-04 15:50:05,,,,,,
2025-06-04 15:49:14,918929546200,725569473962618,wamid.HBgMOTE5NTk5NTA1NjAwFQIAERgSOTY0NThGQkU3NTlFODA5MDI4AA==,919560156508,delivered,2025-06-04 15:49:14,,,,,,
2025-06-04 15:48:56,919205888736,650615708140466,wamid.HBgMOTE5MjA1NDUzNTQzFQIAERgSODQzNTY4Mjg4OUQzOTg1QkMyAA==,918802224273,delivered,2025-06-04 15:48:56,,,,,,
2025-06-04 15:45:42,918929546200,725569473962618,wamid.HBgMOTE5NTgyODI0MzMxFQIAERgSMDBCNzFENTkzREQ3MDdBNzk5AA==,919650569205,delivered,2025-06-04 15:45:42,,,,,,
2025-06-04 15:46:39,918929532648,724637984055655,wamid.HBgMOTE5ODkxMjI2OTE1FQIAERgSNzY3RTFCMUZCMjczQ0M4RDM5AA==,919650715849,delivered,2025-06-04 15:46:39,,,,,,
2025-06-04 15:45:39,918929627512,679864135212915,wamid.HBgMOTE5NzExMzQwNTA1FQIAERgSQUQ1MkQzMzZERkQ5M0MzNEYwAA==,919540826565,delivered,2025-06-04 15:45:39,,,,,,
2025-06-04 15:46:48,919205888736,650615708140466,wamid.HBgMOTE3MDE1OTc0Njg0FQIAERgSRUU0OTNBNzlENzI2RTI2REI2AA==,919873133978,delivered,2025-06-04 15:46:48,,,,,,
2025-06-04 15:49:19,918929546200,725569473962618,wamid.HBgMOTE4NzU1MTA1MjUyFQIAERgSNTJBRThBRTFBRjBBNUI5RkVFAA==,919716559686,delivered,2025-06-04 15:49:19,,,,,,
2025-06-04 15:45:43,918929532648,724637984055655,wamid.HBgMOTE5NjY3NjE5MTgwFQIAERgSM0ZFMzFFNDZFNDZBQjE3NjNFAA==,917942848390,delivered,2025-06-04 15:45:43,,,,,,
2025-06-04 15:48:35,918929546200,725569473962618,wamid.HBgMOTE4MTc4MDkzNjc1FQIAERgSNzcxMjQzRTRCMjlBRTFGQzc4AA==,919711516737,delivered,2025-06-04 15:48:35,,,,,,
